{
  "type": "tacz:gun_smith_table_crafting",
  "materials": [
    {
      "item": {
        "item": "minecraft:honeycomb"
      },
      "count": 32
    },
    {
      "item": {
        "tag": "forge:dyes/lime"
      },
      "count": 10
    },
    {
      "item": {
        "tag": "forge:dyes/yellow"
      },
      "count": 15
    },
    {
      "item": {
        "tag": "forge:gems/diamond"
      },
      "count": 3
    },
    {
      "item": {
        "tag": "forge:ingots/gold"
      },
      "count": 5
    },
    {
      "item": {
        "tag": "forge:ingots/netherite"
      },
      "count": 1
    },
    {
      "item": {
        "item": "minecraft:dragon_head"
      },
      "count": 1
    },
    {
      "item": {
        "type": "forge:partial_nbt",
        "item": "tacz:modern_kinetic_gun",
        "nbt": {
          "GunId": "mcs2:cs_awp"
        },
        "count": 1
      }
    }
  ],
  "result": {
    "type": "gun",
    "id": "mcs2:cs_awp_dragon_lore",
    "count": 1
  }
}