{
  "type": "tacz:gun_smith_table_crafting",
  "materials": [
    {
      "item": {
        "item": "minecraft:oak_log"
      },
      "count": 3
    },
    {
      "item": {
        "tag": "forge:ingots/iron"
      },
      "count": 27
    },
    {
      "item": {
        "tag": "forge:gems/diamond"
      },
      "count": 1
    },
    {
      "item": {
        "tag": "forge:ingots/gold"
      },
      "count": 3
    }
  ],
  "result": {
    "type": "gun",
    "id": "mcs2:cs_ak",
    "count": 1
  }
}