{
  "type": "tacz:gun_smith_table_crafting",
  "materials": [
    {
      "item": {
        "item": "minecraft:honeycomb"
      },
      "count": 32
    },
    {
      "item": {
        "tag": "forge:dyes/light_blue"
      },
      "count": 16
    },
    {
      "item": {
        "tag": "forge:gems/diamond"
      },
      "count": 32
    },
    {
      "item": {
        "item": "minecraft:quartz"
      },
      "count": 16
    },
    {
      "item": {
        "type": "forge:partial_nbt",
        "item": "tacz:modern_kinetic_gun",
        "nbt": {
          "GunId": "mcs2:cs_ak"
        },
        "count": 1
      }
    }
  ],
  "result": {
    "type": "gun",
    "id": "mcs2:cs_ak_vulcan",
    "count": 1
  }
}