{
  "type": "tacz:gun_smith_table_crafting",
  "materials": [
    {
      "item": {
        "item": "minecraft:honeycomb"
      },
      "count": 32
    },
    {
      "item": {
        "tag": "forge:ingots/gold"
      },
      "count": 100
    },
    {
      "item": {
        "type": "forge:partial_nbt",
        "item": "tacz:modern_kinetic_gun",
        "nbt": {
          "GunId": "mcs2:cs_m4a1s"
        }
      },
      "count": 1
    }
  ],
  "result": {
    "type": "gun",
    "id": "mcs2:cs_m4a1s_knight",
    "attachments": {
      "muzzle": "mcs2:m4a1s_silencer"
    },
    "count": 1
  }
}