{
  "type": "tacz:gun_smith_table_crafting",
  "materials": [
    {
      "item": {
        "item": "minecraft:honeycomb"
      },
      "count": 32
    },
    {
      "item": {
        "tag": "forge:dyes/yellow"
      },
      "count": 16
    },
    {
      "item": {
        "tag": "forge:dyes/red"
      },
      "count": 32
    },
    {
      "item": {
        "item": "minecraft:blaze_powder"
      },
      "count": 16
    },
    {
      "item": {
        "item": "minecraft:glowstone_dust"
      },
      "count": 16
    },
    {
      "item": {
        "type": "forge:partial_nbt",
        "item": "tacz:modern_kinetic_gun",
        "nbt": {
          "GunId": "mcs2:cs_m4a1s"
        }
      },
      "count": 1
    }
  ],
  "result": {
    "type": "gun",
    "id": "mcs2:cs_m4a1s_chantico_fire",
    "attachments": {
      "muzzle": "mcs2:m4a1s_silencer_chantico_fire"
    },
    "count": 1
  }
}