{
  "type": "tacz:gun_smith_table_crafting",
  "materials": [
    {
      "item": {
        "item": "minecraft:honeycomb"
      },
      "count": 32
    },
    {
      "item": {
        "tag": "forge:dyes/white"
      },
      "count": 16
    },
    {
      "item": {
        "item": "minecraft:quartz"
      },
      "count": 32
    },
    {
      "item": {
        "item": "minecraft:prismarine_shard"
      },
      "count": 16
    },
    {
      "item": {
        "tag": "forge:gems/diamond"
      },
      "count": 20
    },
    {
      "item": {
        "tag": "forge:dyes/pink"
      },
      "count": 4
    },
    {
      "item": {
        "type": "forge:partial_nbt",
        "item": "tacz:modern_kinetic_gun",
        "nbt": {
          "GunId": "mcs2:cs_m4a1s"
        }
      },
      "count": 1
    }
  ],
  "result": {
    "type": "gun",
    "id": "mcs2:cs_m4a1s_printstream",
    "attachments": {
      "muzzle": "mcs2:m4a1s_silencer_printstream"
    },
    "count": 1
  }
}