{
  "type": "tacz:gun_smith_table_crafting",
  "materials": [
    {
      "item": {
        "tag": "forge:dyes/green"
      },
      "count": 4
    },
    {
      "item": {
        "tag": "forge:dyes/brown"
      },
      "count": 4
    },
    {
      "item": {
        "type": "forge:partial_nbt",
        "item": "tacz:attachment",
        "nbt": {
          "AttachmentId": "mcs2:m4a1s_silencer"
        }
      },
      "count": 1
    }
  ],
  "result": {
    "type": "attachment",
    "id": "mcs2:m4a1s_silencer_emphorosaur_s"
  }
}