{
  "type": "tacz:gun_smith_table_crafting",
  "materials": [
    {
      "item": {
        "tag": "forge:ingots/copper"
      },
      "count": 4
    },
    {
      "item": {
        "tag": "forge:ingots/gold"
      },
      "count": 4
    },
    {
      "item": {
        "item": "minecraft:blaze_powder"
      },
      "count": 1
    },
    {
      "item": {
        "type": "forge:partial_nbt",
        "item": "tacz:attachment",
        "nbt": {
          "AttachmentId": "mcs2:m4a1s_silencer"
        }
      },
      "count": 1
    }
  ],
  "result": {
    "type": "attachment",
    "id": "mcs2:m4a1s_silencer_atomic_alloy"
  }
}