{

  "ammo": "tacz:762x39",

  "ammo_amount": 30,
  

  "bolt": "open_bolt",

  "rpm": 600,

  "bullet": {

    "life": 0.8,

    "bullet_amount": 1,

    "damage": 5.5,
   
    "tracer_count_interval": 0,
  
    "extra_damage": {
    
      "armor_ignore": 0.9,
    
      "head_shot_multiplier": 5,
   
      "damage_adjust": [
        {"distance": 25, "damage": 5.5},  
        {"distance": "infinite", "damage": 5.5}
      ]
    },
 
    "speed": 360,

    "gravity": 0,

    "knockback": 0,
   
    "friction": 0,

    "ignite": {

      "entity": false,
   
      "block": false
    },

    "ignite_entity_time": 2,

    "pierce": 1

  },
 
  "reload": {

    "type": "magazine",

    "feed": {
   
      "empty": 1.175,
   
      "tactical": 1.175
    },

    "cooldown": {
  
      "empty": 2.32,

      "tactical": 2.32
    }
  },
 
  "draw_time": 0.99,
  
  "put_away_time": 0,

  "aim_time": 0.2,
  "sprint_time": 0,

  "weight": 1.25,

  "movement_speed": {
  
    "base": 0.0,
   
    "aim": 0.0,
  
    "reload": 0.0
  },

  "fire_mode": [
   
    "auto"
    
  ],

 
  "crawl_recoil_multiplier": 0.5,
 
  "recoil": {
    "pitch": [
      {"time": 0, "value": [1.8, 1.8]},
      {"time": 0.05, "value": [1.0, 1.0]},
      {"time": 0.08, "value": [0.8, 0.8]}

    ],
    "yaw": [
      {"time": 0, "value": [0, 0.0]},
      {"time": 0.02, "value": [-0.1, 0.5]}
     
    ]
  },

  "hurt_bob_tweak_multiplier": 0.13,

  "inaccuracy": {
    "stand": 0,
    "move": 12,
    "sneak": 0,
    "lie": 9,
    "aim": 4.5
  },
 
 

  "allow_attachment_types": [

  ]

}
