{
  "ammo": "tacz:338",
  "ammo_amount": 5,

  "bolt": "open_bolt",
  "rpm": 40,
  "bullet": {
    "life": 0.9,
    "bullet_amount": 1,
    "damage": 40,
    "tracer_count_interval": 0,
    "extra_damage": {
      "armor_ignore": 0.5,
      "head_shot_multiplier": 2.25,
      "damage_adjust": [
        {"distance": 80, "damage": 40},
        {"distance": "infinite", "damage": 40}
      ]
    },
    "speed": 600,
    "gravity": 0.02,
    "knockback": 0,
    "friction": 0.003,
    "ignite": false,
    "pierce": 5
 
  },
  "reload": {
    "type": "magazine",
    "feed": {
      "empty": 2.03,
      "tactical": 2.03
    },
    "cooldown": {
      "empty": 3.39,
      "tactical": 3.39
    }
  },
  "draw_time": 1.19,
  "put_away_time": 0.01,
  "aim_time": 0.15,
  "sprint_time": 0,
  "bolt_action_time": 1.3,
  "weight": 6.8,
  "movement_speed": {
    "base": -0.1,
    "aim": -0.6,
    "reload": -0.1
  },
  "crawl_recoil_multiplier": 0.25,
  "fire_mode": [
    "semi"
  ],
  "recoil": {
    "pitch": [
      {"time": 0, "value": [5, 5]},
      {"time": 0.08, "value": [4.5,4.5]},
      {"time": 0.14, "value": [3.5, 3.5]},
      {"time": 0.20, "value": [2.5, 2.5]},
      {"time": 0.26, "value": [1.5, 1.5]},
      {"time": 0.32, "value": [0.5, 0.5]},
      {"time": 0.38, "value": [0,0]}
    ],
    "yaw": [
      {"time": 0, "value": [-0.9,0.9]},
      {"time": 0.38, "value": [0, 0]}
    ]
  },
  "inaccuracy": {
    "stand": 12,
    "move": 18,
    "sneak": 6,
    "lie": 15,
    "aim": 0.05
  },

  "allow_attachment_types": [
    "scope"
    
  ],

  "builtin_attachments": {
    "scope": "mcs2:awp_scope_dragon_lore"
  },

  "hurt_bob_tweak_multiplier": 0.13
 
}