{
  "ammo": "tacz:45acp",
  "rpm": 352,
  "bullet": {
    "life": 0.8,
    "bullet_amount": 1,
    "damage": 5.2,
 
    "extra_damage": {
      "armor_ignore": 0.8,
      "head_shot_multiplier": 4,
      "damage_adjust": [
        {"distance": 20, "damage": 5.2},
        {"distance": 45, "damage": 4.8},
        {"distance": "infinite", "damage": 4.6}
      ]
    },
    "speed": 360,
    "gravity": 0.048,
    "knockback": 0,
    "friction": 0.025,
    "ignite": false,
    "pierce": 1
  },
  "ammo_amount": 12,
  "extended_mag_ammo_amount": [
    14,
    16,
    19
  ],
  "bolt": "open_bolt",
  "reload": {
    "type": "magazine",
    "feed": {
      "empty": 0.79,
      "tactical": 0.79
    },
    "cooldown": {
      "empty": 2,
      "tactical": 2
    }
  },
  "draw_time": 0.86,
  "put_away_time": 0,
  "aim_time": 0.17,
  "sprint_time": 0,
  "movement_speed": {
    "base": 0.0,
    "aim": 0,
    "reload": 0.0
  },
  "fire_mode": [
    "semi"
  ],
  "allow_attachment_types": [
    "muzzle"
  ],

  "recoil": {
    "pitch": [
      {"time": 0, "value": [1.3,1.5]},
      {"time": 0.06, "value": [0.86, 0.89]},  
      {"time": 0.12, "value": [0.05, 0.05]},
      {"time": 0.18, "value": [0, 0]}
    ],
    "yaw": [
      {"time": 0, "value": [-0.2, 0.2]},
      {"time": 0.23, "value": [0.1, 0.1]}
    ]
  },

  
  "inaccuracy": {
    "stand": 0,
    "move": 5.5,
    "sneak": 0,
    "lie": 9,
    "aim": 6.8
  },
  
"hurt_bob_tweak_multiplier": 0.13

}
  
