{
  "ammo": "mcs2:melee_weapon",
  "rpm": 666,
  "bullet": {
    "life": 0.01,
    "bullet_amount": 1,
    "damage": 13,
    "tracer_count_interval": 0,
    "extra_damage": {
      "armor_ignore": 0,
      "head_shot_multiplier": 0,
      "damage_adjust": [
        {"distance": "infinite", "damage": 13}
      ]
    },
    "speed": 0.1,
    "gravity": 0.01,
    "knockback": 0,
    "friction": 0.025,
    "ignite": false,
    "pierce": 1
  },
  "ammo_amount": 1,

  "bolt": "open_bolt",
  "reload": {
    "type": "magazine",
    "feed": {
      "empty": 0.01,
      "tactical": 0.01
    },
    "cooldown": {
      "empty": 0.1,
      "tactical": 0.1
    }
  },
  "draw_time": 0.87,
  "put_away_time": 0,
  "aim_time": 0.17,
  "sprint_time": 1,
  "weight": 0,
  "movement_speed": {
    "base": 0.0,
    "aim": 0,
    "reload": 0.0
  },
  "crawl_recoil_multiplier": 0.75,
  "fire_mode": [
    "semi"
  
  ],

  "allow_attachment_types": [
  
  ],
  "recoil": {
    "pitch": [

      {"time": 0.03, "value": [0.43, 0.46]},
      {"time": 0.09, "value": [0.08, 0.08]},
      {"time": 0.15, "value": [0, 0]}
    ],
    "yaw": [

      {"time": 0.45, "value": [-0.3, 0.3]}
    ]
  },
  "inaccuracy": {
    "stand": 0.3,
    "move": 2.2,
    "sneak": 0.3,
    "lie": 9,
    "aim": 2.5
  },

  "melee": {
    
    "distance": 1.4,
   
    "cooldown": 1.02,
   
    "default": {
   
      "animation_type": "melee_push",  
      "distance": 0,
      "range_angle": 40,
      "cooldown": 0,
      "damage": 13,
      "knockback": 0,
      "prep": 0
    }
  },

  "hurt_bob_tweak_multiplier": 0.05
}