{
   
    "model": "mcs2:gun/cs_usp_stainless_geo",
   
    "texture": "mcs2:gun/uv/cs_usp_stainless",
   
    "slot": "mcs2:gun/slot/cs_usp_stainless",
   
    "hud": "mcs2:gun/hud/cs_usp",
      
    "animation": "mcs2:cs_usp",
   
    "use_default_animation": "pistol",

    "player_animator_3rd": "tacz:pistol_default.player_animation",

       
          
    "shell": {
       
        "initial_velocity": [5, 2, 1],
       
        "random_velocity": [1, 1, 0.25],
       
        "acceleration": [0.0, -10, 0.0],
       
        "angular_velocity": [360, -1200, 90],
      
        "living_time": 1.0
    },

    
    

    "sounds": {
        "shoot": "mcs2:cs_usp/usp_unsilenced_01",
        "shoot_3p": "mcs2:cs_usp/usp_unsilenced_3p",
        "dry_fire": "mcs2:clipempty_pistol",
        "reload_tactical": "mcs2:cs_usp/cs_usp_reload",
        "reload_empty": "mcs2:cs_usp/cs_usp_reload",
        "silence": "mcs2:cs_usp/usp_01",
        "silence_3p": "mcs2:cs_usp/usp_3p",
        "draw": "mcs2:cs_usp/cs_usp_draw",
        "inspect": "mcs2:cs_usp/cs_usp_inspect",
        "head_hit":"mcs2:headshot_armor_e1",
        "flesh_hit":"mcs2:kevlar3",
        "kill":"mcs2:headshot_noarmor_02"
    },

    "muzzle_flash": {
       
        "texture": "tacz:flash/common_muzzle_flash",
       
        "scale": 0.4
      },
    
    "transform": {
        "scale": {
            
            "thirdperson": [
                0.6,
                0.6,
                0.6
            ],
            
            "ground": [
                0.6,
                0.6,
                0.6
            ],
           
            "fixed": [
                1.2,
                1.2,
                1.2
            ]
        }
    },

    "offhand_show": {
        "pos": [4, 11, 2],
        "rotate": [-90, -35, 90],
        "scale": [0.5, 0.5, 0.5]
      },
      "hotbar_show": {
        "0": {
         "pos": [4, 11, 2],
         "rotate": [-90, -35, 90],
         "scale": [0.5, 0.5, 0.5]
        }
      },
     
    "third_person_animation": "default"
}