{
  "model": "mcs2:gun/ct_knife_geo",
  "texture": "mcs2:gun/uv/ct_knife",
  
  "hud": "mcs2:gun/hud/ct_knife",
  "slot": "mcs2:gun/slot/ct_knife",

  "animation": "mcs2:ct_knife",
  "player_animator_3rd": "tacz:pistol_default.player_animation",
  "transform": {
    "scale": {
      "thirdperson": [0.6, 0.6, 0.6],
      "ground": [0.6, 0.6, 0.6],
      "fixed": [1.2, 1.2, 1.2]
    }
  },
  "shell": {
    "initial_velocity": [8.0, 5.0, -0.5],
    "random_velocity": [2.5, 1.5, 0.25],
    "acceleration": [0.0, -20, 0.0],
    "angular_velocity": [360, -720, 90],
    "living_time": 1.0
  },
  "muzzle_flash": {
    "texture": "tacz:flash/common_muzzle_flash",
    "scale": 0.4
  },
  "sounds": {
    "inspect": "mcs2:knife/knife_inspect",
    "inspect_empty": "mcs2:knife/knife_inspect",
    "draw": "mcs2:knife_deploy",
    "dry_fire":"",
    "head_hit":"mcs2:knife_hit",
    "flesh_hit":"mcs2:knife_hit",
    "kill":"mcs2:knife_stab",
 

    "melee_push": "mcs2:knife_slash"
  },
  "offhand_show": {
    "pos": [-4.5, 9, 1],
    "rotate": [90, 75, 90],
    "scale": [0.5, 0.5, 0.5]
  },
  "hotbar_show": {
    "0": {
      "pos": [-4.5, 9, 1],
    "rotate": [90, 75, 90],
    "scale": [0.5, 0.5, 0.5]
    }
  }
}