{
	"format_version": "1.8.0",
	"animations": {
		"draw": {
			"loop": "hold_on_last_frame",
			"animation_length": 1.2167,
			"bones": {
				"root": {
					"rotation": {
						"0.0": [25.5, 0, 0],
						"0.0167": [25.5, 0, 0.03],
						"0.0333": [25.51, 0, 0.13],
						"0.05": [25.51, 0, 0.32],
						"0.0667": [25.46, 0, 0.65],
						"0.0833": [25.24, 0, 1.13],
						"0.1": [24.92, 0, 1.68],
						"0.1167": [24.59, 0, 2.16],
						"0.1333": [24.28, 0, 2.49],
						"0.15": [23.97, 0, 2.68],
						"0.1667": [23.67, 0, 2.78],
						"0.1833": [23.39, 0, 2.81],
						"0.2": [22.98, 0, 2.82],
						"0.2167": [22.34, 0, 2.82],
						"0.2333": [21.44, 0, 2.84],
						"0.25": [20.25, 0, 2.85],
						"0.2667": [18.78, 0, 2.87],
						"0.2833": [17.02, 0, 2.89],
						"0.3": [15.01, 0, 2.91],
						"0.3167": [12.79, 0, 2.93],
						"0.3333": [10.45, 0, 2.95],
						"0.35": [8.08, 0, 2.97],
						"0.3667": [5.79, 0, 2.98],
						"0.3833": [3.67, 0, 3],
						"0.4": [1.78, 0, 3.01],
						"0.4167": [0.17, 0, 3.01],
						"0.4333": [-1.17, 0, 3.01],
						"0.45": [-2.23, 0, 3.01],
						"0.4667": [-3.02, 0, 2.99],
						"0.4833": [-3.56, 0, 2.97],
						"0.5": [-3.88, 0, 2.93],
						"0.5167": [-4, 0, 2.88],
						"0.5333": [-3.98, 0.02, 2.77],
						"0.55": [-3.89, 0.08, 2.63],
						"0.5667": [-3.72, 0.17, 2.47],
						"0.5833": [-3.5, 0.28, 2.28],
						"0.6": [-3.22, 0.41, 2.09],
						"0.6167": [-2.89, 0.54, 1.88],
						"0.6333": [-2.52, 0.69, 1.67],
						"0.65": [-2.1, 0.85, 1.46],
						"0.6667": [-1.64, 1.01, 1.24],
						"0.6833": [-1.15, 1.17, 1.03],
						"0.7": [-0.62, 1.34, 0.81],
						"0.7167": [-0.06, 1.5, 0.6],
						"0.7333": [0.52, 1.67, 0.39],
						"0.75": [1.13, 1.84, 0.18],
						"0.7667": [1.75, 2, -0.02],
						"0.7833": [2.39, 2.15, -0.21],
						"0.8": [3.04, 2.3, -0.4],
						"0.8167": [3.7, 2.44, -0.57],
						"0.8333": [4.35, 2.56, -0.73],
						"0.85": [4.98, 2.67, -0.87],
						"0.8667": [5.57, 2.76, -0.98],
						"0.8833": [6.06, 2.82, -1.06],
						"0.9": [6.29, 2.84, -1.09],
						"0.9167": [6.05, 2.82, -1.08],
						"0.9333": [5.68, 2.74, -1.05],
						"0.95": [5.25, 2.63, -1.01],
						"0.9667": [4.79, 2.48, -0.95],
						"0.9833": [4.33, 2.31, -0.88],
						"1.0": [3.86, 2.11, -0.8],
						"1.0167": [3.4, 1.89, -0.71],
						"1.0333": [2.94, 1.66, -0.62],
						"1.05": [2.5, 1.42, -0.54],
						"1.0667": [2.08, 1.19, -0.45],
						"1.0833": [1.68, 0.96, -0.36],
						"1.1": [1.3, 0.74, -0.28],
						"1.1167": [0.96, 0.54, -0.2],
						"1.1333": [0.65, 0.36, -0.14],
						"1.15": [0.39, 0.21, -0.08],
						"1.1667": [0.19, 0.1, -0.04],
						"1.1833": [0.05, 0.03, -0.01],
						"1.2": [0, 0, 0]
					},
					"position": {
						"0.0": [0, -24.7, -9.55],
						"0.0167": [0, -21.81, -9.12],
						"0.0333": [0, -19.27, -8.55],
						"0.05": [0, -16.92, -7.87],
						"0.0667": [0, -14.74, -7.14],
						"0.0833": [0, -12.71, -6.36],
						"0.1": [0, -10.82, -5.57],
						"0.1167": [0, -9.06, -4.76],
						"0.1333": [0, -7.44, -3.96],
						"0.15": [0, -5.96, -3.17],
						"0.1667": [0, -4.61, -2.4],
						"0.1833": [0, -3.39, -1.66],
						"0.2": [0, -2.31, -0.96],
						"0.2167": [0, -1.36, -0.3],
						"0.2333": [0, -0.57, 0.3],
						"0.25": [0, 0.09, 0.83],
						"0.2667": [0, 0.59, 1.27],
						"0.2833": [0, 0.94, 1.62],
						"0.3": [0, 1.12, 1.84],
						"0.3167": [0, 1.14, 1.91],
						"0.3333": [0, 1.07, 1.89],
						"0.35": [0, 1, 1.88],
						"0.3667": [0, 0.93, 1.88],
						"0.3833": [0, 0.85, 1.88],
						"0.4": [0, 0.77, 1.88],
						"0.4167": [0, 0.69, 1.89],
						"0.4333": [0, 0.61, 1.89],
						"0.45": [0, 0.53, 1.9],
						"0.4667": [0, 0.45, 1.92],
						"0.4833": [0, 0.36, 1.93],
						"0.5": [0, 0.27, 1.93],
						"0.5167": [0, 0.18, 1.94],
						"0.5333": [0, 0.09, 1.94],
						"0.55": [0, 0, 1.94],
						"0.5667": [0, -0.09, 1.94],
						"0.5833": [0, -0.18, 1.93],
						"0.6": [0, -0.25, 1.91],
						"0.6167": [0, -0.25, 1.87],
						"0.6333": [0, -0.21, 1.81],
						"0.65": [0, -0.16, 1.73],
						"0.6667": [0, -0.11, 1.62],
						"0.6833": [0, -0.05, 1.51],
						"0.7": [0, 0.01, 1.38],
						"0.7167": [0, 0.07, 1.24],
						"0.7333": [0, 0.13, 1.1],
						"0.75": [0, 0.2, 0.95],
						"0.7667": [0, 0.26, 0.8],
						"0.7833": [0, 0.33, 0.65],
						"0.8": [0, 0.4, 0.5],
						"0.8167": [0, 0.46, 0.37],
						"0.8333": [0, 0.53, 0.24],
						"0.85": [0, 0.59, 0.14],
						"0.8667": [0, 0.65, 0.09],
						"0.8833": [0, 0.69, 0.13],
						"0.9": [0, 0.66, 0.21],
						"0.9167": [0, 0.62, 0.24],
						"0.9333": [0, 0.57, 0.26],
						"0.95": [0, 0.53, 0.26],
						"0.9667": [0, 0.48, 0.25],
						"0.9833": [0, 0.43, 0.24],
						"1.0": [0, 0.38, 0.22],
						"1.0167": [0, 0.34, 0.2],
						"1.0333": [0, 0.29, 0.18],
						"1.05": [0, 0.25, 0.16],
						"1.0667": [0, 0.21, 0.14],
						"1.0833": [0, 0.17, 0.11],
						"1.1": [0, 0.13, 0.09],
						"1.1167": [0, 0.1, 0.07],
						"1.1333": [0, 0.07, 0.05],
						"1.15": [0, 0.04, 0.03],
						"1.1667": [0, 0.02, 0.01],
						"1.1833": [0, 0.01, 0],
						"1.2": [0, 0, 0]
					}
				},
				"righthand": {
					"rotation": {
						"0.0": [80.31, 2.5, 0],
						"0.0167": [80.35, 2.5, 0],
						"0.0333": [80.38, 2.5, 0],
						"0.05": [80.41, 2.5, 0],
						"0.0667": [80.45, 2.5, 0],
						"0.0833": [80.48, 2.5, 0],
						"0.1": [80.52, 2.5, 0],
						"0.1167": [80.55, 2.5, 0],
						"0.1333": [80.59, 2.5, 0],
						"0.15": [80.62, 2.5, 0],
						"0.1667": [80.65, 2.5, 0],
						"0.1833": [80.69, 2.5, 0],
						"0.2": [80.6, 1.78, 0.16],
						"0.2167": [80.52, 1.05, 0.31],
						"0.2333": [79.9, 0.33, 0.47],
						"0.25": [79.28, -0.39, 0.62],
						"0.2667": [78.66, -1.12, 0.78],
						"0.2833": [78.05, -1.84, 0.94],
						"0.3": [77.43, -2.56, 1.09],
						"0.3167": [76.81, -3.29, 1.25],
						"0.3333": [76.19, -4.01, 1.4],
						"0.35": [75.58, -4.73, 1.56],
						"0.3667": [72.08, -3.71, 1.46],
						"0.3833": [68.58, -2.7, 1.36],
						"0.4": [68.43, -3.01, 1.61],
						"0.4167": [68.29, -3.32, 1.85],
						"0.4333": [68.14, -3.64, 2.1],
						"0.45": [67.99, -3.95, 2.34],
						"0.4667": [68.47, -4.41, 2.47],
						"0.4833": [68.94, -4.86, 2.6],
						"0.5": [69.41, -5.31, 2.73],
						"0.5167": [69.88, -5.77, 2.86],
						"0.5333": [70.36, -6.22, 3],
						"0.55": [70.83, -6.67, 3.13],
						"0.5667": [71.3, -7.13, 3.26],
						"0.5833": [71.3, -7.13, 3.26],
						"0.6": [71.3, -7.13, 3.26],
						"0.6167": [71.3, -7.13, 3.26],
						"0.6333": [71.3, -7.13, 3.26],
						"0.65": [71.3, -7.13, 3.26],
						"0.6667": [72.74, -6.28, 2.88],
						"0.6833": [74.17, -5.43, 2.5],
						"0.7": [75.61, -4.59, 2.11],
						"0.7167": [77.05, -3.74, 1.73],
						"0.7333": [78.48, -2.89, 1.35],
						"0.75": [79.92, -2.05, 0.97],
						"0.7667": [81.35, -1.2, 0.59],
						"0.7833": [82.79, -0.35, 0.21],
						"0.8": [84.23, 0.5, -0.18],
						"0.8167": [85.66, 1.34, -0.56],
						"0.8333": [87.1, 2.19, -0.94],
						"0.85": [88.54, 3.04, -1.32],
						"0.8667": [89.97, 3.88, -1.7],
						"0.8833": [91.83, 10.29, -2.27],
						"0.9": [93.69, 16.7, -2.84],
						"0.9167": [93.41, 13.34, -2.75],
						"0.9333": [93.12, 9.98, -2.66],
						"0.95": [92.84, 6.63, -2.56],
						"0.9667": [92.65, 6.19, -2.39],
						"0.9833": [92.46, 5.74, -2.22],
						"1.0": [92.27, 5.3, -2.05],
						"1.0167": [92.08, 4.86, -1.88],
						"1.0333": [91.89, 4.42, -1.71],
						"1.05": [91.7, 3.98, -1.54],
						"1.0667": [91.52, 3.53, -1.37],
						"1.0833": [91.33, 3.09, -1.2],
						"1.1": [91.14, 2.65, -1.03],
						"1.1167": [90.95, 2.21, -0.85],
						"1.1333": [90.76, 1.77, -0.68],
						"1.15": [90.57, 1.33, -0.51],
						"1.1667": [90.38, 0.88, -0.34],
						"1.1833": [90.19, 0.44, -0.17],
						"1.2": [90, 0, 0]
					},
					"position": {
						"0.0": [2.12, -15.86, 4.91],
						"0.0167": [2.12, -15.86, 4.91],
						"0.0333": [2.12, -15.86, 4.91],
						"0.05": [2.12, -15.86, 4.91],
						"0.0667": [2.12, -15.86, 4.91],
						"0.0833": [2.12, -15.86, 4.91],
						"0.1": [2.12, -15.86, 4.91],
						"0.1167": [2.12, -15.86, 4.91],
						"0.1333": [2.12, -15.86, 4.91],
						"0.15": [2.12, -15.86, 4.91],
						"0.1667": [2.12, -15.86, 4.91],
						"0.1833": [2.12, -15.86, 4.91],
						"0.2": [2.05, -15.48, 4.84],
						"0.2167": [1.97, -15.09, 4.78],
						"0.2333": [1.9, -14.71, 4.72],
						"0.25": [1.83, -14.33, 4.66],
						"0.2667": [1.75, -13.95, 4.6],
						"0.2833": [1.68, -13.56, 4.54],
						"0.3": [1.6, -13.18, 4.48],
						"0.3167": [1.53, -12.8, 4.42],
						"0.3333": [1.46, -12.52, 4.36],
						"0.35": [1.38, -12.56, 4.29],
						"0.3667": [1.5, -12.79, 4.49],
						"0.3833": [1.61, -13.03, 4.7],
						"0.4": [1.57, -12.95, 5.25],
						"0.4167": [1.54, -12.87, 5.81],
						"0.4333": [1.5, -13.19, 5.91],
						"0.45": [1.63, -13.13, 6.28],
						"0.4667": [1.56, -13.08, 6.55],
						"0.4833": [1.49, -13.03, 6.81],
						"0.5": [1.41, -12.98, 7.08],
						"0.5167": [1.34, -12.93, 7.35],
						"0.5333": [1.27, -12.88, 7.61],
						"0.55": [1.26, -12.83, 7.8],
						"0.5667": [1.25, -12.78, 7.99],
						"0.5833": [1.24, -12.73, 7.82],
						"0.6": [1.22, -12.68, 7.65],
						"0.6167": [1.21, -12.63, 7.47],
						"0.6333": [1.2, -12.58, 7.07],
						"0.65": [1.19, -12.53, 6.66],
						"0.6667": [1.18, -12.48, 6.26],
						"0.6833": [1.16, -12.43, 5.85],
						"0.7": [1.26, -12.33, 5.54],
						"0.7167": [1.36, -12.23, 5.23],
						"0.7333": [1.46, -12.13, 4.93],
						"0.75": [1.55, -12.03, 4.62],
						"0.7667": [1.65, -11.93, 4.31],
						"0.7833": [1.7, -12.72, 4.32],
						"0.8": [1.74, -13.5, 4.34],
						"0.8167": [1.79, -14.29, 4.35],
						"0.8333": [2.1, -14.32, 4.52],
						"0.85": [2.52, -14.04, 4.73],
						"0.8667": [2.8, -13.91, 4.74],
						"0.8833": [2.81, -14.02, 4.53],
						"0.9": [2.7, -14.2, 4.17],
						"0.9167": [2.58, -14.43, 3.78],
						"0.9333": [2.54, -14.67, 3.48],
						"0.95": [2.66, -14.88, 3.4],
						"0.9667": [2.76, -14.95, 3.44],
						"0.9833": [2.89, -15.02, 3.51],
						"1.0": [3.05, -15.09, 3.61],
						"1.0167": [3.22, -15.17, 3.74],
						"1.0333": [3.42, -15.24, 3.89],
						"1.05": [3.62, -15.32, 4.05],
						"1.0667": [3.83, -15.39, 4.22],
						"1.0833": [4.05, -15.47, 4.4],
						"1.1": [4.26, -15.54, 4.58],
						"1.1167": [4.47, -15.61, 4.75],
						"1.1333": [4.66, -15.67, 4.92],
						"1.15": [4.84, -15.73, 5.07],
						"1.1667": [5, -15.78, 5.2],
						"1.1833": [5.13, -15.82, 5.31],
						"1.2": [5.23, -15.86, 5.39]
					}
				},
				"righthand_pos": {
					"rotation": [0, -180, 0],
					"scale": [1, 1.5, 1]
				},
				"bolt_group": {
					"rotation": {
						"0.2667": [0, 0, 0],
						"0.2833": [0, 0, 0],
						"0.3": [0, 0, 0],
						"0.3167": [0, 0, 0],
						"0.3333": [0, 0, 0],
						"0.35": [0, 0, 0],
						"0.3667": [0, 0, 0],
						"0.3833": [0, 0, 0],
						"0.4": [0, 0, 0],
						"0.4167": [0, 0, 0],
						"0.4333": [0, 0, 0],
						"0.45": [0, 0, 0],
						"0.4667": [0, 0, 0],
						"0.4833": [0, 0, 0],
						"0.5": [0, 0, 0],
						"0.5167": [0, 0, 0],
						"0.5333": [0, 0, 0],
						"0.55": [0, 0, 0],
						"0.5667": [0, 0, 0],
						"0.5833": [0, 0, 0],
						"0.6": [0, 0, 0],
						"0.6167": [0, 0, 0],
						"0.6333": [0, 0, 0],
						"0.65": [0, 0, 0],
						"0.6667": [0, 0, 0],
						"0.6833": [0, 0, 0],
						"0.7": [0, 0, 0],
						"0.7167": [0, 0, 0],
						"0.7333": [0, 0, 0],
						"0.75": [0, 0, 0],
						"0.7667": [0, 0, 0],
						"0.7833": [0, 0, 0],
						"0.8": [0, 0, 0],
						"0.8167": [0, 0, 0],
						"0.8333": [0, 0, 0],
						"0.85": [0, 0, 0],
						"0.8667": [0, 0, 0],
						"0.8833": [0, 0, 0],
						"0.9": [0, 0, 0],
						"0.9167": [0, 0, 0],
						"0.9333": [0, 0, 0],
						"0.95": [0, 0, 0],
						"0.9667": [0, 0, 0],
						"0.9833": [0, 0, 0],
						"1.0": [0, 0, 0],
						"1.0167": [0, 0, 0],
						"1.0333": [0, 0, 0],
						"1.05": [0, 0, 0],
						"1.0667": [0, 0, 0],
						"1.0833": [0, 0, 0],
						"1.1": [0, 0, 0],
						"1.1167": [0, 0, 0],
						"1.1333": [0, 0, 0],
						"1.15": [0, 0, 0],
						"1.1667": [0, 0, 0],
						"1.1833": [0, 0, 0],
						"1.2": [0, 0, 0]
					},
					"position": {
						"0.3167": [0, 0, 0],
						"0.3333": [0, 0, 0.11],
						"0.35": [0, 0, 0.4],
						"0.3667": [0, 0, 0.79],
						"0.3833": [0, 0, 1.22],
						"0.4": [0, 0, 1.66],
						"0.4167": [0, 0, 2.1],
						"0.4333": [0, 0, 2.53],
						"0.45": [0, 0, 2.92],
						"0.4667": [0, 0, 3.28],
						"0.4833": [0, 0, 3.59],
						"0.5": [0, 0, 3.84],
						"0.5167": [0, 0, 4.04],
						"0.5333": [0, 0, 4.15],
						"0.55": [0, 0, 4.19],
						"0.5667": [0, 0, 4.14],
						"0.5833": [0, 0, 4.01],
						"0.6": [0, 0, 3.82],
						"0.6167": [0, 0, 3.56],
						"0.6333": [0, 0, 3.24],
						"0.65": [0, 0, 2.88],
						"0.6667": [0, 0, 2.47],
						"0.6833": [0, 0, 2.03],
						"0.7": [0, 0, 1.56],
						"0.7167": [0, 0, 1.09],
						"0.7333": [0, 0, 0.63],
						"0.75": [0, 0, 0.22],
						"0.7667": [0, 0, 0],
						"0.7833": [0, 0, -0.01],
						"0.8": [0, 0, -0.01],
						"0.8167": [0, 0, -0.01],
						"0.8333": [0, 0, -0.01],
						"0.85": [0, 0, -0.02],
						"0.8667": [0, 0, -0.02],
						"0.8833": [0, 0, -0.02],
						"0.9": [0, 0, -0.02],
						"0.9167": [0, 0, -0.02],
						"0.9333": [0, 0, -0.01],
						"0.95": [0, 0, -0.01],
						"0.9667": [0, 0, -0.01],
						"0.9833": [0, 0, -0.01],
						"1.0": [0, 0, -0.01],
						"1.0167": [0, 0, -0.01],
						"1.0333": [0, 0, -0.01],
						"1.05": [0, 0, -0.01],
						"1.0667": [0, 0, -0.01],
						"1.0833": [0, 0, -0.01],
						"1.1": [0, 0, 0],
						"1.1167": [0, 0, 0],
						"1.1333": [0, 0, 0],
						"1.15": [0, 0, 0],
						"1.1667": [0, 0, 0],
						"1.1833": [0, 0, 0],
						"1.2": [0, 0, 0]
					}
				},
				"bolt_rotate": {
					"rotation": {
						"0.2167": [0, 0, 1],
						"0.2333": [0, 0, 5.84],
						"0.25": [0, 0, 14.42],
						"0.2667": [0, 0, 24.26],
						"0.2833": [0, 0, 34.47],
						"0.3": [0, 0, 44.49],
						"0.3167": [0, 0, 53.74],
						"0.3333": [0, 0, 61.32],
						"0.35": [0, 0, 65],
						"0.3667": [0, 0, 64.98],
						"0.3833": [0, 0, 65.01],
						"0.4": [0, 0, 65.04],
						"0.4167": [0, 0, 65.08],
						"0.4333": [0, 0, 65.12],
						"0.45": [0, 0, 65.16],
						"0.4667": [0, 0, 65.19],
						"0.4833": [0, 0, 65.22],
						"0.5": [0, 0, 65.24],
						"0.5167": [0, 0, 65.26],
						"0.5333": [0, 0, 65.27],
						"0.55": [0, 0, 65.27],
						"0.5667": [0, 0, 65.27],
						"0.5833": [0, 0, 65.26],
						"0.6": [0, 0, 65.23],
						"0.6167": [0, 0, 65.2],
						"0.6333": [0, 0, 65.14],
						"0.65": [0, 0, 65.07],
						"0.6667": [0, 0, 64.98],
						"0.6833": [0, 0, 64.86],
						"0.7": [0, 0, 64.71],
						"0.7167": [0, 0, 64.5],
						"0.7333": [0, 0, 64.22],
						"0.75": [0, 0, 63.78],
						"0.7667": [0, 0, 62.63],
						"0.7833": [0, 0, 43.78],
						"0.8": [0, 0, 23.51],
						"0.8167": [0, 0, 10.45],
						"0.8333": [0, 0, 3.43],
						"0.85": [0, 0, 1],
						"0.8667": [0, 0, 0.63],
						"0.8833": [0, 0, 0.41],
						"0.9": [0, 0, 0.25],
						"0.9167": [0, 0, 0.14],
						"0.9333": [0, 0, 0.05],
						"0.95": [0, 0, -0.01],
						"0.9667": [0, 0, -0.05],
						"0.9833": [0, 0, -0.08],
						"1.0": [0, 0, -0.1],
						"1.0167": [0, 0, -0.1],
						"1.0333": [0, 0, -0.11],
						"1.05": [0, 0, -0.1],
						"1.0667": [0, 0, -0.09],
						"1.0833": [0, 0, -0.08],
						"1.1": [0, 0, -0.06],
						"1.1167": [0, 0, -0.05],
						"1.1333": [0, 0, -0.03],
						"1.15": [0, 0, -0.02],
						"1.1667": [0, 0, 0],
						"1.1833": [0, 0, 0]
					}
				},
				"lefthand": {
					"rotation": [111.29021, 23.40489, 77.15187],
					"position": [-1.75, -18.5, -6.64062]
				},
				"lefthand_pos": {
					"rotation": [0, 180, 0],
					"scale": [1, 1.7, 1]
				}
			},
			"sound_effects": {
				"0.0": {
					"effect": "awp_draw"
				}
			}
		},
		"static_idle": {
			"loop": "hold_on_last_frame",
			"animation_length": 0.1,
			"bones": {
				"righthand": {
					"rotation": [90, 0, 0],
					"position": [5.23438, -15.85937, 5.39063]
				},
				"righthand_pos": {
					"rotation": [0, -180, 0],
					"scale": [1, 1.5, 1]
				},
				"lefthand": {
					"rotation": [111.29021, 23.40489, 77.15187],
					"position": [-1.75, -18.5, -6.64062]
				},
				"lefthand_pos": {
					"rotation": [0, 180, 0],
					"scale": [1, 1.7, 1]
				},
				"root": {
					"rotation": [0, 0, 0],
					"position": [0, 0, 0]
				}
			}
		},
		"inspect": {
			"loop": "hold_on_last_frame",
			"animation_length": 4.85,
			"bones": {
				"righthand": {
					"rotation": {
						"0.0": [90, 0, 0],
						"0.7833": [90, -29.5, 0],
						"3.0333": [90, -29.5, 0],
						"3.6": [90, 0, 0],
						"4.7833": [90, 0, 0]
					},
					"position": {
						"0.0": [5.23438, -15.85937, 5.39063],
						"0.7833": [-0.02, -15.86, 2.84312],
						"3.0333": [-0.02, -15.86, 2.84312],
						"3.6": [5.23438, -15.85937, 5.39063],
						"4.7833": [5.23438, -15.85937, 5.39063]
					}
				},
				"righthand_pos": {
					"rotation": [0, -180, 0],
					"scale": [1, 1.5, 1]
				},
				"lefthand": {
					"rotation": {
						"0.0": [111.29021, 23.40489, 77.15187],
						"0.7833": [134.29015, 28.19717, 107.08188],
						"4.4": [134.29015, 28.19717, 107.08188],
						"4.7833": [111.29021, 23.40489, 77.15187]
					},
					"position": {
						"0.0": [-1.75, -18.5, -6.64062],
						"0.7833": [-1, -19.73437, -10.0775],
						"4.4": [-1, -19.73437, -10.0775],
						"4.7833": [-1.75, -18.5, -6.64062]
					}
				},
				"lefthand_pos": {
					"rotation": [0, 180, 0],
					"scale": [1, 1.7, 1]
				},
				"root": {
					"rotation": {
						"0.0": [0, 0, 0],
						"0.0833": [0.29316, -0.23328, -0.27096],
						"0.1333": [1.30526, -0.71686, -1.02846],
						"0.15": [1.83869, -0.95507, -1.39026],
						"0.1667": [2.49334, -1.23858, -1.80937],
						"0.1833": [3.28316, -1.57369, -2.28763],
						"0.2": [4.22586, -1.96712, -2.82579],
						"0.2167": [5.3347, -2.42586, -3.42594],
						"0.2333": [6.62034, -2.95808, -4.08884],
						"0.25": [8.08475, -3.57324, -4.8149],
						"0.2667": [9.71247, -4.28042, -5.60443],
						"0.2833": [11.46943, -5.08872, -6.45742],
						"0.3": [13.30246, -6.00312, -7.37336],
						"0.35": [18.65677, -9.32621, -10.47689],
						"0.3667": [20.24716, -10.54741, -11.61968],
						"0.3833": [21.70709, -11.76049, -12.80837],
						"0.4": [23.03611, -12.92637, -14.03668],
						"0.4167": [24.23951, -14.01662, -15.29709],
						"0.4333": [25.32636, -15.01664, -16.58099],
						"0.5": [28.69525, -18.10256, -21.75101],
						"0.5833": [31.30345, -20.39376, -27.50799],
						"0.65": [32.52817, -21.43442, -30.90938],
						"0.7167": [33.21206, -22.01612, -32.99579],
						"0.8": [33.49428, -22.28154, -33.80843],
						"1.0167": [33.72844, -22.58437, -34.0152],
						"1.2": [33.99514, -22.86502, -34.22147],
						"1.4167": [34.41843, -23.24543, -34.49802],
						"1.6333": [34.87962, -23.6071, -34.75459],
						"1.85": [35.31184, -23.9123, -34.9729],
						"1.8833": [35.32093, -23.91861, -34.97833],
						"2.1": [35.27582, -23.54916, -34.50842],
						"2.3167": [35.10302, -23.12488, -34.12207],
						"2.5333": [34.72861, -22.69884, -33.89614],
						"2.75": [33.85393, -22.31946, -33.8106],
						"2.8": [33.49428, -22.28154, -33.80843],
						"2.8167": [33.20854, -22.08243, -33.77526],
						"2.8333": [32.75187, -21.67603, -33.67259],
						"2.85": [32.16467, -21.16938, -33.49617],
						"2.9167": [28.95965, -18.68121, -31.95416],
						"2.9333": [28.01353, -17.99498, -31.32842],
						"2.95": [27.02773, -17.29279, -30.59046],
						"2.9667": [26.00826, -16.57738, -29.73463],
						"2.9833": [24.96032, -15.8509, -28.74533],
						"3.0": [23.88862, -15.11483, -27.61517],
						"3.0167": [22.79701, -14.37076, -26.33111],
						"3.0333": [21.68887, -13.61962, -24.87894],
						"3.05": [20.56738, -12.86253, -23.24127],
						"3.0667": [19.43532, -12.10027, -21.39914],
						"3.0833": [18.29518, -11.33348, -19.33482],
						"3.1": [17.14918, -10.56289, -17.02431],
						"3.1167": [15.99956, -9.78906, -14.44079],
						"3.1333": [14.84831, -9.0125, -11.5581],
						"3.15": [13.69734, -8.23368, -8.35016],
						"3.1667": [12.54841, -7.45305, -4.78718],
						"3.1833": [11.40341, -6.67102, -0.84485],
						"3.2": [10.26385, -5.888, 3.48687],
						"3.2167": [9.13164, -5.10436, 8.20525],
						"3.2333": [8.00814, -4.32049, 13.27536],
						"3.25": [6.89536, -3.53677, 18.62784],
						"3.2833": [4.70778, -1.97125, 29.69141],
						"3.3": [3.63643, -1.19023, 35.10315],
						"3.3167": [2.58248, -0.41091, 40.24775],
						"3.3333": [1.54761, 0.3663, 45.02302],
						"3.35": [0.53373, 1.14092, 49.37636],
						"3.3667": [-0.45707, 1.91249, 53.28774],
						"3.3833": [-1.42294, 2.68045, 56.76864],
						"3.4": [-2.36135, 3.4442, 59.84004],
						"3.4167": [-3.27028, 4.20303, 62.53516],
						"3.4333": [-4.14693, 4.95628, 64.88967],
						"3.45": [-4.98866, 5.70305, 66.9353],
						"3.4667": [-5.7928, 6.44221, 68.70198],
						"3.4833": [-6.55529, 7.17275, 70.21937],
						"3.5": [-7.27348, 7.89304, 71.51232],
						"3.5167": [-7.94319, 8.60134, 72.60242],
						"3.5333": [-8.55929, 9.29545, 73.50736],
						"3.55": [-9.11759, 9.97243, 74.24654],
						"3.5667": [-9.61243, 10.62846, 74.83475],
						"3.5833": [-10.03734, 11.25786, 75.28414],
						"3.6": [-10.38493, 11.85298, 75.60517],
						"3.6167": [-10.6467, 12.40116, 75.81218],
						"3.6333": [-10.81281, 12.8803, 75.90967],
						"3.65": [-10.87182, 13.24395, 75.91101],
						"3.7833": [-10.87182, 14.79153, 75.25358],
						"3.8833": [-10.87182, 14.79994, 74.2883],
						"3.9167": [-10.87182, 14.53047, 73.6291],
						"3.9333": [-10.87182, 14.34241, 73.09165],
						"3.95": [-10.87182, 14.11905, 72.21652],
						"3.9667": [-10.87182, 13.86094, 70.7536],
						"3.9833": [-10.87182, 13.56888, 69.17306],
						"4.0": [-10.87182, 13.24395, 67.91101],
						"4.0167": [-10.87821, 12.75071, 65.85357],
						"4.0333": [-10.89792, 11.9871, 62.54244],
						"4.05": [-10.93244, 10.99816, 58.48652],
						"4.0667": [-10.98342, 9.82113, 53.95104],
						"4.0833": [-11.05259, 8.48919, 49.09665],
						"4.1": [-11.14225, 7.03115, 44.03264],
						"4.1667": [-11.76556, 0.43557, 23.05555],
						"4.1833": [-12.00786, -1.29065, 17.88591],
						"4.2": [-12.29481, -3.00384, 12.83428],
						"4.2167": [-12.63135, -4.68129, 7.94454],
						"4.2333": [-13.01952, -6.29901, 3.26564],
						"4.25": [-13.45302, -7.83076, -1.15023],
						"4.2667": [-13.90915, -9.24796, -5.23753],
						"4.2833": [-14.34378, -10.51754, -8.92107],
						"4.3": [-14.70454, -11.60158, -12.10299],
						"4.3167": [-14.95757, -12.45445, -14.65354],
						"4.3333": [-15.09833, -13.02034, -16.39316],
						"4.35": {
							"pre": [-15.14111, -13.2282, -17.05648],
							"post": [-15.14111, -13.2282, -17.05648],
							"lerp_mode": "catmullrom"
						},
						"4.3667": [-15.04192, -13.18186, -17.0356],
						"4.3833": [-14.79394, -13.05463, -16.97442],
						"4.4833": [-11.8334, -11.16071, -15.78285],
						"4.5667": [-8.53641, -8.6544, -13.61551],
						"4.6333": [-5.72372, -6.26266, -10.92854],
						"4.7": [-2.94311, -3.61072, -7.11951],
						"4.7167": [-2.27969, -2.91301, -5.94306],
						"4.7333": [-1.64067, -2.20258, -4.6579],
						"4.75": [-1.03587, -1.47998, -3.25053],
						"4.7667": [-0.48046, -0.74562, -1.70489],
						"4.7833": [0, 0, 0]
					},
					"position": {
						"0.0": [0, 0, 0],
						"0.1833": [-0.00875, -0.03721, -2.096],
						"0.3167": [0.13332, -0.07234, -3.78975],
						"0.4167": [0.37597, -0.0994, -5.0491],
						"0.5333": [0.8658, -0.13076, -6.43863],
						"0.6167": [1.26797, -0.1524, -7.33067],
						"0.6833": [1.48305, -0.16865, -7.94396],
						"0.7167": [1.54206, -0.17608, -8.20169],
						"0.7333": [1.56066, -0.1795, -8.31455],
						"0.75": [1.57275, -0.18262, -8.41455],
						"0.7667": [1.57888, -0.18529, -8.49975],
						"0.8": [1.57813, -0.1875, -8.59375],
						"1.0167": [1.5783, -0.15791, -8.85269],
						"1.2": [1.61612, -0.12715, -8.90457],
						"1.4167": [1.68403, -0.08704, -8.8983],
						"1.6333": [1.75653, -0.05044, -8.853],
						"1.85": [1.82384, -0.019, -8.79197],
						"1.8833": [1.82563, -0.01813, -8.79],
						"2.1": [1.77469, -0.07597, -8.7637],
						"2.3167": [1.71663, -0.13228, -8.73046],
						"2.5333": [1.65779, -0.17347, -8.69158],
						"2.75": [1.60178, -0.19167, -8.64277],
						"2.8833": [1.57813, -0.1875, -8.59375],
						"2.9": [1.58118, -0.18714, -8.5083],
						"2.9167": [1.58882, -0.18891, -8.35441],
						"2.9333": [1.59927, -0.19282, -8.16974],
						"2.95": [1.61133, -0.19896, -7.96734],
						"3.1167": [1.72059, -0.38747, -5.65975],
						"3.25": [1.74713, -0.71639, -3.82798],
						"3.35": [1.73234, -1.07157, -2.58195],
						"3.4167": [1.70833, -1.35607, -1.85093],
						"3.4833": [1.67432, -1.6665, -1.23491],
						"3.5": [1.66437, -1.74511, -1.10406],
						"3.5167": [1.65386, -1.8226, -0.98439],
						"3.5333": [1.64282, -1.89772, -0.87711],
						"3.55": [1.63127, -1.96875, -0.78366],
						"3.5667": [1.61918, -2.03331, -0.70583],
						"3.5833": [1.60661, -2.08792, -0.6458],
						"3.6": [1.59354, -2.12728, -0.60607],
						"3.6167": [1.58, -2.14312, -0.59],
						"3.8333": [1.29848, -2.19598, -0.87095],
						"4.05": [0.79347, -2.23908, -1.40434],
						"4.2333": [0.19216, -2.23661, -1.83707],
						"4.3333": [-0.15126, -2.19344, -1.97725],
						"4.3667": [-0.23872, -2.15895, -1.98409],
						"4.3833": [-0.26767, -2.13094, -1.97359],
						"4.4": [-0.27937, -2.08062, -1.94937],
						"4.4167": [-0.28391, -1.99004, -1.91563],
						"4.4833": [-0.37444, -1.55779, -1.75056],
						"4.55": [-0.42789, -1.11035, -1.47964],
						"4.65": [-0.3186, -0.49216, -0.86789],
						"4.7167": [-0.17502, -0.16383, -0.43037],
						"4.7333": [-0.1337, -0.10093, -0.32187],
						"4.75": [-0.09065, -0.04975, -0.21396],
						"4.7667": [-0.04604, -0.01406, -0.10666],
						"4.7833": [0, 0, 0]
					}
				}
			},
			"sound_effects": {
				"0.0": {
					"effect": "cs_awp_inspcet"
				}
			}
		},
		"shoot": {
			"loop": "hold_on_last_frame",
			"animation_length": 1.7833,
			"bones": {
				"root": {
					"rotation": {
						"0.0": [0, 0, 0],
						"0.0167": [-2, 0, 0],
						"0.0333": [-5.35, 0, -5],
						"0.1": [-5.08741, 0, -4.96845],
						"0.1167": [-4.88599, 0, -4.97117],
						"0.1333": [-4.57037, 0, -4.98202],
						"0.15": [-4.04048, 0, -4.99527],
						"0.1667": [-3, 0, -5],
						"0.1833": [-2.18314, 0, -5],
						"0.2": [-1.67205, 0, -5],
						"0.3167": [-0.0718, 0, -5],
						"0.35": [0, 0, -5],
						"0.55": [7.75, 0, -5],
						"0.7833": [-6.36553, 0.65365, 4.77564],
						"0.8667": [-6.36553, 0.65365, 4.77564],
						"0.8833": [-6.19613, 0.65345, 4.6866],
						"0.9": [-5.61073, 0.65248, 4.36729],
						"0.9167": [-4.4536, 0.6501, 3.70074],
						"0.9333": [-2.52225, 0.64544, 2.51196],
						"0.95": [0.29141, 0.6373, 0.75754],
						"0.9667": [3.56217, 0.624, -1.00157],
						"0.9833": [6.37583, 0.60292, -2.23955],
						"1.0": [8.30718, 0.56975, -2.99974],
						"1.0167": [9.46431, 0.51636, -3.43403],
						"1.0333": [10.04971, 0.42351, -3.64677],
						"1.05": [10.21911, 0.20706, -3.70203],
						"1.0667": [10.18599, -0.1107, -3.69093],
						"1.1333": [9.22256, -0.68197, -3.58066],
						"1.2": [7.46061, -0.88926, -3.35052],
						"1.2667": [6.84292, -0.94219, -3.20815],
						"1.2833": [6.7758, -0.93817, -3.1575],
						"1.3": [6.55939, -0.92492, -3.04018],
						"1.3167": [6.17039, -0.89994, -2.84606],
						"1.3333": [5.59099, -0.85974, -2.56764],
						"1.35": [4.8231, -0.79904, -2.20645],
						"1.4": [2.01983, -0.41585, -0.91618],
						"1.4167": [1.25193, -0.24432, -0.56682],
						"1.4333": [0.67254, -0.11853, -0.30404],
						"1.45": [0.28353, -0.04525, -0.12803],
						"1.4667": [0.06712, -0.00986, -0.03028],
						"1.4833": [0, 0, 0]
					},
					"position": {
						"0.0": [0, 0, 0],
						"0.0167": [0, 0.0129, 4.60123],
						"0.0333": [0, 0, 5],
						"0.05": [0, 0.23668, 5.05855],
						"0.0667": [0, 0.69664, 5.03793],
						"0.0833": [0, 0.92203, 4.95863],
						"0.1": [0, 1.05303, 4.82273],
						"0.1167": [0, 1.13431, 4.62296],
						"0.1333": [0, 1.18406, 4.34068],
						"0.15": [0, 1.21162, 3.93297],
						"0.1667": [0, 1.2225, 3.26625],
						"0.1833": [0, 1.21982, 2.55448],
						"0.2": [0, 1.2029, 2.04781],
						"0.2167": [0, 1.16866, 1.6407],
						"0.2333": [0, 1.11306, 1.30044],
						"0.25": [0, 1.03085, 1.01179],
						"0.2667": [0, 0.91575, 0.76634],
						"0.2833": [0, 0.76233, 0.559],
						"0.3": [0, 0.57305, 0.38658],
						"0.3167": [0, 0.3712, 0.24699],
						"0.3333": [0, 0.19805, 0.13901],
						"0.35": [0, 0.08041, 0.06196],
						"0.3667": [0, 0.01816, 0.01557],
						"0.3833": [0, 0, 0],
						"0.4": [0, -0.01447, 0],
						"0.4167": [0, -0.05643, 0],
						"0.4333": [0, -0.123, 0],
						"0.45": [0, -0.21029, 0],
						"0.4667": [0, -0.31349, 0],
						"0.5333": [0, -0.77463, 0],
						"0.55": [0, -0.87562, 0],
						"0.5667": [0, -0.96247, 0],
						"0.5833": [0, -1.0324, 0],
						"0.6": [0, -1.08352, 0],
						"0.6167": [0, -1.11457, 0],
						"0.6333": [0, -1.125, 0],
						"0.85": [0, -1.125, 0],
						"1.0667": [0, -1.125, 0],
						"1.0833": [0, -1.11621, -0.19089],
						"1.1": [0, -1.09527, -0.46229],
						"1.1167": [0, -1.06662, -0.6518],
						"1.1333": [0, -1.03253, -0.77988],
						"1.15": [0, -0.99439, -0.86623],
						"1.1667": [0, -0.95307, -0.92252],
						"1.1833": [0, -0.90917, -0.95597],
						"1.2": [0, -0.86315, -0.97139],
						"1.2167": [0, -0.81535, -0.97209],
						"1.2333": [0, -0.76606, -0.96051],
						"1.3167": [0, -0.50395, -0.76968],
						"1.45": [0, -0.07148, -0.18197],
						"1.4667": [0, -0.02516, -0.09239],
						"1.4833": [0, 0, 0]
					}
				},
				"righthand": {
					"rotation": {
						"0.0": [0, 0, 0],
						"0.3167": [0, 0, 0],
						"0.55": [-12.48018, -3.4175, 0.75591],
						"0.5833": [-19.47078, -3.27801, 0.72505],
						"1.0333": [-4.1895, -7.77834, 0.72347],
						"1.1167": [-4.1895, -7.77834, 0.72347],
						"1.3667": [0, 0, 0]
					},
					"position": {
						"0.0": [0, 0, 0],
						"0.3167": [0, 0, 0],
						"0.55": [-3.9325, 1.15063, -1.12],
						"0.5833": [-3.77, 2.13125, -1.07],
						"0.6": [-3.69, 2.09, -0.6125],
						"0.6167": [-3.61, 2.8525, 1.29062],
						"0.6333": [-3.53, 3.2275, 1.96313],
						"0.7833": [-3.60687, 3.55, 2.56],
						"0.8667": [-3.41, 3.73125, 2.88688],
						"0.95": [-2.84, 4.12562, 1.69125],
						"0.9667": [-2.73, 3.96, 0.04188],
						"1.0333": [-2.27, 2.87813, -0.26687],
						"1.1167": [-3.73125, 1.30063, -0.96562],
						"1.3667": [0, 0, 0]
					}
				},
				"bolt_group": {
					"rotation": {
						"0.0": [0, 0, 0],
						"0.6333": [0, 0, 0]
					},
					"position": {
						"0.0": [0, 0, 0],
						"0.55": [0, 0, 0],
						"0.5667": [0, 0, 0.0481],
						"0.5833": [0, 0, 0.25907],
						"0.6": [0, 0, 0.97947],
						"0.6167": [0, 0, 2.6023],
						"0.6333": [0, 0, 3.32163],
						"0.65": [0, 0, 3.68489],
						"0.6667": [0, 0, 3.90013],
						"0.6833": [0, 0, 4.03177],
						"0.7": [0, 0, 4.10896],
						"0.7167": [0, 0, 4.14727],
						"0.7333": [0, 0, 4.15625],
						"0.7667": [0, 0, 4.14313],
						"0.7833": [0, 0, 4.16006],
						"0.8167": [0, 0, 4.15625],
						"0.8333": [0, 0, 4.14855],
						"0.85": [0, 0, 4.12605],
						"0.8667": [0, 0, 4.08418],
						"0.8833": [0, 0, 4.01542],
						"0.9": [0, 0, 3.90728],
						"0.9167": [0, 0, 3.73312],
						"0.9333": [0, 0, 3.42005],
						"0.95": [0, 0, 2.49672],
						"0.9667": [0, 0, 1.08258],
						"0.9833": [0, 0, 0.66852],
						"1.0": [0, 0, 0.4384],
						"1.0167": [0, 0, 0.28855],
						"1.0333": [0, 0, 0.18517],
						"1.05": [0, 0, 0.11269],
						"1.0667": [0, 0, 0.06242],
						"1.0833": [0, 0, 0.02907],
						"1.1": [0, 0, 0.00914],
						"1.1333": [0, 0, 0]
					}
				},
				"bolt_rotate": {
					"rotation": {
						"0.0": [0, 0, 0],
						"0.5167": [0, 0, 0],
						"0.6333": [0, 0, 63.25],
						"0.9833": [0, 0, 63.25],
						"1.0833": [0, 0, 0]
					},
					"position": {
						"0.0": [0, 0, 0],
						"0.5167": [0, 0, 0],
						"0.6333": [0, 0, 0],
						"1.05": [0, 0, 0],
						"1.0833": [0, 0, 0]
					}
				},
				"lefthand": {
					"rotation": {
						"0.0": [0, 0, 0],
						"1.3667": [0, 0, 0]
					},
					"position": {
						"0.0": [0, 0, 0],
						"1.3667": [0, 0, 0]
					}
				}
			},
			"sound_effects": {
				"0.0": {
					"effect": "cs_awp_shoot_bolt"
				}
			}
		},
		"reload_tactical": {
			"loop": "hold_on_last_frame",
			"animation_length": 3.4167,
			"bones": {
				"root": {
					"rotation": {
						"0.0": [0, 0, 0],
						"0.2167": [-2.15759, -0.47764, -0.0242],
						"0.35": [-3.87037, -1.52126, -0.04342],
						"0.4667": [-5.29445, -3.72052, -0.05939],
						"0.5667": [-6.1965, -4.68789, -0.06951],
						"0.5833": [-6.24, -4.75, -0.07],
						"0.6667": [-6.33462, -5.38872, 0.41782],
						"0.6833": [-6.37974, -5.6855, 0.65042],
						"0.7": [-6.42486, -6.14096, 0.88301],
						"0.7167": [-6.46256, -6.96755, 1.0774],
						"0.7333": [-6.48988, -9.03954, 1.21824],
						"0.75": [-6.50737, -11.62078, 1.30838],
						"0.7667": [-6.51668, -13.22893, 1.35641],
						"0.7833": [-6.51948, -14.42219, 1.37083],
						"0.8": [-6.64675, -15.77337, 1.27857],
						"0.8167": [-7.00972, -17.71001, 1.01614],
						"0.8333": [-7.58048, -20.20759, 0.60483],
						"0.85": [-8.3311, -23.14144, 0.06591],
						"0.8667": [-9.23367, -26.2897, -0.57933],
						"0.8833": [-10.26026, -29.39811, -1.30963],
						"0.9": [-11.38297, -32.26368, -2.1037],
						"0.9167": [-12.57388, -34.77101, -2.94026],
						"0.9333": [-13.80506, -36.88218, -3.79803],
						"0.95": [-15.0486, -38.60546, -4.65571],
						"0.9667": [-16.27652, -39.97115, -5.49202],
						"0.9833": [-17.46093, -41.01626, -6.28566],
						"1.0": [-18.57389, -41.777, -7.01536],
						"1.0167": [-19.5875, -42.28732, -7.65984],
						"1.0333": [-20.47383, -42.57587, -8.19783],
						"1.05": [-21.20497, -42.66866, -8.60803],
						"1.0667": [-21.753, -42.58724, -8.86918],
						"1.0833": [-22.09, -42.35, -8.96],
						"1.1833": [-22.24154, -39.70063, -8.47892],
						"1.3": [-21.05231, -34.96838, -7.48876],
						"1.3333": [-20.60752, -33.68996, -7.22635],
						"1.35": [-20.38096, -33.20856, -7.11236],
						"1.3667": [-20.157, -32.91837, -7.01651],
						"1.3833": [-19.94212, -32.91384, -6.94674],
						"1.4": [-19.74775, -33.31947, -6.91622],
						"1.4167": [-19.6, -34.29, -6.95],
						"1.4333": [-19.58279, -35.81202, -7.13412],
						"1.45": [-19.72309, -38.12409, -7.5752],
						"1.4667": [-19.98872, -40.28016, -8.3245],
						"1.4833": [-20.34415, -41.29772, -9.28214],
						"1.5": [-20.75203, -41.94294, -10.18683],
						"1.5167": [-21.17505, -42.43107, -10.88102],
						"1.5333": [-21.57748, -42.8332, -11.36273],
						"1.55": [-21.92663, -43.18117, -11.67542],
						"1.5667": [-22.19379, -43.49243, -11.85908],
						"1.5833": [-22.35469, -43.77647, -11.94355],
						"1.6": [-22.39, -44.04, -11.95],
						"1.7167": [-22.25405, -44.59343, -11.32531],
						"1.8167": [-22.17604, -43.67585, -10.50934],
						"1.9667": [-22.08974, -39.89397, -9.30272],
						"2.0167": [-22.07189, -38.73566, -9.02348],
						"2.0333": [-22.06833, -38.5284, -8.96815],
						"2.05": [-22.06687, -38.45412, -8.94598],
						"2.1667": [-22.06687, -38.45412, -8.94598],
						"2.1833": [-21.75765, -38.15684, -8.7814],
						"2.2": [-20.88353, -37.39632, -8.36039],
						"2.2167": [-19.532, -36.30431, -7.75586],
						"2.2333": [-17.79622, -34.96552, -7.01471],
						"2.25": [-15.76991, -33.43734, -6.16872],
						"2.2667": [-13.54189, -31.76277, -5.24169],
						"2.3333": [-4.05512, -24.1647, -1.03545],
						"2.35": [-1.80607, -22.14376, 0.08333],
						"2.3667": [0.32212, -20.1078, 1.21042],
						"2.3833": [2.30828, -18.07184, 2.33751],
						"2.4": [4.13692, -16.05091, 3.45629],
						"2.4167": [5.79754, -14.06069, 4.55805],
						"2.4333": [7.28364, -12.11784, 5.6336],
						"2.45": [8.59125, -10.2414, 6.67239],
						"2.4667": [9.7189, -8.45283, 7.66253],
						"2.4833": [10.66789, -6.77826, 8.58956],
						"2.5": [11.43963, -5.25008, 9.43555],
						"2.5167": [12.03722, -3.91129, 10.17669],
						"2.5333": [12.46389, -2.81928, 10.78122],
						"2.55": [12.7238, -2.05876, 11.20224],
						"2.5667": [12.82193, -1.76148, 11.36681],
						"2.6667": [12.3543, -1.76148, 11.36681],
						"2.8333": [8.40277, -1.76148, 11.36681],
						"2.8833": [7.29774, -1.76148, 11.36681],
						"2.9": [7.12813, -1.76148, 11.36681],
						"2.9167": [7.07193, -1.76148, 11.36681],
						"2.9333": [7.13384, -1.76148, 11.36681],
						"2.95": [7.32961, -1.76148, 11.36681],
						"2.9667": [7.67467, -1.76148, 11.36681],
						"2.9833": [8.1807, -1.76148, 11.36681],
						"3.0": [8.84806, -1.76148, 11.36681],
						"3.05": [11.399, -1.76148, 11.36681],
						"3.0667": [12.12168, -1.76148, 11.36681],
						"3.0833": [12.61751, -1.76148, 11.36681],
						"3.1": [12.84917, -1.76148, 11.36681],
						"3.1167": [12.82193, -1.76148, 11.36681],
						"3.1333": [12.39487, -1.74547, 11.26352],
						"3.15": [10.92821, -1.69897, 10.96347],
						"3.1667": [8.21508, -1.62458, 10.48342],
						"3.1833": [6.06211, -1.52541, 9.84349],
						"3.2": [4.61456, -1.40511, 9.06714],
						"3.2167": [3.57106, -1.26781, 8.18117],
						"3.2333": [2.77764, -1.11806, 7.21483],
						"3.25": [2.15493, -0.9607, 6.19939],
						"3.3167": [0.66514, -0.35637, 2.29967],
						"3.3333": [0.45392, -0.23607, 1.52333],
						"3.35": [0.28718, -0.1369, 0.88339],
						"3.3667": [0.15907, -0.06251, 0.40335],
						"3.3833": [0.06454, -0.01601, 0.10329],
						"3.4": [0, 0, 0]
					},
					"position": {
						"0.0": [0, 0, 0],
						"0.2167": [0, 0, 0],
						"0.4167": [0, 0, 0],
						"0.4333": [-0.02649, 0, 0],
						"0.45": [-0.10184, 0, 0],
						"0.4667": [-0.21994, 0, 0],
						"0.4833": [-0.37469, 0, 0],
						"0.5": [-0.55997, 0, 0],
						"0.5167": [-0.76969, 0, 0],
						"0.5333": [-0.99774, 0, 0],
						"0.6": [-1.97101, 0, 0],
						"0.6167": [-2.19906, 0, 0],
						"0.6333": [-2.40878, 0, 0],
						"0.65": [-2.59406, 0, 0],
						"0.6667": [-2.74881, 0, 0],
						"0.6833": [-2.86691, 0, 0],
						"0.7": [-2.94226, 0, 0],
						"0.7167": [-2.96875, 0, 0],
						"0.9333": [-2.96437, 0, -0.01938],
						"1.15": [-2.94815, -0.06043, -0.02169],
						"1.35": [-2.94347, -0.08573, -0.02236],
						"1.4167": [-2.95405, -0.0437, -0.02085],
						"1.4333": [-2.96, 0, -0.02],
						"1.5333": [-2.98662, 0.47591, -0.0251],
						"1.6167": [-2.98425, 0.73515, -0.03097],
						"1.6833": [-2.98, 0.8125, -0.02],
						"1.7": [-2.97942, 0.80538, -0.01584],
						"1.7167": [-2.9787, 0.78551, -0.01266],
						"1.8833": [-2.96847, 0.25318, -0.01224],
						"1.95": [-2.96528, 0.05756, -0.01755],
						"1.9667": [-2.9648, 0.02699, -0.0185],
						"1.9833": [-2.96449, 0.00712, -0.01914],
						"2.0": {
							"pre": [-2.96437, 0, -0.01938],
							"post": [-2.96437, 0, -0.01938],
							"lerp_mode": "catmullrom"
						},
						"2.0167": [-2.97322, 0.04628, -0.02639],
						"2.0333": [-3.00819, 0.25253, -0.05414],
						"2.05": [-3.09936, 1.12312, -0.12648],
						"2.0667": [-3.36844, 3.24596, -0.34],
						"2.0833": [-3.63752, 3.70099, -0.55352],
						"2.1": [-3.72869, 3.89582, -0.62586],
						"2.1167": [-3.76366, 3.97988, -0.65361],
						"2.1333": [-3.7725, 4, -0.66062],
						"2.1667": [-3.7725, 4, -0.66062],
						"2.1833": [-3.74194, 3.99501, -0.65527],
						"2.2": [-3.66374, 3.9829, -0.64158],
						"2.2167": [-3.55147, 3.96276, -0.62192],
						"2.2333": [-3.41382, 3.93406, -0.59782],
						"2.25": [-3.25671, 3.89593, -0.5703],
						"2.2667": [-3.08454, 3.84744, -0.54015],
						"2.2833": [-2.90065, 3.78737, -0.50795],
						"2.3": [-2.70773, 3.71453, -0.47417],
						"2.3167": [-2.50797, 3.6272, -0.43919],
						"2.3333": [-2.30335, 3.5235, -0.40335],
						"2.35": [-2.09557, 3.4012, -0.36697],
						"2.3667": [-1.88625, 3.25736, -0.33031],
						"2.3833": [-1.67693, 3.08848, -0.29366],
						"2.4": [-1.46915, 2.89017, -0.25727],
						"2.4167": [-1.26453, 2.65685, -0.22144],
						"2.4333": [-1.06477, 2.38211, -0.18646],
						"2.45": [-0.87185, 2.05893, -0.15268],
						"2.4667": [-0.68796, 1.68284, -0.12047],
						"2.4833": [-0.51579, 1.26045, -0.09032],
						"2.5": [-0.35868, 0.82621, -0.06281],
						"2.5167": [-0.22103, 0.44745, -0.03871],
						"2.5333": [-0.10876, 0.18265, -0.01905],
						"2.55": [-0.03056, 0.04105, -0.00535],
						"2.5667": [0, 0, 0],
						"2.5833": [0, 0, 0.04048],
						"2.6": [0, 0, 0.18591],
						"2.6167": [0, 0, 0.48561],
						"2.6333": [0, 0, 0.98614],
						"2.65": [0, 0, 1.61835],
						"2.6667": [0, 0, 2.17505],
						"2.6833": [0, 0, 2.56475],
						"2.7": [0, 0, 2.81391],
						"2.7167": [0, 0, 2.96201],
						"2.7333": [0, 0, 3.03741],
						"2.75": [0, 0, 3.05888],
						"2.7667": [0, 0, 3.03882],
						"2.7833": [0, 0, 2.98585],
						"2.8": [0, 0, 2.90625],
						"2.8167": [0, 0, 2.80766],
						"2.8333": [0, 0, 2.6943],
						"2.85": [0, 0, 2.56531],
						"2.8667": [0, 0, 2.41998],
						"2.8833": [0, 0, 2.25761],
						"2.9": [0, 0, 2.07775],
						"2.9167": [0, 0, 1.88013],
						"2.9333": [0, 0, 1.66507],
						"2.95": [0, 0, 1.43347],
						"2.9667": [0, 0, 1.18725],
						"3.0333": [0, 0, 0.14701],
						"3.05": [0, 0, -0.08891],
						"3.0667": [0, 0, -0.29575],
						"3.0833": [0, 0, -0.46441],
						"3.1": [0, 0, -0.58806],
						"3.1167": [0, 0, -0.66274],
						"3.1333": [0, 0, -0.6875],
						"3.15": [0, 0, -0.68114],
						"3.1667": [0, 0, -0.66223],
						"3.1833": [0, 0, -0.63125],
						"3.3": [0, 0, -0.21011],
						"3.35": [0, 0, -0.05625],
						"3.3667": [0, 0, -0.02527],
						"3.3833": [0, 0, -0.00636],
						"3.4": [0, 0, 0]
					}
				},
				"righthand": {
					"rotation": {
						"0.0": [90, 0, 0],
						"2.25": {
							"pre": [90, 0, 0],
							"post": [90, 0, 0],
							"lerp_mode": "catmullrom"
						},
						"2.4": {
							"post": [84.47697, -5.22576, 0.50459],
							"lerp_mode": "catmullrom"
						},
						"2.55": {
							"post": [73.03381, -4.93544, 0.47656],
							"lerp_mode": "catmullrom"
						},
						"3.2167": [86.28421, -10.04595, 0.68377],
						"3.4": [90, 0, 0]
					},
					"position": {
						"0.0": [5.23438, -15.85937, 5.39063],
						"2.25": {
							"pre": [5.23438, -15.85937, 5.39063],
							"post": [5.23438, -15.85937, 5.39063],
							"lerp_mode": "catmullrom"
						},
						"2.4": {
							"post": [1.55813, -13.985, 4.35875],
							"lerp_mode": "catmullrom"
						},
						"2.55": {
							"post": [1.33813, -12.41812, 3.34188],
							"lerp_mode": "catmullrom"
						},
						"2.6": [1.57, -12.52625, 4.71],
						"2.8": [1.8025, -12.0475, 8.3175],
						"2.8833": [2.28, -11.56437, 7.08188],
						"3.0167": [3.04, -11.27937, 5.13438],
						"3.2167": [1.46125, -13.67, 5.27],
						"3.4": [5.23438, -15.85937, 5.39063]
					}
				},
				"righthand_pos": {
					"rotation": [0, -180, 0],
					"scale": [1, 1.5, 1]
				},
				"bolt_group": {
					"rotation": {
						"2.5667": [0, 0, 0],
						"2.7833": [0, 0, 0],
						"2.9333": [0, 0, 0],
						"3.15": [0, 0, 0],
						"3.2167": [0, 0, 0]
					},
					"position": {
						"2.5667": [0, 0, 0],
						"2.5833": [0, 0, 0.51817],
						"2.6": [0, 0, 1.02421],
						"2.6167": [0, 0, 1.49605],
						"2.6333": [0, 0, 1.9306],
						"2.65": [0, 0, 2.32701],
						"2.6667": [0, 0, 2.68493],
						"2.6833": [0, 0, 3.00402],
						"2.7": [0, 0, 3.28397],
						"2.7167": [0, 0, 3.52423],
						"2.7333": [0, 0, 3.72421],
						"2.75": [0, 0, 3.88326],
						"2.7667": [0, 0, 4.00051],
						"2.7833": [0, 0, 4.07507],
						"2.8": [0, 0, 4.1059],
						"2.8167": [0, 0, 4.09164],
						"2.8333": [0, 0, 4.03125],
						"2.85": [0, 0, 3.92275],
						"2.8667": [0, 0, 3.7469],
						"2.8833": [0, 0, 3.45478],
						"2.9": [0, 0, 2.95518],
						"2.9167": [0, 0, 2.26795],
						"2.9333": [0, 0, 1.70051],
						"2.95": [0, 0, 1.30927],
						"2.9667": [0, 0, 1.0279],
						"2.9833": [0, 0, 0.81494],
						"3.0": [0, 0, 0.64805],
						"3.0167": [0, 0, 0.51417],
						"3.0333": [0, 0, 0.40535],
						"3.05": [0, 0, 0.31625],
						"3.0667": [0, 0, 0.24296],
						"3.0833": [0, 0, 0.1828],
						"3.1667": [0, 0, 0.02106],
						"3.2167": [0, 0, 0]
					}
				},
				"bolt_rotate": {
					"rotation": {
						"0.0": [0, 0, 0],
						"0.2167": [0, 0, -0.13388],
						"0.4333": [0, 0, -0.27512],
						"0.65": [0, 0, -0.40715],
						"0.8667": [0, 0, -0.5268],
						"1.0833": [0, 0, -0.63122],
						"1.3": [0, 0, -0.71666],
						"1.5167": [0, 0, -0.77769],
						"1.7333": [0, 0, -0.80556],
						"1.95": [0, 0, -0.78423],
						"2.1667": [0, 0, -0.67718],
						"2.3833": [0, 0, -0.34068],
						"2.45": [0, 0, 0],
						"2.4667": [0, 0, 0.77434],
						"2.4833": [0, 0, 3.06374],
						"2.5": [0, 0, 8.73309],
						"2.5167": [0, 0, 44.89742],
						"2.5333": [0, 0, 60.54319],
						"2.55": [0, 0, 63.77899],
						"2.5667": [0, 0, 64.5],
						"2.7833": [0, 0, 64.86848],
						"2.9667": [0, 0, 64.74732],
						"3.0": [0, 0, 64.5],
						"3.0167": [0, 0, 63.51645],
						"3.0333": [0, 0, 60.11772],
						"3.05": [0, 0, 52.68849],
						"3.0667": [0, 0, 42.09929],
						"3.0833": [0, 0, 32.67546],
						"3.1": [0, 0, 25.55356],
						"3.1167": [0, 0, 20.14748],
						"3.1333": [0, 0, 15.93044],
						"3.15": [0, 0, 12.56836],
						"3.1667": [0, 0, 9.84838],
						"3.1833": [0, 0, 7.6309],
						"3.2": [0, 0, 5.816],
						"3.2167": [0, 0, 4.33288],
						"3.2333": [0, 0, 3.12991],
						"3.25": [0, 0, 2.16475],
						"3.2667": [0, 0, 1.40828],
						"3.2833": [0, 0, 0.83208],
						"3.3": [0, 0, 0.41651],
						"3.3167": [0, 0, 0.1443],
						"3.3333": [0, 0, 0]
					},
					"position": {
						"0.0": [0, 0, 0],
						"2.45": [0, 0, 0],
						"2.5667": [0, 0, 0],
						"2.7833": [0, 0, 0],
						"3.0": [0, 0, 0],
						"3.2167": [0, 0, 0],
						"3.3": [0, 0, 0]
					}
				},
				"mag_and_lefthand": {
					"rotation": {
						"0.0": [0, 0, 0],
						"0.2833": [0, 0, 0],
						"3.4": [0, 0, 0]
					},
					"position": {
						"0.0": [0, 0, 0],
						"0.2167": [0, 0, 0],
						"0.2833": [0, 0, 0],
						"0.3": [0, -0.14605, 0],
						"0.3167": [0, -0.63251, 0],
						"0.3333": [0, -1.5456, 0],
						"0.35": [0, -2.97209, 0],
						"0.3667": [0, -4.941, 0],
						"0.4": [0, -9.65275, 0],
						"0.4167": [0, -11.62166, 0],
						"0.4333": [0, -13.04815, 0],
						"0.45": [0, -13.96124, 0],
						"0.4667": [0, -14.4477, 0],
						"0.4833": [0, -14.59375, 0],
						"0.5": [0, -14.61907, 0],
						"0.5167": [0, -14.66947, 0],
						"0.7333": [0, -15.65658, 0],
						"0.9": [0, -16.37987, 0],
						"1.0": [0, -16.71265, 0],
						"1.0667": [0, -16.85345, 0],
						"1.1": [0, -16.88407, 0],
						"1.1167": [0, -16.88504, 0],
						"1.1333": [0, -16.87364, 0],
						"1.15": [0, -16.84642, 0],
						"1.1667": [0, -16.79844, 0],
						"1.1833": [0, -16.72116, 0],
						"1.2": [0, -16.59774, 0],
						"1.2167": [0, -16.38549, 0],
						"1.2333": [0, -15.63125, 0],
						"1.25": [0, -13.30086, 0],
						"1.2667": [0, -11.93688, 0],
						"1.2833": [0, -10.74945, 0],
						"1.3": [0, -9.66283, 0],
						"1.3167": [0, -8.64816, 0],
						"1.3333": [0, -7.69111, 0],
						"1.35": [0, -6.78387, 0],
						"1.3667": [0, -5.92222, 0],
						"1.3833": [0, -5.10393, 0],
						"1.4": [0, -4.32841, 0],
						"1.4167": [0, -3.59638, 0],
						"1.4333": [0, -2.90984, 0],
						"1.45": [0, -2.27217, 0],
						"1.4667": [0, -1.68837, 0],
						"1.4833": [0, -1.16575, 0],
						"1.5": [0, -0.71459, 0],
						"1.5167": [0, -0.35076, 0],
						"1.5333": [0, -0.09877, 0],
						"1.55": [0, 0, 0],
						"3.4": [0, 0, 0]
					}
				},
				"lefthand": {
					"rotation": {
						"0.0": [111.29021, 23.40489, 77.15187],
						"0.1333": [111.29021, 23.40489, 77.15187],
						"0.2833": [111.29, 23.4, 77.15],
						"0.3": [111.53017, 23.27232, 77.21933],
						"0.3167": [112.01887, 23.01064, 77.36042],
						"0.5333": [122.48849, 17.5063, 80.38289],
						"0.75": [134.44513, 11.76305, 83.83465],
						"0.9333": [144.39027, 7.84626, 86.70571],
						"1.0333": [149.30682, 6.68612, 88.12507],
						"1.0833": [151.31787, 6.76183, 88.70564],
						"1.1": [151.80657, 6.99498, 88.84672],
						"1.1167": [152.04674, 7.42235, 88.91605],
						"1.1333": [152.15837, 8.01559, 89.1154],
						"1.15": [152.43605, 8.66525, 89.6113],
						"1.1667": [152.82671, 9.37238, 90.30898],
						"1.1833": [153.29896, 10.13446, 91.15235],
						"1.2667": [156.34612, 14.31555, 96.5942],
						"1.3333": [159.14307, 16.92321, 101.58921],
						"1.4333": [163.25505, 18.79538, 108.9327],
						"1.4833": [164.98719, 19.10913, 112.02608],
						"1.5": [165.45944, 19.15089, 112.86945],
						"1.5167": [165.8501, 19.16636, 113.56713],
						"1.5333": [166.12778, 19.15784, 114.06303],
						"1.55": [166.2394, 19.12777, 114.26237],
						"1.5667": [166.06572, 19.05256, 113.79433],
						"1.5833": [165.53664, 18.90062, 112.36862],
						"1.6": [164.64677, 18.64599, 109.97067],
						"1.6167": [163.40666, 18.24731, 106.6289],
						"1.6333": [161.84969, 17.62658, 102.43329],
						"1.65": [160.03629, 16.60328, 97.54667],
						"1.6667": [158.05446, 14.49342, 92.20617],
						"1.6833": [156.0139, 2.56465, 86.70741],
						"1.7": [154.03207, 0.37094, 81.36692],
						"1.7167": [152.21866, -0.71786, 76.48029],
						"1.7333": [150.6617, -1.39567, 72.28468],
						"1.75": [149.42158, -1.84616, 68.94291],
						"1.7667": [148.53172, -2.14887, 66.54496],
						"1.7833": [148.00264, -2.34603, 65.11925],
						"1.8": [147.82895, -2.46421, 64.65121],
						"1.85": [147.72953, -3.1652, 64.40964],
						"1.8667": [148.40962, -3.58812, 66.28329],
						"1.8833": [151.18654, -3.68768, 73.77983],
						"1.9": [153.72169, -2.16438, 80.59501],
						"1.9167": [155.97179, -0.93976, 86.6354],
						"1.9333": [158.05, 0.16, 92.21],
						"1.95": [160.12958, 1.43353, 97.78766],
						"1.9667": [162.3983, 3.44297, 103.87579],
						"1.9833": [165.0719, 8.85282, 111.05913],
						"2.0": [166.744, 17.48715, 115.59639],
						"2.0167": [166.42794, 18.6117, 114.76262],
						"2.0333": [166.28008, 19.0233, 114.37043],
						"2.05": [166.2394, 19.12777, 114.26237],
						"2.0667": [165.7578, 19.14833, 113.93712],
						"2.0833": [164.41425, 19.20712, 113.02973],
						"2.1": [162.3469, 19.30551, 111.63353],
						"2.1167": [159.67849, 19.4443, 109.83139],
						"2.1333": [156.51766, 19.624, 107.69669],
						"2.15": [152.96632, 19.8441, 105.29826],
						"2.1667": [149.11689, 20.10312, 102.69851],
						"2.1833": [145.0587, 20.39817, 99.95777],
						"2.2333": [132.47091, 21.44249, 91.45648],
						"2.25": [128.41272, 21.81343, 88.71574],
						"2.2667": [124.56329, 22.17536, 86.11598],
						"2.2833": [121.01196, 22.51385, 83.71755],
						"2.3": [117.85112, 22.8144, 81.58285],
						"2.3167": [115.18271, 23.06358, 79.78071],
						"2.3333": [113.11537, 23.25016, 78.38451],
						"2.35": [111.77182, 23.36565, 77.47713],
						"2.3667": [111.29021, 23.40489, 77.15187],
						"3.4": [111.29021, 23.40489, 77.15187]
					},
					"position": {
						"0.0": [-1.75, -18.5, -6.64062],
						"0.1333": [-0.82812, -23.34375, -3.34374],
						"0.2833": [-2.01562, -20.67187, 0.40688],
						"1.1167": [1.28125, -19.07812, -2.62437],
						"1.55": [0.20313, -21.92187, -4.37437],
						"1.8": [0.20313, -23.21875, -4.37437],
						"2.05": [0.20313, -21.92187, -4.37437],
						"2.3667": [-1.75, -18.5, -6.64062],
						"3.4": [-1.75, -18.5, -6.64062]
					}
				},
				"lefthand_pos": {
					"rotation": [0, 180, 0],
					"scale": [1, 1.7, 1]
				}
			},
			"sound_effects": {
				"0.0": {
					"effect": "cs_awp_reload"
				}
			}
		},
		"reload_empty": {
			"loop": "hold_on_last_frame",
			"animation_length": 3.4167,
			"bones": {
				"root": {
					"rotation": {
						"0.0": [0, 0, 0],
						"0.2167": [-2.15759, -0.47764, -0.0242],
						"0.35": [-3.87037, -1.52126, -0.04342],
						"0.4667": [-5.29445, -3.72052, -0.05939],
						"0.5667": [-6.1965, -4.68789, -0.06951],
						"0.5833": [-6.24, -4.75, -0.07],
						"0.6667": [-6.33462, -5.38872, 0.41782],
						"0.6833": [-6.37974, -5.6855, 0.65042],
						"0.7": [-6.42486, -6.14096, 0.88301],
						"0.7167": [-6.46256, -6.96755, 1.0774],
						"0.7333": [-6.48988, -9.03954, 1.21824],
						"0.75": [-6.50737, -11.62078, 1.30838],
						"0.7667": [-6.51668, -13.22893, 1.35641],
						"0.7833": [-6.51948, -14.42219, 1.37083],
						"0.8": [-6.64675, -15.77337, 1.27857],
						"0.8167": [-7.00972, -17.71001, 1.01614],
						"0.8333": [-7.58048, -20.20759, 0.60483],
						"0.85": [-8.3311, -23.14144, 0.06591],
						"0.8667": [-9.23367, -26.2897, -0.57933],
						"0.8833": [-10.26026, -29.39811, -1.30963],
						"0.9": [-11.38297, -32.26368, -2.1037],
						"0.9167": [-12.57388, -34.77101, -2.94026],
						"0.9333": [-13.80506, -36.88218, -3.79803],
						"0.95": [-15.0486, -38.60546, -4.65571],
						"0.9667": [-16.27652, -39.97115, -5.49202],
						"0.9833": [-17.46093, -41.01626, -6.28566],
						"1.0": [-18.57389, -41.777, -7.01536],
						"1.0167": [-19.5875, -42.28732, -7.65984],
						"1.0333": [-20.47383, -42.57587, -8.19783],
						"1.05": [-21.20497, -42.66866, -8.60803],
						"1.0667": [-21.753, -42.58724, -8.86918],
						"1.0833": [-22.09, -42.35, -8.96],
						"1.1833": [-22.24154, -39.70063, -8.47892],
						"1.3": [-21.05231, -34.96838, -7.48876],
						"1.3333": [-20.60752, -33.68996, -7.22635],
						"1.35": [-20.38096, -33.20856, -7.11236],
						"1.3667": [-20.157, -32.91837, -7.01651],
						"1.3833": [-19.94212, -32.91384, -6.94674],
						"1.4": [-19.74775, -33.31947, -6.91622],
						"1.4167": [-19.6, -34.29, -6.95],
						"1.4333": [-19.58279, -35.81202, -7.13412],
						"1.45": [-19.72309, -38.12409, -7.5752],
						"1.4667": [-19.98872, -40.28016, -8.3245],
						"1.4833": [-20.34415, -41.29772, -9.28214],
						"1.5": [-20.75203, -41.94294, -10.18683],
						"1.5167": [-21.17505, -42.43107, -10.88102],
						"1.5333": [-21.57748, -42.8332, -11.36273],
						"1.55": [-21.92663, -43.18117, -11.67542],
						"1.5667": [-22.19379, -43.49243, -11.85908],
						"1.5833": [-22.35469, -43.77647, -11.94355],
						"1.6": [-22.39, -44.04, -11.95],
						"1.7167": [-22.25405, -44.59343, -11.32531],
						"1.8167": [-22.17604, -43.67585, -10.50934],
						"1.9667": [-22.08974, -39.89397, -9.30272],
						"2.0167": [-22.07189, -38.73566, -9.02348],
						"2.0333": [-22.06833, -38.5284, -8.96815],
						"2.05": [-22.06687, -38.45412, -8.94598],
						"2.1667": [-22.06687, -38.45412, -8.94598],
						"2.1833": [-21.75765, -38.15684, -8.7814],
						"2.2": [-20.88353, -37.39632, -8.36039],
						"2.2167": [-19.532, -36.30431, -7.75586],
						"2.2333": [-17.79622, -34.96552, -7.01471],
						"2.25": [-15.76991, -33.43734, -6.16872],
						"2.2667": [-13.54189, -31.76277, -5.24169],
						"2.3333": [-4.05512, -24.1647, -1.03545],
						"2.35": [-1.80607, -22.14376, 0.08333],
						"2.3667": [0.32212, -20.1078, 1.21042],
						"2.3833": [2.30828, -18.07184, 2.33751],
						"2.4": [4.13692, -16.05091, 3.45629],
						"2.4167": [5.79754, -14.06069, 4.55805],
						"2.4333": [7.28364, -12.11784, 5.6336],
						"2.45": [8.59125, -10.2414, 6.67239],
						"2.4667": [9.7189, -8.45283, 7.66253],
						"2.4833": [10.66789, -6.77826, 8.58956],
						"2.5": [11.43963, -5.25008, 9.43555],
						"2.5167": [12.03722, -3.91129, 10.17669],
						"2.5333": [12.46389, -2.81928, 10.78122],
						"2.55": [12.7238, -2.05876, 11.20224],
						"2.5667": [12.82193, -1.76148, 11.36681],
						"2.6667": [12.3543, -1.76148, 11.36681],
						"2.8333": [8.40277, -1.76148, 11.36681],
						"2.8833": [7.29774, -1.76148, 11.36681],
						"2.9": [7.12813, -1.76148, 11.36681],
						"2.9167": [7.07193, -1.76148, 11.36681],
						"2.9333": [7.13384, -1.76148, 11.36681],
						"2.95": [7.32961, -1.76148, 11.36681],
						"2.9667": [7.67467, -1.76148, 11.36681],
						"2.9833": [8.1807, -1.76148, 11.36681],
						"3.0": [8.84806, -1.76148, 11.36681],
						"3.05": [11.399, -1.76148, 11.36681],
						"3.0667": [12.12168, -1.76148, 11.36681],
						"3.0833": [12.61751, -1.76148, 11.36681],
						"3.1": [12.84917, -1.76148, 11.36681],
						"3.1167": [12.82193, -1.76148, 11.36681],
						"3.1333": [12.39487, -1.74547, 11.26352],
						"3.15": [10.92821, -1.69897, 10.96347],
						"3.1667": [8.21508, -1.62458, 10.48342],
						"3.1833": [6.06211, -1.52541, 9.84349],
						"3.2": [4.61456, -1.40511, 9.06714],
						"3.2167": [3.57106, -1.26781, 8.18117],
						"3.2333": [2.77764, -1.11806, 7.21483],
						"3.25": [2.15493, -0.9607, 6.19939],
						"3.3167": [0.66514, -0.35637, 2.29967],
						"3.3333": [0.45392, -0.23607, 1.52333],
						"3.35": [0.28718, -0.1369, 0.88339],
						"3.3667": [0.15907, -0.06251, 0.40335],
						"3.3833": [0.06454, -0.01601, 0.10329],
						"3.4": [0, 0, 0]
					},
					"position": {
						"0.0": [0, 0, 0],
						"0.2167": [0, 0, 0],
						"0.4167": [0, 0, 0],
						"0.4333": [-0.02649, 0, 0],
						"0.45": [-0.10184, 0, 0],
						"0.4667": [-0.21994, 0, 0],
						"0.4833": [-0.37469, 0, 0],
						"0.5": [-0.55997, 0, 0],
						"0.5167": [-0.76969, 0, 0],
						"0.5333": [-0.99774, 0, 0],
						"0.6": [-1.97101, 0, 0],
						"0.6167": [-2.19906, 0, 0],
						"0.6333": [-2.40878, 0, 0],
						"0.65": [-2.59406, 0, 0],
						"0.6667": [-2.74881, 0, 0],
						"0.6833": [-2.86691, 0, 0],
						"0.7": [-2.94226, 0, 0],
						"0.7167": [-2.96875, 0, 0],
						"0.9333": [-2.96437, 0, -0.01938],
						"1.15": [-2.94815, -0.06043, -0.02169],
						"1.35": [-2.94347, -0.08573, -0.02236],
						"1.4167": [-2.95405, -0.0437, -0.02085],
						"1.4333": [-2.96, 0, -0.02],
						"1.5333": [-2.98662, 0.47591, -0.0251],
						"1.6167": [-2.98425, 0.73515, -0.03097],
						"1.6833": [-2.98, 0.8125, -0.02],
						"1.7": [-2.97942, 0.80538, -0.01584],
						"1.7167": [-2.9787, 0.78551, -0.01266],
						"1.8833": [-2.96847, 0.25318, -0.01224],
						"1.95": [-2.96528, 0.05756, -0.01755],
						"1.9667": [-2.9648, 0.02699, -0.0185],
						"1.9833": [-2.96449, 0.00712, -0.01914],
						"2.0": {
							"pre": [-2.96437, 0, -0.01938],
							"post": [-2.96437, 0, -0.01938],
							"lerp_mode": "catmullrom"
						},
						"2.0167": [-2.97322, 0.04628, -0.02639],
						"2.0333": [-3.00819, 0.25253, -0.05414],
						"2.05": [-3.09936, 1.12312, -0.12648],
						"2.0667": [-3.36844, 3.24596, -0.34],
						"2.0833": [-3.63752, 3.70099, -0.55352],
						"2.1": [-3.72869, 3.89582, -0.62586],
						"2.1167": [-3.76366, 3.97988, -0.65361],
						"2.1333": [-3.7725, 4, -0.66062],
						"2.1667": [-3.7725, 4, -0.66062],
						"2.1833": [-3.74194, 3.99501, -0.65527],
						"2.2": [-3.66374, 3.9829, -0.64158],
						"2.2167": [-3.55147, 3.96276, -0.62192],
						"2.2333": [-3.41382, 3.93406, -0.59782],
						"2.25": [-3.25671, 3.89593, -0.5703],
						"2.2667": [-3.08454, 3.84744, -0.54015],
						"2.2833": [-2.90065, 3.78737, -0.50795],
						"2.3": [-2.70773, 3.71453, -0.47417],
						"2.3167": [-2.50797, 3.6272, -0.43919],
						"2.3333": [-2.30335, 3.5235, -0.40335],
						"2.35": [-2.09557, 3.4012, -0.36697],
						"2.3667": [-1.88625, 3.25736, -0.33031],
						"2.3833": [-1.67693, 3.08848, -0.29366],
						"2.4": [-1.46915, 2.89017, -0.25727],
						"2.4167": [-1.26453, 2.65685, -0.22144],
						"2.4333": [-1.06477, 2.38211, -0.18646],
						"2.45": [-0.87185, 2.05893, -0.15268],
						"2.4667": [-0.68796, 1.68284, -0.12047],
						"2.4833": [-0.51579, 1.26045, -0.09032],
						"2.5": [-0.35868, 0.82621, -0.06281],
						"2.5167": [-0.22103, 0.44745, -0.03871],
						"2.5333": [-0.10876, 0.18265, -0.01905],
						"2.55": [-0.03056, 0.04105, -0.00535],
						"2.5667": [0, 0, 0],
						"2.5833": [0, 0, 0.04048],
						"2.6": [0, 0, 0.18591],
						"2.6167": [0, 0, 0.48561],
						"2.6333": [0, 0, 0.98614],
						"2.65": [0, 0, 1.61835],
						"2.6667": [0, 0, 2.17505],
						"2.6833": [0, 0, 2.56475],
						"2.7": [0, 0, 2.81391],
						"2.7167": [0, 0, 2.96201],
						"2.7333": [0, 0, 3.03741],
						"2.75": [0, 0, 3.05888],
						"2.7667": [0, 0, 3.03882],
						"2.7833": [0, 0, 2.98585],
						"2.8": [0, 0, 2.90625],
						"2.8167": [0, 0, 2.80766],
						"2.8333": [0, 0, 2.6943],
						"2.85": [0, 0, 2.56531],
						"2.8667": [0, 0, 2.41998],
						"2.8833": [0, 0, 2.25761],
						"2.9": [0, 0, 2.07775],
						"2.9167": [0, 0, 1.88013],
						"2.9333": [0, 0, 1.66507],
						"2.95": [0, 0, 1.43347],
						"2.9667": [0, 0, 1.18725],
						"3.0333": [0, 0, 0.14701],
						"3.05": [0, 0, -0.08891],
						"3.0667": [0, 0, -0.29575],
						"3.0833": [0, 0, -0.46441],
						"3.1": [0, 0, -0.58806],
						"3.1167": [0, 0, -0.66274],
						"3.1333": [0, 0, -0.6875],
						"3.15": [0, 0, -0.68114],
						"3.1667": [0, 0, -0.66223],
						"3.1833": [0, 0, -0.63125],
						"3.3": [0, 0, -0.21011],
						"3.35": [0, 0, -0.05625],
						"3.3667": [0, 0, -0.02527],
						"3.3833": [0, 0, -0.00636],
						"3.4": [0, 0, 0]
					}
				},
				"righthand": {
					"rotation": {
						"0.0": [90, 0, 0],
						"2.25": {
							"pre": [90, 0, 0],
							"post": [90, 0, 0],
							"lerp_mode": "catmullrom"
						},
						"2.4": {
							"post": [84.47697, -5.22576, 0.50459],
							"lerp_mode": "catmullrom"
						},
						"2.55": {
							"post": [73.03381, -4.93544, 0.47656],
							"lerp_mode": "catmullrom"
						},
						"3.2167": [86.28421, -10.04595, 0.68377],
						"3.4": [90, 0, 0]
					},
					"position": {
						"0.0": [5.23438, -15.85937, 5.39063],
						"2.25": {
							"pre": [5.23438, -15.85937, 5.39063],
							"post": [5.23438, -15.85937, 5.39063],
							"lerp_mode": "catmullrom"
						},
						"2.4": {
							"post": [1.55813, -13.985, 4.35875],
							"lerp_mode": "catmullrom"
						},
						"2.55": {
							"post": [1.33813, -12.41812, 3.34188],
							"lerp_mode": "catmullrom"
						},
						"2.6": [1.57, -12.52625, 4.71],
						"2.8": [1.8025, -12.0475, 8.3175],
						"2.8833": [2.28, -11.56437, 7.08188],
						"3.0167": [3.04, -11.27937, 5.13438],
						"3.2167": [1.46125, -13.67, 5.27],
						"3.4": [5.23438, -15.85937, 5.39063]
					}
				},
				"righthand_pos": {
					"rotation": [0, -180, 0],
					"scale": [1, 1.5, 1]
				},
				"bolt_group": {
					"rotation": {
						"2.5667": [0, 0, 0],
						"2.7833": [0, 0, 0],
						"2.9333": [0, 0, 0],
						"3.15": [0, 0, 0],
						"3.2167": [0, 0, 0]
					},
					"position": {
						"2.5667": [0, 0, 0],
						"2.5833": [0, 0, 0.51817],
						"2.6": [0, 0, 1.02421],
						"2.6167": [0, 0, 1.49605],
						"2.6333": [0, 0, 1.9306],
						"2.65": [0, 0, 2.32701],
						"2.6667": [0, 0, 2.68493],
						"2.6833": [0, 0, 3.00402],
						"2.7": [0, 0, 3.28397],
						"2.7167": [0, 0, 3.52423],
						"2.7333": [0, 0, 3.72421],
						"2.75": [0, 0, 3.88326],
						"2.7667": [0, 0, 4.00051],
						"2.7833": [0, 0, 4.07507],
						"2.8": [0, 0, 4.1059],
						"2.8167": [0, 0, 4.09164],
						"2.8333": [0, 0, 4.03125],
						"2.85": [0, 0, 3.92275],
						"2.8667": [0, 0, 3.7469],
						"2.8833": [0, 0, 3.45478],
						"2.9": [0, 0, 2.95518],
						"2.9167": [0, 0, 2.26795],
						"2.9333": [0, 0, 1.70051],
						"2.95": [0, 0, 1.30927],
						"2.9667": [0, 0, 1.0279],
						"2.9833": [0, 0, 0.81494],
						"3.0": [0, 0, 0.64805],
						"3.0167": [0, 0, 0.51417],
						"3.0333": [0, 0, 0.40535],
						"3.05": [0, 0, 0.31625],
						"3.0667": [0, 0, 0.24296],
						"3.0833": [0, 0, 0.1828],
						"3.1667": [0, 0, 0.02106],
						"3.2167": [0, 0, 0]
					}
				},
				"bolt_rotate": {
					"rotation": {
						"0.0": [0, 0, 0],
						"0.2167": [0, 0, -0.13388],
						"0.4333": [0, 0, -0.27512],
						"0.65": [0, 0, -0.40715],
						"0.8667": [0, 0, -0.5268],
						"1.0833": [0, 0, -0.63122],
						"1.3": [0, 0, -0.71666],
						"1.5167": [0, 0, -0.77769],
						"1.7333": [0, 0, -0.80556],
						"1.95": [0, 0, -0.78423],
						"2.1667": [0, 0, -0.67718],
						"2.3833": [0, 0, -0.34068],
						"2.45": [0, 0, 0],
						"2.4667": [0, 0, 0.77434],
						"2.4833": [0, 0, 3.06374],
						"2.5": [0, 0, 8.73309],
						"2.5167": [0, 0, 44.89742],
						"2.5333": [0, 0, 60.54319],
						"2.55": [0, 0, 63.77899],
						"2.5667": [0, 0, 64.5],
						"2.7833": [0, 0, 64.86848],
						"2.9667": [0, 0, 64.74732],
						"3.0": [0, 0, 64.5],
						"3.0167": [0, 0, 63.51645],
						"3.0333": [0, 0, 60.11772],
						"3.05": [0, 0, 52.68849],
						"3.0667": [0, 0, 42.09929],
						"3.0833": [0, 0, 32.67546],
						"3.1": [0, 0, 25.55356],
						"3.1167": [0, 0, 20.14748],
						"3.1333": [0, 0, 15.93044],
						"3.15": [0, 0, 12.56836],
						"3.1667": [0, 0, 9.84838],
						"3.1833": [0, 0, 7.6309],
						"3.2": [0, 0, 5.816],
						"3.2167": [0, 0, 4.33288],
						"3.2333": [0, 0, 3.12991],
						"3.25": [0, 0, 2.16475],
						"3.2667": [0, 0, 1.40828],
						"3.2833": [0, 0, 0.83208],
						"3.3": [0, 0, 0.41651],
						"3.3167": [0, 0, 0.1443],
						"3.3333": [0, 0, 0]
					},
					"position": {
						"0.0": [0, 0, 0],
						"2.45": [0, 0, 0],
						"2.5667": [0, 0, 0],
						"2.7833": [0, 0, 0],
						"3.0": [0, 0, 0],
						"3.2167": [0, 0, 0],
						"3.3": [0, 0, 0]
					}
				},
				"mag_and_lefthand": {
					"rotation": {
						"0.0": [0, 0, 0],
						"0.2833": [0, 0, 0],
						"3.4": [0, 0, 0]
					},
					"position": {
						"0.0": [0, 0, 0],
						"0.2167": [0, 0, 0],
						"0.2833": [0, 0, 0],
						"0.3": [0, -0.14605, 0],
						"0.3167": [0, -0.63251, 0],
						"0.3333": [0, -1.5456, 0],
						"0.35": [0, -2.97209, 0],
						"0.3667": [0, -4.941, 0],
						"0.4": [0, -9.65275, 0],
						"0.4167": [0, -11.62166, 0],
						"0.4333": [0, -13.04815, 0],
						"0.45": [0, -13.96124, 0],
						"0.4667": [0, -14.4477, 0],
						"0.4833": [0, -14.59375, 0],
						"0.5": [0, -14.61907, 0],
						"0.5167": [0, -14.66947, 0],
						"0.7333": [0, -15.65658, 0],
						"0.9": [0, -16.37987, 0],
						"1.0": [0, -16.71265, 0],
						"1.0667": [0, -16.85345, 0],
						"1.1": [0, -16.88407, 0],
						"1.1167": [0, -16.88504, 0],
						"1.1333": [0, -16.87364, 0],
						"1.15": [0, -16.84642, 0],
						"1.1667": [0, -16.79844, 0],
						"1.1833": [0, -16.72116, 0],
						"1.2": [0, -16.59774, 0],
						"1.2167": [0, -16.38549, 0],
						"1.2333": [0, -15.63125, 0],
						"1.25": [0, -13.30086, 0],
						"1.2667": [0, -11.93688, 0],
						"1.2833": [0, -10.74945, 0],
						"1.3": [0, -9.66283, 0],
						"1.3167": [0, -8.64816, 0],
						"1.3333": [0, -7.69111, 0],
						"1.35": [0, -6.78387, 0],
						"1.3667": [0, -5.92222, 0],
						"1.3833": [0, -5.10393, 0],
						"1.4": [0, -4.32841, 0],
						"1.4167": [0, -3.59638, 0],
						"1.4333": [0, -2.90984, 0],
						"1.45": [0, -2.27217, 0],
						"1.4667": [0, -1.68837, 0],
						"1.4833": [0, -1.16575, 0],
						"1.5": [0, -0.71459, 0],
						"1.5167": [0, -0.35076, 0],
						"1.5333": [0, -0.09877, 0],
						"1.55": [0, 0, 0],
						"3.4": [0, 0, 0]
					}
				},
				"lefthand": {
					"rotation": {
						"0.0": [111.29021, 23.40489, 77.15187],
						"0.1333": [111.29021, 23.40489, 77.15187],
						"0.2833": [111.29, 23.4, 77.15],
						"0.3": [111.53017, 23.27232, 77.21933],
						"0.3167": [112.01887, 23.01064, 77.36042],
						"0.5333": [122.48849, 17.5063, 80.38289],
						"0.75": [134.44513, 11.76305, 83.83465],
						"0.9333": [144.39027, 7.84626, 86.70571],
						"1.0333": [149.30682, 6.68612, 88.12507],
						"1.0833": [151.31787, 6.76183, 88.70564],
						"1.1": [151.80657, 6.99498, 88.84672],
						"1.1167": [152.04674, 7.42235, 88.91605],
						"1.1333": [152.15837, 8.01559, 89.1154],
						"1.15": [152.43605, 8.66525, 89.6113],
						"1.1667": [152.82671, 9.37238, 90.30898],
						"1.1833": [153.29896, 10.13446, 91.15235],
						"1.2667": [156.34612, 14.31555, 96.5942],
						"1.3333": [159.14307, 16.92321, 101.58921],
						"1.4333": [163.25505, 18.79538, 108.9327],
						"1.4833": [164.98719, 19.10913, 112.02608],
						"1.5": [165.45944, 19.15089, 112.86945],
						"1.5167": [165.8501, 19.16636, 113.56713],
						"1.5333": [166.12778, 19.15784, 114.06303],
						"1.55": [166.2394, 19.12777, 114.26237],
						"1.5667": [166.06572, 19.05256, 113.79433],
						"1.5833": [165.53664, 18.90062, 112.36862],
						"1.6": [164.64677, 18.64599, 109.97067],
						"1.6167": [163.40666, 18.24731, 106.6289],
						"1.6333": [161.84969, 17.62658, 102.43329],
						"1.65": [160.03629, 16.60328, 97.54667],
						"1.6667": [158.05446, 14.49342, 92.20617],
						"1.6833": [156.0139, 2.56465, 86.70741],
						"1.7": [154.03207, 0.37094, 81.36692],
						"1.7167": [152.21866, -0.71786, 76.48029],
						"1.7333": [150.6617, -1.39567, 72.28468],
						"1.75": [149.42158, -1.84616, 68.94291],
						"1.7667": [148.53172, -2.14887, 66.54496],
						"1.7833": [148.00264, -2.34603, 65.11925],
						"1.8": [147.82895, -2.46421, 64.65121],
						"1.85": [147.72953, -3.1652, 64.40964],
						"1.8667": [148.40962, -3.58812, 66.28329],
						"1.8833": [151.18654, -3.68768, 73.77983],
						"1.9": [153.72169, -2.16438, 80.59501],
						"1.9167": [155.97179, -0.93976, 86.6354],
						"1.9333": [158.05, 0.16, 92.21],
						"1.95": [160.12958, 1.43353, 97.78766],
						"1.9667": [162.3983, 3.44297, 103.87579],
						"1.9833": [165.0719, 8.85282, 111.05913],
						"2.0": [166.744, 17.48715, 115.59639],
						"2.0167": [166.42794, 18.6117, 114.76262],
						"2.0333": [166.28008, 19.0233, 114.37043],
						"2.05": [166.2394, 19.12777, 114.26237],
						"2.0667": [165.7578, 19.14833, 113.93712],
						"2.0833": [164.41425, 19.20712, 113.02973],
						"2.1": [162.3469, 19.30551, 111.63353],
						"2.1167": [159.67849, 19.4443, 109.83139],
						"2.1333": [156.51766, 19.624, 107.69669],
						"2.15": [152.96632, 19.8441, 105.29826],
						"2.1667": [149.11689, 20.10312, 102.69851],
						"2.1833": [145.0587, 20.39817, 99.95777],
						"2.2333": [132.47091, 21.44249, 91.45648],
						"2.25": [128.41272, 21.81343, 88.71574],
						"2.2667": [124.56329, 22.17536, 86.11598],
						"2.2833": [121.01196, 22.51385, 83.71755],
						"2.3": [117.85112, 22.8144, 81.58285],
						"2.3167": [115.18271, 23.06358, 79.78071],
						"2.3333": [113.11537, 23.25016, 78.38451],
						"2.35": [111.77182, 23.36565, 77.47713],
						"2.3667": [111.29021, 23.40489, 77.15187],
						"3.4": [111.29021, 23.40489, 77.15187]
					},
					"position": {
						"0.0": [-1.75, -18.5, -6.64062],
						"0.1333": [-0.82812, -23.34375, -3.34374],
						"0.2833": [-2.01562, -20.67187, 0.40688],
						"1.1167": [1.28125, -19.07812, -2.62437],
						"1.55": [0.20313, -21.92187, -4.37437],
						"1.8": [0.20313, -23.21875, -4.37437],
						"2.05": [0.20313, -21.92187, -4.37437],
						"2.3667": [-1.75, -18.5, -6.64062],
						"3.4": [-1.75, -18.5, -6.64062]
					}
				},
				"lefthand_pos": {
					"rotation": [0, 180, 0],
					"scale": [1, 1.7, 1]
				}
			},
			"sound_effects": {
				"0.0": {
					"effect": "cs_awp_reload"
				}
			}
		}
	}
}