{
	"format_version": "1.8.0",
	"animations": {
		"static_idle": {
			"loop": true,
			"bones": {
				"righthand": {
					"rotation": [79, 0, 0],
					"position": [5.20313, -7.07812, 21.65625],
					"scale": 1
				},
				"righthand_pos": {
					"rotation": [0, -180, 0],
					"scale": [1, 1.5, 1]
				},
				"lefthand": {
					"rotation": [96.04216, 25.68833, 57.75562],
					"position": [0.57813, -6.82812, 8.3125],
					"scale": [1, 1.5, 1]
				},
				"lefthand_pos": {
					"rotation": [0, 180, 0]
				},
				"root": {
					"position": [-2.39062, 0, 0]
				},
				"AKM": {
					"position": [2.92188, -0.65625, 2.03125]
				}
			}
		},
		"shoot": {
			"animation_length": 0.45,
			"bones": {
				"root": {
					"rotation": {
						"0.0": [0, 0, 0],
						"0.0667": [0.24993, 0.01527, -0.49977],
						"0.4333": [0, 0, 0]
					},
					"position": {
						"0.0": {
							"post": [0, 0, 0],
							"lerp_mode": "catmullrom"
						},
						"0.0667": [0, 0.29688, 2.48438],
						"0.1167": {
							"pre": [0, 0.28, 1.63],
							"post": [0, 0.28, 1.63],
							"lerp_mode": "catmullrom"
						},
						"0.4333": {
							"post": [0, 0, 0],
							"lerp_mode": "catmullrom"
						}
					}
				}
			}
		},
		"draw": {
			"loop": "hold_on_last_frame",
			"animation_length": 0.9833,
			"bones": {
				"AKM": {
					"rotation": {
						"0.0": {
							"post": [24.37666, -9.79694, -18.9883],
							"lerp_mode": "catmullrom"
						},
						"0.0833": {
							"post": [1.09, -4.48, 4.39],
							"lerp_mode": "catmullrom"
						},
						"0.2333": {
							"post": [-39.49467, 11.44995, 74.50354],
							"lerp_mode": "catmullrom"
						},
						"0.3333": [-39.92334, 13.75808, 72.53967],
						"0.5": [-40.21317, 15.09736, 71.37654],
						"0.5667": [-42.05916, 17.65641, 74.58121],
						"0.7": [-28.7251, -18.47592, 6.69589],
						"0.8333": {
							"pre": [0, -2.75, 0],
							"post": [0, -2.75, 0],
							"lerp_mode": "catmullrom"
						},
						"0.9667": [0, 0, 0]
					},
					"position": {
						"0.0": {
							"post": [2.4375, -14.10937, -15.14062],
							"lerp_mode": "catmullrom"
						},
						"0.0833": {
							"post": [3.65, -6.48, -12.88],
							"lerp_mode": "catmullrom"
						},
						"0.2333": {
							"post": [7.27938, -0.755, -6.1125],
							"lerp_mode": "catmullrom"
						},
						"0.3333": {
							"post": [7.85813, -0.75, -6.11],
							"lerp_mode": "catmullrom"
						},
						"0.5": [8.54563, -0.75, -7.36],
						"0.5667": [8.54563, -0.75, -7.36],
						"0.7": [5.31125, -0.75, -7.36],
						"0.8333": {
							"pre": [3, -2.20312, 2.03125],
							"post": [3, -2.20312, 2.03125],
							"lerp_mode": "catmullrom"
						},
						"0.9667": [2.92188, -0.65625, 2.03125]
					}
				},
				"bolt": {
					"rotation": [0, 0, 0],
					"position": {
						"0.3333": [0, 0, 0],
						"0.4667": [0, 0, 6.29688],
						"0.5333": [0, 0, 0]
					}
				},
				"righthand": {
					"rotation": {
						"0.0": [79, 0, 0],
						"0.5833": [79, 0, 0]
					},
					"position": {
						"0.0": [5.20313, -7.07812, 21.65625],
						"0.5833": [5.20313, -7.07812, 21.65625]
					},
					"scale": {
						"0.0": [1, 1, 1],
						"0.5833": [1, 1, 1]
					}
				},
				"righthand_pos": {
					"rotation": {
						"0.0": [0, -180, 0],
						"0.5833": [0, -180, 0]
					},
					"scale": {
						"0.0": [1, 1.5, 1],
						"0.5833": [1, 1.5, 1]
					}
				},
				"lefthand": {
					"rotation": {
						"0.0": [95.7878, -19.84309, 53.15801],
						"0.2333": [76.36109, -22.75561, -103.86614],
						"0.3333": [76.36109, -22.75561, -103.86614],
						"0.4": [72.55, -23.81, -103.13],
						"0.4333": [67.69, -24.6, -102.58],
						"0.4667": [57.12321, -26.98489, -100.92532],
						"0.5": [59.78526, -29.99582, -106.50067],
						"0.5667": [37.58849, -36.70401, -98.43513],
						"0.8333": {
							"pre": [96.04216, 25.68833, 57.75562],
							"post": [96.04216, 25.68833, 57.75562],
							"lerp_mode": "catmullrom"
						},
						"0.9667": [96.04216, 25.68833, 57.75562]
					},
					"position": {
						"0.0": [0.57813, -14.40625, -0.03125],
						"0.2333": [12.07813, -4.01562, 11.4375],
						"0.25": [12.72063, -3.8, 12.03375],
						"0.2833": [12.46, -3.70375, 12.3],
						"0.3333": [12.07813, -2.70312, 11.4375],
						"0.4667": [13.67188, -4.68749, 12.59375],
						"0.5": [13.67, -4.69, 13.13688],
						"0.5667": [12.70125, -4.69, 11.69938],
						"0.8333": {
							"pre": [0.57813, -9.04687, 8.3125],
							"post": [0.57813, -9.04687, 8.3125],
							"lerp_mode": "catmullrom"
						},
						"0.9667": [0.57813, -6.82812, 8.3125]
					},
					"scale": {
						"0.0": [1, 1.5, 1],
						"0.2333": [1, 1.5, 1],
						"0.3333": [1, 1.5, 1],
						"0.4667": [1, 1.5, 1],
						"0.8333": {
							"pre": [1, 1.5, 1],
							"post": [1, 1.5, 1],
							"lerp_mode": "catmullrom"
						},
						"0.9667": [1, 1.5, 1]
					}
				},
				"lefthand_pos": {
					"rotation": {
						"0.0": [0, 180, 0],
						"0.5833": [0, 180, 0]
					}
				},
				"root": {
					"position": {
						"0.0": [-2.39062, 0, 0],
						"0.8": [-2.39062, 0, 0]
					}
				}
			},
			"sound_effects": {
				"0.0": {
					"effect": "csak_draw"
				}
			}
		},
		"reload_tactical": {
			"loop": "hold_on_last_frame",
			"animation_length": 2.4667,
			"bones": {
				"root": {
					"position": [-2.39062, 0, 0]
				},
				"AKM": {
					"rotation": {
						"0.0": {
							"post": [0, 0, 0],
							"lerp_mode": "catmullrom"
						},
						"0.2": {
							"post": [-27.64023, -21.35633, -9.92539],
							"lerp_mode": "catmullrom"
						},
						"0.3833": {
							"post": [-26.8619, -18.73544, -4.17903],
							"lerp_mode": "catmullrom"
						},
						"0.5667": {
							"post": [-15.3619, -18.73544, -4.17903],
							"lerp_mode": "catmullrom"
						},
						"0.7": {
							"post": [-20.8619, -18.73544, -4.17903],
							"lerp_mode": "catmullrom"
						},
						"0.7833": {
							"post": [-26.8619, -18.73544, -4.17903],
							"lerp_mode": "catmullrom"
						},
						"1.0667": {
							"post": [-20.13252, -23.82919, -16.43613],
							"lerp_mode": "catmullrom"
						},
						"1.2167": {
							"post": [-21.63193, -22.49198, -12.6253],
							"lerp_mode": "catmullrom"
						},
						"1.25": [-17.4125, -22.41, -12.39],
						"1.3": {
							"pre": [-6.63193, -22.49198, -12.6253],
							"post": [-6.63193, -22.49198, -12.6253],
							"lerp_mode": "catmullrom"
						},
						"1.35": {
							"post": [-1.88193, -22.49198, -12.6253],
							"lerp_mode": "catmullrom"
						},
						"1.4833": {
							"post": [-16.63193, -22.49198, -12.6253],
							"lerp_mode": "catmullrom"
						},
						"1.6333": {
							"post": [-39.49467, 11.44995, 74.50354],
							"lerp_mode": "catmullrom"
						},
						"1.8": [-39.92334, 13.75808, 72.53967],
						"1.95": [-34.71317, 15.09736, 71.37654],
						"2.1667": [-28.7251, -18.47592, 6.69589],
						"2.3": {
							"pre": [0, -2.75, 0],
							"post": [0, -2.75, 0],
							"lerp_mode": "catmullrom"
						},
						"2.4333": [0, 0, 0]
					},
					"position": {
						"0.0": {
							"post": [2.92188, -0.65625, 2.03125],
							"lerp_mode": "catmullrom"
						},
						"0.2": {
							"post": [3.15438, 0.19937, -3.48563],
							"lerp_mode": "catmullrom"
						},
						"0.3833": {
							"post": [3.15438, 0.19937, -1.4075],
							"lerp_mode": "catmullrom"
						},
						"0.5667": {
							"post": [3.15, -0.7675, -1.77],
							"lerp_mode": "catmullrom"
						},
						"0.7": {
							"post": [3.15, -0.7675, -1.77],
							"lerp_mode": "catmullrom"
						},
						"0.7833": {
							"post": [3.15438, -0.37875, -2.17313],
							"lerp_mode": "catmullrom"
						},
						"1.0667": {
							"post": [3.15438, -0.98812, -2.17313],
							"lerp_mode": "catmullrom"
						},
						"1.2167": {
							"post": [3.15438, -0.37875, -2.17313],
							"lerp_mode": "catmullrom"
						},
						"1.35": {
							"post": [1.68063, 0.9075, -1.07875],
							"lerp_mode": "catmullrom"
						},
						"1.4833": {
							"post": [1.63875, 1.01187, -1.17313],
							"lerp_mode": "catmullrom"
						},
						"1.6333": {
							"post": [7.27938, -0.755, -6.1125],
							"lerp_mode": "catmullrom"
						},
						"1.8": {
							"post": [7.85813, -0.75, -6.11],
							"lerp_mode": "catmullrom"
						},
						"1.95": [9.13938, -0.75, -8.03187],
						"2.1667": [5.31125, -0.75, -7.36],
						"2.3": {
							"pre": [3, -2.20312, 2.03125],
							"post": [3, -2.20312, 2.03125],
							"lerp_mode": "catmullrom"
						},
						"2.4333": [2.92188, -0.65625, 2.03125]
					}
				},
				"mag_and_bullet": {
					"rotation": {
						"0.0": [0, 0, 0],
						"0.3833": [0, 0, 0],
						"0.4333": [-25.75, 0, 0],
						"0.4833": [-27.41826, -11.58623, -21.16453],
						"0.55": [-10.16138, -18.30583, -35.63399],
						"0.6333": [12.60999, -15.97179, -44.35424],
						"0.7": [12.60999, -15.97179, -44.35424],
						"0.9167": [12.60999, -15.97179, -44.35424],
						"0.9833": [12.60999, -15.97179, -44.35424],
						"1.05": [-10.16138, -18.30583, -35.63399],
						"1.1167": [-28.77274, -7.22233, -12.89516],
						"1.1667": [-25.75, 0, 0],
						"1.2167": [0, 0, 0],
						"2.25": [0, 0, 0]
					},
					"position": {
						"0.0": [0, 0, 0],
						"0.3833": [0, 0, 0],
						"0.4333": [0, -1.04687, -0.20312],
						"0.4833": [0.71875, -2.16062, -2.79375],
						"0.55": [5.5, -4.94187, -7.10625],
						"0.6333": [9.78125, -16.67625, -9.575],
						"0.7": [15, -33.72312, -4.15312],
						"0.9167": [-1.98437, -27.3325, -4.15312],
						"0.9833": [-0.40625, -16.67625, -4.15312],
						"1.05": [-1.17187, -4.94187, -4.15312],
						"1.1167": [0.71875, -2.16062, -1.35625],
						"1.1667": [0, -1.04687, -0.20312],
						"1.2167": [0, 0, 0],
						"2.25": [0, 0, 0]
					}
				},
				"bolt": {
					"rotation": [0, 0, 0],
					"position": {
						"1.8": [0, 0, 0],
						"1.9": [0, 0, 6.29688],
						"2.0333": [0, 0, 6.29688],
						"2.1333": [0, 0, 0]
					}
				},
				"righthand": {
					"rotation": [79, 0, 0],
					"position": [5.20313, -7.07812, 21.65625],
					"scale": 1
				},
				"righthand_pos": {
					"rotation": [0, -180, 0],
					"scale": [1, 1.5, 1]
				},
				"lefthand": {
					"rotation": {
						"0.0": [96.04216, 25.68833, 57.75562],
						"0.1667": [68.57809, 15.70598, -11.36209],
						"0.2833": [60.26242, 3.07524, -48.68054],
						"0.3833": [38.3251, -5.77649, -54.61684],
						"0.4333": [28.11, -16.06, -59.3],
						"0.45": [31.33266, -21.32937, -62.33074],
						"0.4667": [32.58266, -21.32937, -62.33074],
						"0.4833": [40.32211, -20.5752, -62.96227],
						"0.5": [48.53672, -19.23747, -64.86109],
						"0.5167": [53.66919, -16.05563, -68.16208],
						"0.5333": [58.35593, -19.07783, -66.30389],
						"0.55": [65.31685, -17.29275, -67.81564],
						"0.5667": [66.19164, -17.65832, -67.39479],
						"0.5833": [64.96962, -15.39355, -66.98314],
						"0.6": [65.00906, -17.02437, -64.75193],
						"0.6167": [72.52618, -13.50127, -66.78082],
						"0.9167": [72.52618, -13.50127, -66.78082],
						"0.9667": [53.97084, -24.9105, -62.83383],
						"1.0333": [53.97084, -24.9105, -62.83383],
						"1.05": [56.95455, -32.28195, -69.50027],
						"1.0833": [50.13221, -36.06317, -68.02498],
						"1.1333": [39.78956, -30.48083, -47.14427],
						"1.2167": [32.41331, -20.26858, -36.82703],
						"1.3": [55.79341, -8.61255, -45.31006],
						"1.3667": [52.69277, -11.50137, -43.30295],
						"1.4333": [45.0214, -19.86553, -37.14204],
						"1.5333": [60.74496, -34.17822, -47.66477],
						"1.6333": [78.28054, -22.44199, -87.03711],
						"1.7": [78.6446, -17.54287, -88.10096],
						"1.8": [78.28054, -22.44199, -87.03711],
						"1.8667": [60.18745, -19.62877, -88.78749],
						"1.95": [49.10196, -22.44199, -87.03711],
						"2.0333": [51.09732, -29.58373, -80.93559],
						"2.1": [29.30189, -30.09319, -73.60768],
						"2.15": [26.12925, -19.69715, -66.36379],
						"2.2667": [61.83486, 13.84334, 4.47003],
						"2.3": [85.35315, 28.14045, 42.70962],
						"2.4333": [96.04216, 25.68833, 57.75562]
					},
					"position": {
						"0.0": [0.57813, -6.82812, 8.3125],
						"0.1667": [3.31251, -6.82812, 8.3125],
						"0.2833": [3.96876, -4.40624, 11.07813],
						"0.3833": [6.56251, -7.49999, 8.3125],
						"0.4333": [8.81, -8.19, 5.1],
						"0.45": [9.2475, -8.19, 4.86562],
						"0.4667": [9.73188, -8.73687, 3.61562],
						"0.4833": [9.15938, -8.74, 4.70937],
						"0.5": [10.05375, -8.75187, 5.605],
						"0.5167": [10.77875, -8.15062, 6.23438],
						"0.5333": [11.02875, -9.22875, 5.79688],
						"0.55": [11.02875, -8.71312, 5.79688],
						"0.5667": [11.95063, -11.08812, 5.10938],
						"0.5833": [13.79125, -13.24, 5.41438],
						"0.6": [14.5775, -15.3975, 4.375],
						"0.6167": [14.5775, -15.3975, 4.375],
						"0.7": [27.35563, -33.45813, 1.95813],
						"0.9167": [5.7025, -37.2725, 7.29688],
						"0.9667": [10.78063, -23.67875, -0.73437],
						"1.0333": [7.2025, -13.63187, 4.1875],
						"1.05": [4.99938, -11.75687, 3.96875],
						"1.0833": [6.32063, -11.38125, 4.36],
						"1.1333": [3.72688, -11.89687, 4.36],
						"1.2167": [2.50812, -13.36562, 5.07875],
						"1.3": [1.97687, -9.44375, 9.61],
						"1.3667": [1.97687, -9.44375, 9.61],
						"1.4333": [1.97687, -9.44375, 9.61],
						"1.5333": [5.9675, -9.08, 15.72688],
						"1.6333": [10.68625, -4.62687, 10.28938],
						"1.7": [10.69, -4.63, 12.19625],
						"1.8": [10.68625, -4.62687, 10.28938],
						"1.8667": [12.96, -4.86, 11.51],
						"1.95": [15.80563, -5.14562, 10.2275],
						"2.0333": [15.01438, -5.2675, 9.97688],
						"2.1": [11.99875, -5.2675, 9.97688],
						"2.15": [11.99875, -6.2675, 9.97688],
						"2.2667": [4.6575, -12.62937, 6.55813],
						"2.3": [1.42313, -12.62937, 2.13625],
						"2.35": [-0.65562, -10.45, 4.45],
						"2.4333": [0.57813, -6.82812, 8.3125]
					},
					"scale": {
						"0.0": [1, 1.5, 1],
						"0.1667": [1, 1.5, 1],
						"0.2833": [1, 1.5, 1],
						"0.3833": [1, 1.5, 1],
						"2.4333": [1, 1.5, 1]
					}
				},
				"lefthand_pos": {
					"rotation": [0, 180, 0]
				}
			},
			"sound_effects": {
				"0.0": {
					"effect": "csak_reload"
				}
			}
		},
		"reload_empty": {
			"loop": "hold_on_last_frame",
			"animation_length": 2.4667,
			"bones": {
				"root": {
					"position": [-2.39062, 0, 0]
				},
				"AKM": {
					"rotation": {
						"0.0": {
							"post": [0, 0, 0],
							"lerp_mode": "catmullrom"
						},
						"0.2": {
							"post": [-27.64023, -21.35633, -9.92539],
							"lerp_mode": "catmullrom"
						},
						"0.3833": {
							"post": [-26.8619, -18.73544, -4.17903],
							"lerp_mode": "catmullrom"
						},
						"0.5667": {
							"post": [-15.3619, -18.73544, -4.17903],
							"lerp_mode": "catmullrom"
						},
						"0.7": {
							"post": [-20.8619, -18.73544, -4.17903],
							"lerp_mode": "catmullrom"
						},
						"0.7833": {
							"post": [-26.8619, -18.73544, -4.17903],
							"lerp_mode": "catmullrom"
						},
						"1.0667": {
							"post": [-20.13252, -23.82919, -16.43613],
							"lerp_mode": "catmullrom"
						},
						"1.2167": {
							"post": [-21.63193, -22.49198, -12.6253],
							"lerp_mode": "catmullrom"
						},
						"1.25": [-17.4125, -22.41, -12.39],
						"1.3": {
							"pre": [-6.63193, -22.49198, -12.6253],
							"post": [-6.63193, -22.49198, -12.6253],
							"lerp_mode": "catmullrom"
						},
						"1.35": {
							"post": [-1.88193, -22.49198, -12.6253],
							"lerp_mode": "catmullrom"
						},
						"1.4833": {
							"post": [-16.63193, -22.49198, -12.6253],
							"lerp_mode": "catmullrom"
						},
						"1.6333": {
							"post": [-39.49467, 11.44995, 74.50354],
							"lerp_mode": "catmullrom"
						},
						"1.8": [-39.92334, 13.75808, 72.53967],
						"1.95": [-34.71317, 15.09736, 71.37654],
						"2.1667": [-28.7251, -18.47592, 6.69589],
						"2.3": {
							"pre": [0, -2.75, 0],
							"post": [0, -2.75, 0],
							"lerp_mode": "catmullrom"
						},
						"2.4333": [0, 0, 0]
					},
					"position": {
						"0.0": {
							"post": [2.92188, -0.65625, 2.03125],
							"lerp_mode": "catmullrom"
						},
						"0.2": {
							"post": [3.15438, 0.19937, -3.48563],
							"lerp_mode": "catmullrom"
						},
						"0.3833": {
							"post": [3.15438, 0.19937, -1.4075],
							"lerp_mode": "catmullrom"
						},
						"0.5667": {
							"post": [3.15, -0.7675, -1.77],
							"lerp_mode": "catmullrom"
						},
						"0.7": {
							"post": [3.15, -0.7675, -1.77],
							"lerp_mode": "catmullrom"
						},
						"0.7833": {
							"post": [3.15438, -0.37875, -2.17313],
							"lerp_mode": "catmullrom"
						},
						"1.0667": {
							"post": [3.15438, -0.98812, -2.17313],
							"lerp_mode": "catmullrom"
						},
						"1.2167": {
							"post": [3.15438, -0.37875, -2.17313],
							"lerp_mode": "catmullrom"
						},
						"1.35": {
							"post": [1.68063, 0.9075, -1.07875],
							"lerp_mode": "catmullrom"
						},
						"1.4833": {
							"post": [1.63875, 1.01187, -1.17313],
							"lerp_mode": "catmullrom"
						},
						"1.6333": {
							"post": [7.27938, -0.755, -6.1125],
							"lerp_mode": "catmullrom"
						},
						"1.8": {
							"post": [7.85813, -0.75, -6.11],
							"lerp_mode": "catmullrom"
						},
						"1.95": [9.13938, -0.75, -8.03187],
						"2.1667": [5.31125, -0.75, -7.36],
						"2.3": {
							"pre": [3, -2.20312, 2.03125],
							"post": [3, -2.20312, 2.03125],
							"lerp_mode": "catmullrom"
						},
						"2.4333": [2.92188, -0.65625, 2.03125]
					}
				},
				"mag_and_bullet": {
					"rotation": {
						"0.0": [0, 0, 0],
						"0.3833": [0, 0, 0],
						"0.4333": [-25.75, 0, 0],
						"0.4833": [-27.41826, -11.58623, -21.16453],
						"0.55": [-10.16138, -18.30583, -35.63399],
						"0.6333": [12.60999, -15.97179, -44.35424],
						"0.7": [12.60999, -15.97179, -44.35424],
						"0.9167": [12.60999, -15.97179, -44.35424],
						"0.9833": [12.60999, -15.97179, -44.35424],
						"1.05": [-10.16138, -18.30583, -35.63399],
						"1.1167": [-28.77274, -7.22233, -12.89516],
						"1.1667": [-25.75, 0, 0],
						"1.2167": [0, 0, 0],
						"2.25": [0, 0, 0]
					},
					"position": {
						"0.0": [0, 0, 0],
						"0.3833": [0, 0, 0],
						"0.4333": [0, -1.04687, -0.20312],
						"0.4833": [0.71875, -2.16062, -2.79375],
						"0.55": [5.5, -4.94187, -7.10625],
						"0.6333": [9.78125, -16.67625, -9.575],
						"0.7": [15, -33.72312, -4.15312],
						"0.9167": [-1.98437, -27.3325, -4.15312],
						"0.9833": [-0.40625, -16.67625, -4.15312],
						"1.05": [-1.17187, -4.94187, -4.15312],
						"1.1167": [0.71875, -2.16062, -1.35625],
						"1.1667": [0, -1.04687, -0.20312],
						"1.2167": [0, 0, 0],
						"2.25": [0, 0, 0]
					}
				},
				"bolt": {
					"rotation": [0, 0, 0],
					"position": {
						"1.8": [0, 0, 0],
						"1.9": [0, 0, 6.29688],
						"2.0333": [0, 0, 6.29688],
						"2.1333": [0, 0, 0]
					}
				},
				"righthand": {
					"rotation": [79, 0, 0],
					"position": [5.20313, -7.07812, 21.65625],
					"scale": 1
				},
				"righthand_pos": {
					"rotation": [0, -180, 0],
					"scale": [1, 1.5, 1]
				},
				"lefthand": {
					"rotation": {
						"0.0": [96.04216, 25.68833, 57.75562],
						"0.1667": [68.57809, 15.70598, -11.36209],
						"0.2833": [60.26242, 3.07524, -48.68054],
						"0.3833": [38.3251, -5.77649, -54.61684],
						"0.4333": [28.11, -16.06, -59.3],
						"0.45": [31.33266, -21.32937, -62.33074],
						"0.4667": [32.58266, -21.32937, -62.33074],
						"0.4833": [40.32211, -20.5752, -62.96227],
						"0.5": [48.53672, -19.23747, -64.86109],
						"0.5167": [53.66919, -16.05563, -68.16208],
						"0.5333": [58.35593, -19.07783, -66.30389],
						"0.55": [65.31685, -17.29275, -67.81564],
						"0.5667": [66.19164, -17.65832, -67.39479],
						"0.5833": [64.96962, -15.39355, -66.98314],
						"0.6": [65.00906, -17.02437, -64.75193],
						"0.6167": [72.52618, -13.50127, -66.78082],
						"0.9167": [72.52618, -13.50127, -66.78082],
						"0.9667": [53.97084, -24.9105, -62.83383],
						"1.0333": [53.97084, -24.9105, -62.83383],
						"1.05": [56.95455, -32.28195, -69.50027],
						"1.0833": [50.13221, -36.06317, -68.02498],
						"1.1333": [39.78956, -30.48083, -47.14427],
						"1.2167": [32.41331, -20.26858, -36.82703],
						"1.3": [55.79341, -8.61255, -45.31006],
						"1.3667": [52.69277, -11.50137, -43.30295],
						"1.4333": [45.0214, -19.86553, -37.14204],
						"1.5333": [60.74496, -34.17822, -47.66477],
						"1.6333": [78.28054, -22.44199, -87.03711],
						"1.7": [78.6446, -17.54287, -88.10096],
						"1.8": [78.28054, -22.44199, -87.03711],
						"1.8667": [60.18745, -19.62877, -88.78749],
						"1.95": [49.10196, -22.44199, -87.03711],
						"2.0333": [51.09732, -29.58373, -80.93559],
						"2.1": [29.30189, -30.09319, -73.60768],
						"2.15": [26.12925, -19.69715, -66.36379],
						"2.2667": [61.83486, 13.84334, 4.47003],
						"2.3": [85.35315, 28.14045, 42.70962],
						"2.4333": [96.04216, 25.68833, 57.75562]
					},
					"position": {
						"0.0": [0.57813, -6.82812, 8.3125],
						"0.1667": [3.31251, -6.82812, 8.3125],
						"0.2833": [3.96876, -4.40624, 11.07813],
						"0.3833": [6.56251, -7.49999, 8.3125],
						"0.4333": [8.81, -8.19, 5.1],
						"0.45": [9.2475, -8.19, 4.86562],
						"0.4667": [9.73188, -8.73687, 3.61562],
						"0.4833": [9.15938, -8.74, 4.70937],
						"0.5": [10.05375, -8.75187, 5.605],
						"0.5167": [10.77875, -8.15062, 6.23438],
						"0.5333": [11.02875, -9.22875, 5.79688],
						"0.55": [11.02875, -8.71312, 5.79688],
						"0.5667": [11.95063, -11.08812, 5.10938],
						"0.5833": [13.79125, -13.24, 5.41438],
						"0.6": [14.5775, -15.3975, 4.375],
						"0.6167": [14.5775, -15.3975, 4.375],
						"0.7": [27.35563, -33.45813, 1.95813],
						"0.9167": [5.7025, -37.2725, 7.29688],
						"0.9667": [10.78063, -23.67875, -0.73437],
						"1.0333": [7.2025, -13.63187, 4.1875],
						"1.05": [4.99938, -11.75687, 3.96875],
						"1.0833": [6.32063, -11.38125, 4.36],
						"1.1333": [3.72688, -11.89687, 4.36],
						"1.2167": [2.50812, -13.36562, 5.07875],
						"1.3": [1.97687, -9.44375, 9.61],
						"1.3667": [1.97687, -9.44375, 9.61],
						"1.4333": [1.97687, -9.44375, 9.61],
						"1.5333": [5.9675, -9.08, 15.72688],
						"1.6333": [10.68625, -4.62687, 10.28938],
						"1.7": [10.69, -4.63, 12.19625],
						"1.8": [10.68625, -4.62687, 10.28938],
						"1.8667": [12.96, -4.86, 11.51],
						"1.95": [15.80563, -5.14562, 10.2275],
						"2.0333": [15.01438, -5.2675, 9.97688],
						"2.1": [11.99875, -5.2675, 9.97688],
						"2.15": [11.99875, -6.2675, 9.97688],
						"2.2667": [4.6575, -12.62937, 6.55813],
						"2.3": [1.42313, -12.62937, 2.13625],
						"2.35": [-0.65562, -10.45, 4.45],
						"2.4333": [0.57813, -6.82812, 8.3125]
					},
					"scale": {
						"0.0": [1, 1.5, 1],
						"0.1667": [1, 1.5, 1],
						"0.2833": [1, 1.5, 1],
						"0.3833": [1, 1.5, 1],
						"2.4333": [1, 1.5, 1]
					}
				},
				"lefthand_pos": {
					"rotation": [0, 180, 0]
				}
			},
			"sound_effects": {
				"0.0": {
					"effect": "csak_reload"
				}
			}
		},
		"inspect": {
			"loop": "hold_on_last_frame",
			"animation_length": 4.3,
			"bones": {
				"root": {
					"position": [-2.39062, 0, 0]
				},
				"AKM": {
					"rotation": {
						"0.0": {
							"post": [0, 0, 0],
							"lerp_mode": "catmullrom"
						},
						"0.4167": {
							"post": [48.24716, -67.22828, -62.45196],
							"lerp_mode": "catmullrom"
						},
						"0.5667": [34.68558, -71.73238, -47.99212],
						"2.1": {
							"pre": [34.68558, -71.73238, -47.99212],
							"post": [34.68558, -71.73238, -47.99212],
							"lerp_mode": "catmullrom"
						},
						"2.3333": {
							"post": [9.77, -40.67, 3.75],
							"lerp_mode": "catmullrom"
						},
						"2.6333": {
							"post": [-16.49, -7.93, 58.28],
							"lerp_mode": "catmullrom"
						},
						"3.0": [-30.0288, 8.94675, 86.37152],
						"3.5": {
							"pre": [-30.0288, 8.94675, 86.37152],
							"post": [-30.0288, 8.94675, 86.37152],
							"lerp_mode": "catmullrom"
						},
						"3.8667": {
							"post": [6.65602, -20.05444, -13.70757],
							"lerp_mode": "catmullrom"
						},
						"4.2833": {
							"post": [0, 0, 0],
							"lerp_mode": "catmullrom"
						}
					},
					"position": {
						"0.0": {
							"post": [2.92188, -0.65625, 2.03125],
							"lerp_mode": "catmullrom"
						},
						"0.4167": {
							"post": [4.35938, -1.65625, -9.95312],
							"lerp_mode": "catmullrom"
						},
						"0.5667": [4.35938, -1.65625, -9.95312],
						"1.3": {
							"pre": [4.15688, -1.3475, -9.95],
							"post": [4.15688, -1.3475, -9.95],
							"lerp_mode": "catmullrom"
						},
						"2.1": {
							"post": [4.35938, -1.65625, -9.95312],
							"lerp_mode": "catmullrom"
						},
						"2.3333": {
							"post": [4.58, -1, -6.17],
							"lerp_mode": "catmullrom"
						},
						"2.6333": {
							"post": [4.79, -0.27, -2.19],
							"lerp_mode": "catmullrom"
						},
						"3.0": [4.89125, 0.10563, -0.1375],
						"3.5": {
							"pre": [4.89125, 0.10563, -0.1375],
							"post": [4.89125, 0.10563, -0.1375],
							"lerp_mode": "catmullrom"
						},
						"3.8667": {
							"post": [3.68687, 0.40687, -0.9525],
							"lerp_mode": "catmullrom"
						},
						"4.2833": {
							"post": [2.92188, -0.65625, 2.03125],
							"lerp_mode": "catmullrom"
						}
					}
				},
				"righthand": {
					"rotation": {
						"0.0": [79, 0, 0],
						"0.4167": [87.82371, 43.30942, 11.72583],
						"2.1": [87.82371, 43.30942, 11.72583],
						"2.3333": [80.5309, 40.95903, -13.51213],
						"2.6333": [79, 0, 0]
					},
					"position": {
						"0.0": [5.20313, -7.07812, 21.65625],
						"0.2167": [10.46375, -7.2275, 22.3175],
						"0.4167": [15.26563, -7.35937, 19.5],
						"2.1": [15.26563, -7.35937, 19.5],
						"2.3333": [15.31251, -5.17187, 18.48438],
						"2.6333": [5.20313, -7.07812, 21.65625]
					},
					"scale": {
						"0.0": [1, 1, 1],
						"0.4167": [1, 1, 1],
						"2.1": [1, 1, 1],
						"2.3333": [1, 1, 1],
						"2.6333": [1, 1, 1]
					}
				},
				"righthand_pos": {
					"rotation": [0, -180, 0],
					"scale": [1, 1.5, 1]
				},
				"lefthand": {
					"rotation": {
						"0.0": {
							"post": [96.04216, 25.68833, 57.75562],
							"lerp_mode": "catmullrom"
						},
						"0.0833": [94.30982, 16.22591, 61.60402],
						"0.2167": [91.8358, 12.75211, 68.70052],
						"0.4167": {
							"pre": [88.18449, 21.95334, 79.53931],
							"post": [88.18449, 21.95334, 79.53931],
							"lerp_mode": "catmullrom"
						},
						"0.5667": {
							"post": [88.18449, 21.95334, 79.53931],
							"lerp_mode": "catmullrom"
						},
						"2.1": {
							"post": [88.18449, 21.95334, 79.53931],
							"lerp_mode": "catmullrom"
						},
						"2.3333": [88.30051, -7.7833, 80.44846],
						"2.6333": [88.31491, 2.21236, 80.15317],
						"3.0": [89.56491, 2.21236, 80.15317],
						"3.25": [87.57154, 5.45102, 79.6766],
						"3.4333": [89.03131, 4.82575, 79.99646],
						"3.5": [89.56491, 2.21236, 80.15317],
						"3.5833": [89.55559, 11.96208, 80.07785],
						"3.85": [102.05559, 11.96208, 80.07785],
						"4.2833": {
							"pre": [96.04216, 25.68833, 57.75562],
							"post": [96.04216, 25.68833, 57.75562],
							"lerp_mode": "catmullrom"
						}
					},
					"position": {
						"0.0": {
							"post": [0.57813, -6.82812, 8.3125],
							"lerp_mode": "catmullrom"
						},
						"0.4167": {
							"post": [8.51563, -6.37499, 6.26563],
							"lerp_mode": "catmullrom"
						},
						"0.5667": {
							"post": [8.51563, -6.37499, 6.26563],
							"lerp_mode": "catmullrom"
						},
						"1.3": {
							"post": [8.52, -5.82312, 6.27],
							"lerp_mode": "catmullrom"
						},
						"2.1": {
							"post": [8.51563, -6.37499, 6.26563],
							"lerp_mode": "catmullrom"
						},
						"2.3333": [4.77, -3.63562, 6.7075],
						"2.6333": [4.77, -3.64, 7.54875],
						"3.0": [6.91063, -3.64, 10.87813],
						"3.25": [6.91, -5.84312, 10.88],
						"3.35": [6.91, -6.06937, 10.88],
						"3.4333": [6.91, -5.50125, 10.88],
						"3.5": [6.91063, -3.64, 10.87813],
						"3.5833": [5.86313, -4.34313, 9.67688],
						"3.7167": [2.76625, -4.34, 8.41438],
						"3.85": [4.13813, -3.6525, 6.82063],
						"4.2833": {
							"pre": [0.57813, -6.82812, 8.3125],
							"post": [0.57813, -6.82812, 8.3125],
							"lerp_mode": "catmullrom"
						}
					},
					"scale": {
						"0.0": {
							"post": [1, 1.5, 1],
							"lerp_mode": "catmullrom"
						},
						"0.4167": {
							"post": [1, 1.5, 1],
							"lerp_mode": "catmullrom"
						},
						"0.5667": {
							"post": [1, 1.5, 1],
							"lerp_mode": "catmullrom"
						},
						"2.1": {
							"post": [1, 1.5, 1],
							"lerp_mode": "catmullrom"
						},
						"4.2833": {
							"post": [1, 1.5, 1],
							"lerp_mode": "catmullrom"
						}
					}
				},
				"lefthand_pos": {
					"rotation": [0, 180, 0]
				}
			},
			"sound_effects": {
				"0.0": {
					"effect": "csak_inspect"
				}
			}
		},
		"inspect_empty": {
			"loop": "hold_on_last_frame",
			"animation_length": 4.3,
			"bones": {
				"root": {
					"position": [-2.39062, 0, 0]
				},
				"AKM": {
					"rotation": {
						"0.0": {
							"post": [0, 0, 0],
							"lerp_mode": "catmullrom"
						},
						"0.4167": {
							"post": [48.24716, -67.22828, -62.45196],
							"lerp_mode": "catmullrom"
						},
						"0.5667": [34.68558, -71.73238, -47.99212],
						"2.1": {
							"pre": [34.68558, -71.73238, -47.99212],
							"post": [34.68558, -71.73238, -47.99212],
							"lerp_mode": "catmullrom"
						},
						"2.3333": {
							"post": [9.77, -40.67, 3.75],
							"lerp_mode": "catmullrom"
						},
						"2.6333": {
							"post": [-16.49, -7.93, 58.28],
							"lerp_mode": "catmullrom"
						},
						"3.0": [-30.0288, 8.94675, 86.37152],
						"3.5": {
							"pre": [-30.0288, 8.94675, 86.37152],
							"post": [-30.0288, 8.94675, 86.37152],
							"lerp_mode": "catmullrom"
						},
						"3.8667": {
							"post": [6.65602, -20.05444, -13.70757],
							"lerp_mode": "catmullrom"
						},
						"4.2833": {
							"post": [0, 0, 0],
							"lerp_mode": "catmullrom"
						}
					},
					"position": {
						"0.0": {
							"post": [2.92188, -0.65625, 2.03125],
							"lerp_mode": "catmullrom"
						},
						"0.4167": {
							"post": [4.35938, -1.65625, -9.95312],
							"lerp_mode": "catmullrom"
						},
						"0.5667": [4.35938, -1.65625, -9.95312],
						"1.3": {
							"pre": [4.15688, -1.3475, -9.95],
							"post": [4.15688, -1.3475, -9.95],
							"lerp_mode": "catmullrom"
						},
						"2.1": {
							"post": [4.35938, -1.65625, -9.95312],
							"lerp_mode": "catmullrom"
						},
						"2.3333": {
							"post": [4.58, -1, -6.17],
							"lerp_mode": "catmullrom"
						},
						"2.6333": {
							"post": [4.79, -0.27, -2.19],
							"lerp_mode": "catmullrom"
						},
						"3.0": [4.89125, 0.10563, -0.1375],
						"3.5": {
							"pre": [4.89125, 0.10563, -0.1375],
							"post": [4.89125, 0.10563, -0.1375],
							"lerp_mode": "catmullrom"
						},
						"3.8667": {
							"post": [3.68687, 0.40687, -0.9525],
							"lerp_mode": "catmullrom"
						},
						"4.2833": {
							"post": [2.92188, -0.65625, 2.03125],
							"lerp_mode": "catmullrom"
						}
					}
				},
				"righthand": {
					"rotation": {
						"0.0": [79, 0, 0],
						"0.4167": [87.82371, 43.30942, 11.72583],
						"2.1": [87.82371, 43.30942, 11.72583],
						"2.3333": [80.5309, 40.95903, -13.51213],
						"2.6333": [79, 0, 0]
					},
					"position": {
						"0.0": [5.20313, -7.07812, 21.65625],
						"0.2167": [10.46375, -7.2275, 22.3175],
						"0.4167": [15.26563, -7.35937, 19.5],
						"2.1": [15.26563, -7.35937, 19.5],
						"2.3333": [15.31251, -5.17187, 18.48438],
						"2.6333": [5.20313, -7.07812, 21.65625]
					},
					"scale": {
						"0.0": [1, 1, 1],
						"0.4167": [1, 1, 1],
						"2.1": [1, 1, 1],
						"2.3333": [1, 1, 1],
						"2.6333": [1, 1, 1]
					}
				},
				"righthand_pos": {
					"rotation": [0, -180, 0],
					"scale": [1, 1.5, 1]
				},
				"lefthand": {
					"rotation": {
						"0.0": {
							"post": [96.04216, 25.68833, 57.75562],
							"lerp_mode": "catmullrom"
						},
						"0.0833": [94.30982, 16.22591, 61.60402],
						"0.2167": [91.8358, 12.75211, 68.70052],
						"0.4167": {
							"pre": [88.18449, 21.95334, 79.53931],
							"post": [88.18449, 21.95334, 79.53931],
							"lerp_mode": "catmullrom"
						},
						"0.5667": {
							"post": [88.18449, 21.95334, 79.53931],
							"lerp_mode": "catmullrom"
						},
						"2.1": {
							"post": [88.18449, 21.95334, 79.53931],
							"lerp_mode": "catmullrom"
						},
						"2.3333": [88.30051, -7.7833, 80.44846],
						"2.6333": [88.31491, 2.21236, 80.15317],
						"3.0": [89.56491, 2.21236, 80.15317],
						"3.25": [87.57154, 5.45102, 79.6766],
						"3.4333": [89.03131, 4.82575, 79.99646],
						"3.5": [89.56491, 2.21236, 80.15317],
						"3.5833": [89.55559, 11.96208, 80.07785],
						"3.85": [102.05559, 11.96208, 80.07785],
						"4.2833": {
							"pre": [96.04216, 25.68833, 57.75562],
							"post": [96.04216, 25.68833, 57.75562],
							"lerp_mode": "catmullrom"
						}
					},
					"position": {
						"0.0": {
							"post": [0.57813, -6.82812, 8.3125],
							"lerp_mode": "catmullrom"
						},
						"0.4167": {
							"post": [8.51563, -6.37499, 6.26563],
							"lerp_mode": "catmullrom"
						},
						"0.5667": {
							"post": [8.51563, -6.37499, 6.26563],
							"lerp_mode": "catmullrom"
						},
						"1.3": {
							"post": [8.52, -5.82312, 6.27],
							"lerp_mode": "catmullrom"
						},
						"2.1": {
							"post": [8.51563, -6.37499, 6.26563],
							"lerp_mode": "catmullrom"
						},
						"2.3333": [4.77, -3.63562, 6.7075],
						"2.6333": [4.77, -3.64, 7.54875],
						"3.0": [6.91063, -3.64, 10.87813],
						"3.25": [6.91, -5.84312, 10.88],
						"3.35": [6.91, -6.06937, 10.88],
						"3.4333": [6.91, -5.50125, 10.88],
						"3.5": [6.91063, -3.64, 10.87813],
						"3.5833": [5.86313, -4.34313, 9.67688],
						"3.7167": [2.76625, -4.34, 8.41438],
						"3.85": [4.13813, -3.6525, 6.82063],
						"4.2833": {
							"pre": [0.57813, -6.82812, 8.3125],
							"post": [0.57813, -6.82812, 8.3125],
							"lerp_mode": "catmullrom"
						}
					},
					"scale": {
						"0.0": {
							"post": [1, 1.5, 1],
							"lerp_mode": "catmullrom"
						},
						"0.4167": {
							"post": [1, 1.5, 1],
							"lerp_mode": "catmullrom"
						},
						"0.5667": {
							"post": [1, 1.5, 1],
							"lerp_mode": "catmullrom"
						},
						"2.1": {
							"post": [1, 1.5, 1],
							"lerp_mode": "catmullrom"
						},
						"4.2833": {
							"post": [1, 1.5, 1],
							"lerp_mode": "catmullrom"
						}
					}
				},
				"lefthand_pos": {
					"rotation": [0, 180, 0]
				}
			},
			"sound_effects": {
				"0.0": {
					"effect": "csak_inspect"
				}
			}
		}
	}
}