{
	"format_version": "1.8.0",
	"animations": {
		"static_idle": {
			"animation_length": 0.1167,
			"bones": {
				"lefthand": {
					"rotation": [90, 19, 0],
					"position": [-0.79687, -7.78125, 12.46875],
					"scale": [1, 1.5, 1]
				},
				"lefthand_pos": {
					"rotation": [0, 180, 0]
				},
				"righthand": {
					"rotation": [90, -0.75, 0],
					"position": [5.46875, -7.5625, 15.1875],
					"scale": [1, 1.5, 1]
				},
				"righthand_pos": {
					"rotation": [0, -180, 0]
				}
			}
		},
		"draw": {
			"loop": "hold_on_last_frame",
			"animation_length": 1.0667,
			"bones": {
				"slide": {
					"rotation": {
						"0.0": [0, 0, 0],
						"0.4333": [0, 0, 0],
						"0.7167": [0, 0, 0]
					},
					"position": {
						"0.0": [0, 0, 0],
						"0.4333": [0, 0, 0],
						"0.45": [0, 0, 0.02057],
						"0.4667": [0, 0, 0.08916],
						"0.4833": [0, 0, 0.21849],
						"0.5": [0, 0, 0.42278],
						"0.5167": [0, 0, 0.71018],
						"0.55": [0, 0, 1.40784],
						"0.5667": [0, 0, 1.67758],
						"0.5833": [0, 0, 1.84405],
						"0.6": [0, 0, 1.91879],
						"0.6167": [0, 0, 1.92188],
						"0.6333": [0, 0, 1.86224],
						"0.65": [0, 0, 1.66307],
						"0.6667": [0, 0, 0.3951],
						"0.6833": [0, 0, 0.10529],
						"0.7": [0, 0, 0.02011],
						"0.7167": [0, 0, 0]
					}
				},
				"lefthand": {
					"rotation": {
						"0.0": [66.80525, 12.33337, -108.86984],
						"0.1833": [66.80525, 12.33337, -108.86984],
						"0.2": [68.02807, 5.40088, -101.24276],
						"0.4333": [41.76772, -50.18792, -107.35886],
						"0.4833": [30.50164, -39.10535, -94.15218],
						"0.5833": [24.48803, -61.88011, -93.07505],
						"0.6167": [16.98803, -61.88011, -93.07505],
						"0.6833": [15.15028, -35.77046, -78.11243],
						"0.7333": [40.83018, 6.06525, -69.97633],
						"0.8": [60.49416, 25.65728, -36.50153],
						"1.05": [90, 19, 0]
					},
					"position": {
						"0.0": [5.52813, -11.07687, 12.47],
						"0.1833": [5.52813, -11.07687, 12.47],
						"0.2": [5.53, -11.08, 12.47],
						"0.4333": [5.63375, -7.78937, 8.98],
						"0.4833": [5.63375, -7.78937, 8.98],
						"0.5833": [7.30562, -10.1175, 8.48],
						"0.6167": [7.30562, -10.1175, 8.48],
						"0.6833": [8.60313, -10.12, 8.62],
						"0.7333": [10.25875, -10.1175, 8.98],
						"0.8": [6.29, -11.43, 4.63626],
						"1.05": [-0.79687, -7.78125, 12.46875]
					},
					"scale": [1, 1.5, 1]
				},
				"lefthand_pos": {
					"rotation": [0, 180, 0]
				},
				"righthand": {
					"rotation": [90, -0.75, 0],
					"position": [5.46875, -7.5625, 15.1875],
					"scale": [1, 1.5, 1]
				},
				"righthand_pos": {
					"rotation": [0, -180, 0]
				},
				"righthand_and_gun": {
					"rotation": {
						"0.2": [25.75, 0, 0],
						"0.2167": [25.37642, 0, 0],
						"0.2333": [24.32611, 0, 0],
						"0.25": [22.68664, 0, 0],
						"0.2667": [20.52722, 0, 0],
						"0.2833": [17.9032, 0, 0],
						"0.3": [14.85986, 0, 0],
						"0.3167": [11.43463, 0, 0],
						"0.3333": [7.65916, 0, 0],
						"0.35": [3.56017, 0, 0],
						"0.3667": [-0.83745, 0, 0],
						"0.3833": [-5.51021, 0, 0],
						"0.4": [-10.43002, 0, 0],
						"0.4167": [-15.54196, 0, 0],
						"0.4333": [-20.51, 0, 0],
						"0.45": [-22.64635, 0, 0],
						"0.4667": [-23.86586, 0, 0],
						"0.5": [-25.90414, 0, 0],
						"0.5167": [-27.12365, 0, 0],
						"0.5333": [-29.26, 0, 0],
						"0.5833": {
							"pre": [-37.87, 0, 0],
							"post": [-37.87, 0, 0],
							"lerp_mode": "catmullrom"
						},
						"0.7333": [-20.51, 0, 0],
						"0.8833": [-14.29, 0, 0],
						"0.9667": {
							"pre": [-6.35, 0, 0],
							"post": [-6.35, 0, 0],
							"lerp_mode": "catmullrom"
						},
						"1.05": {
							"post": [0, 0, 0],
							"lerp_mode": "catmullrom"
						}
					},
					"position": {
						"0.0": [0, -4.32812, 0],
						"0.1833": [0, -4.32812, 0],
						"0.2": [0, 0, 0],
						"0.4333": [0, -2.6375, -3.8325],
						"0.5333": [0, -4.55937, -4.94187],
						"0.5833": {
							"pre": [0, -6.45187, -5.76125],
							"post": [0, -6.45187, -5.76125],
							"lerp_mode": "catmullrom"
						},
						"0.7333": [0, -2.6375, -3.8325],
						"0.8833": [0, -3.985, -1.84562],
						"0.9667": {
							"pre": [0, -2.55312, -0.59],
							"post": [0, -2.55312, -0.59],
							"lerp_mode": "catmullrom"
						},
						"1.05": {
							"post": [0, 0, 0],
							"lerp_mode": "catmullrom"
						}
					},
					"scale": 1
				}
			},
			"sound_effects": {
				"0.0": {
					"effect": "cs_glock_draw"
				}
			}
		},
		"shoot": {
			"loop": "hold_on_last_frame",
			"animation_length": 0.25,
			"bones": {
				"root": {
					"rotation": {
						"0.0": [0, 0, 0],
						"0.05": [-8.75, 0, 0],
						"0.1": [-5.75, 0, 0],
						"0.2167": [0, 0, 0]
					},
					"position": {
						"0.0": [0, 0, 0],
						"0.05": [0, 0.125, 0.45313],
						"0.1": [0, 0.34, -0.10937],
						"0.2167": [0, 0, 0]
					}
				},
				"slide": {
					"rotation": [0, 0, 0],
					"position": {
						"0.0": [0, 0, 0],
						"0.05": [0, 0, 2.10938],
						"0.1": [0, 0, 0]
					}
				}
			},
			"sound_effects": {
				"0.0": {
					"effect": "cs_glock_shoot"
				}
			}
		},
		"reload_tactical": {
			"loop": "hold_on_last_frame",
			"animation_length": 2.125,
			"bones": {
				"lefthand": {
					"rotation": {
						"0.0": [90, 19, 0],
						"0.0833": {
							"pre": [90, 8.5, 0],
							"post": [90, 8.5, 0],
							"lerp_mode": "catmullrom"
						},
						"0.125": {
							"post": [90, 11.51667, 0],
							"lerp_mode": "catmullrom"
						},
						"0.7083": {
							"post": [90, -13.75, 0],
							"lerp_mode": "catmullrom"
						},
						"0.8333": {
							"post": [82.89773, -17.10611, 0.37104],
							"lerp_mode": "catmullrom"
						},
						"0.875": {
							"post": [78.86364, -18.22481, 0.49472],
							"lerp_mode": "catmullrom"
						},
						"0.9167": {
							"post": [81.5329, -24.68699, -27.45551],
							"lerp_mode": "catmullrom"
						},
						"1.0": {
							"post": [81.5329, -24.68699, -27.45551],
							"lerp_mode": "catmullrom"
						},
						"1.0417": {
							"post": [81.5329, -24.68699, -27.45551],
							"lerp_mode": "catmullrom"
						},
						"1.25": {
							"post": [101.67573, 1.4183, -168.26726],
							"lerp_mode": "catmullrom"
						},
						"1.4167": {
							"post": [126.05379, -18.21496, -216.4799],
							"lerp_mode": "catmullrom"
						},
						"1.5833": {
							"post": [128.53256, -26.17969, -223.01906],
							"lerp_mode": "catmullrom"
						},
						"1.6667": {
							"post": [130.51271, -30.61725, -227.17801],
							"lerp_mode": "catmullrom"
						},
						"1.7917": {
							"post": [90.18305, -47.80434, -150.57989],
							"lerp_mode": "catmullrom"
						},
						"1.9167": {
							"post": [76.69552, -0.12294, -60.44428],
							"lerp_mode": "catmullrom"
						},
						"2.0833": [90, 19, 0]
					},
					"position": {
						"0.0": [-0.79687, -7.78125, 12.46875],
						"0.0833": {
							"pre": [1.85625, -7.78, 17.11063],
							"post": [1.85625, -7.78, 17.11063],
							"lerp_mode": "catmullrom"
						},
						"0.125": {
							"post": [4.32875, -7.78, 20.86],
							"lerp_mode": "catmullrom"
						},
						"0.1667": {
							"post": [4.33, -7.78, 28.51625],
							"lerp_mode": "catmullrom"
						},
						"0.6667": {
							"post": [4.33, -7.78, 28.51625],
							"lerp_mode": "catmullrom"
						},
						"0.7083": {
							"post": [-0.59187, -17.12375, 15.72313],
							"lerp_mode": "catmullrom"
						},
						"0.75": {
							"post": [-0.88687, -16.235, 15.72],
							"lerp_mode": "catmullrom"
						},
						"0.7917": {
							"post": [-1.99625, -14.455, 15.72],
							"lerp_mode": "catmullrom"
						},
						"0.8333": {
							"post": [-3.05937, -13.23875, 15.72],
							"lerp_mode": "catmullrom"
						},
						"0.875": {
							"post": [-3.16437, -12.07812, 13.6575],
							"lerp_mode": "catmullrom"
						},
						"0.9167": {
							"post": [-3.16, -11.8925, 12.70688],
							"lerp_mode": "catmullrom"
						},
						"1.0": {
							"post": [-3.16, -10.90562, 12.28813],
							"lerp_mode": "catmullrom"
						},
						"1.0417": {
							"post": [-3.16, -10.90562, 12.28813],
							"lerp_mode": "catmullrom"
						},
						"1.25": {
							"post": [4.09, -10.90562, 12.28813],
							"lerp_mode": "catmullrom"
						},
						"1.4167": {
							"post": [6.38688, -8.8475, 9.9775],
							"lerp_mode": "catmullrom"
						},
						"1.6667": {
							"post": [6.38688, -8.8475, 9.9775],
							"lerp_mode": "catmullrom"
						},
						"1.7917": {
							"post": [12.34313, -10.89687, 13.44875],
							"lerp_mode": "catmullrom"
						},
						"1.9167": {
							"post": [4.9025, -10.9, 13.45],
							"lerp_mode": "catmullrom"
						},
						"2.0833": [-0.79687, -7.78125, 12.46875]
					},
					"scale": {
						"0.0": [1, 1.5, 1],
						"0.6667": {
							"pre": [1, 1.5, 1],
							"post": [1, 1.5, 1],
							"lerp_mode": "catmullrom"
						}
					}
				},
				"lefthand_pos": {
					"rotation": [0, 180, 0]
				},
				"righthand_and_gun": {
					"rotation": {
						"0.0": [0, 0, 0],
						"0.1667": {
							"pre": [-48, -63.25, 0],
							"post": [-48, -63.25, 0],
							"lerp_mode": "catmullrom"
						},
						"0.3333": {
							"post": [21.69288, -63.62603, -49.90476],
							"lerp_mode": "catmullrom"
						},
						"0.4583": {
							"post": [-2.4571, -65.59731, -23.26474],
							"lerp_mode": "catmullrom"
						},
						"0.5417": {
							"post": [-7.24729, -73.94861, -19.79243],
							"lerp_mode": "catmullrom"
						},
						"0.75": {
							"post": [59.08329, -62.04751, -93.19994],
							"lerp_mode": "catmullrom"
						},
						"0.9167": {
							"post": [57.83329, -62.04751, -93.19994],
							"lerp_mode": "catmullrom"
						},
						"1.0417": {
							"post": [52.08329, -62.04751, -93.19994],
							"lerp_mode": "catmullrom"
						},
						"1.1667": {
							"post": [19.80379, -73.12267, -48.61306],
							"lerp_mode": "catmullrom"
						},
						"1.3333": {
							"post": [-62.20118, -43.69009, 36.83441],
							"lerp_mode": "catmullrom"
						},
						"1.4167": {
							"post": [-62.20118, -43.69009, 36.83441],
							"lerp_mode": "catmullrom"
						},
						"1.5833": {
							"post": [-69.20118, -43.69009, 36.83441],
							"lerp_mode": "catmullrom"
						},
						"1.6667": {
							"post": [-58.45118, -43.69009, 36.83441],
							"lerp_mode": "catmullrom"
						},
						"1.7083": {
							"post": [-58.45118, -43.69009, 36.83441],
							"lerp_mode": "catmullrom"
						},
						"1.9583": {
							"post": [-6.49, -4.85, 4.09],
							"lerp_mode": "catmullrom"
						},
						"2.0833": [0, 0, 0]
					},
					"position": {
						"0.0": [0, 0, 0],
						"0.1667": {
							"pre": [-4.125, -3.54687, -13.0625],
							"post": [-4.125, -3.54687, -13.0625],
							"lerp_mode": "catmullrom"
						},
						"0.3333": {
							"post": [-4.125, -3.54687, -13.0625],
							"lerp_mode": "catmullrom"
						},
						"0.4583": {
							"post": [-4.125, -3.54687, -13.0625],
							"lerp_mode": "catmullrom"
						},
						"0.5417": {
							"post": [-3.46375, -3.19062, -13.65375],
							"lerp_mode": "catmullrom"
						},
						"0.6667": {
							"post": [-2.8975, -3.19, -13.06],
							"lerp_mode": "catmullrom"
						},
						"0.75": {
							"post": [-2.9, -3.19, -13.6225],
							"lerp_mode": "catmullrom"
						},
						"0.8333": {
							"post": [-2.9, -2.97125, -13.07312],
							"lerp_mode": "catmullrom"
						},
						"0.9167": {
							"post": [-2.7525, -2.95937, -13.13],
							"lerp_mode": "catmullrom"
						},
						"1.0417": {
							"post": [-1.48687, -2.49062, -13.13],
							"lerp_mode": "catmullrom"
						},
						"1.1667": {
							"post": [-2.145, -3.86, -14.23],
							"lerp_mode": "catmullrom"
						},
						"1.3333": {
							"post": [-1.52, -3.36, -14.95875],
							"lerp_mode": "catmullrom"
						},
						"1.4167": {
							"post": [-1.52, -3.36, -14.95875],
							"lerp_mode": "catmullrom"
						},
						"1.5833": {
							"post": [-1.52, -3.36, -14.95875],
							"lerp_mode": "catmullrom"
						},
						"1.6667": {
							"post": [-0.28562, -2.21937, -15.4275],
							"lerp_mode": "catmullrom"
						},
						"1.7083": {
							"post": [-0.28562, -2.21937, -15.4275],
							"lerp_mode": "catmullrom"
						},
						"1.9583": {
							"post": [-0.03, -0.25, -1.71],
							"lerp_mode": "catmullrom"
						},
						"2.0833": [0, 0, 0]
					}
				},
				"righthand": {
					"rotation": [90, -0.75, 0],
					"position": {
						"0.0": [5.46875, -7.5625, 15.1875],
						"0.1667": {
							"pre": [3.42313, -7.56, 15.19],
							"post": [3.42313, -7.56, 15.19],
							"lerp_mode": "catmullrom"
						},
						"1.0833": {
							"post": [3.42313, -7.56, 15.19],
							"lerp_mode": "catmullrom"
						},
						"1.375": {
							"post": [5.46875, -7.5625, 15.1875],
							"lerp_mode": "catmullrom"
						}
					},
					"scale": [1, 1.5, 1]
				},
				"righthand_pos": {
					"rotation": [0, -180, 0]
				},
				"slide": {
					"rotation": {
						"0.0": [0, 0, 0],
						"1.4167": [0, 0, 0]
					},
					"position": {
						"0.0": [0, 0, 0],
						"1.4167": [0, 0, 0],
						"1.5417": [0, 0, 2.15625],
						"1.625": [0, 0, 2.15625],
						"1.7083": [0, 0, 0]
					}
				},
				"mag_and_bullet": {
					"rotation": {
						"0.0": [0, 0, 0],
						"0.2917": [0, 0, 0],
						"0.3333": [0, 0, 0],
						"0.9167": [0, 0, 0]
					},
					"position": {
						"0.0": [0, 0, 0],
						"0.2917": [0, 0, 0],
						"0.3333": [0, -0.96875, 0.46875],
						"0.4167": [0, -4.4675, 1.5825],
						"0.4583": [0, -10.00125, 3.54875],
						"0.5417": [0, -11.9375, 4.84688],
						"0.75": [0, -8.2825, 3.06438],
						"0.8333": [0, -4.24875, 1.66938],
						"0.875": [0, -1.8425, 0.82563],
						"0.9167": [0, 0, 0]
					}
				}
			},
			"sound_effects": {
				"0.0": {
					"effect": "cs_glock_reload"
				}
			}
		},
		"inspect": {
			"loop": "hold_on_last_frame",
			"animation_length": 6.75,
			"bones": {
				"lefthand": {
					"rotation": {
						"0.0": [90, 19, 0],
						"0.35": [90, 9.25, 0],
						"5.8667": [90, 9.25, 0],
						"6.15": [90, 19, 0],
						"6.2833": [90, 19, 0],
						"6.55": [90, 19, 0]
					},
					"position": {
						"0.0": [-0.79687, -7.78125, 12.46875],
						"0.35": [2.32813, -7.78125, 28.82813],
						"5.8667": [2.32813, -7.78125, 28.82813],
						"6.15": [-0.79687, -8.45312, 13.92188],
						"6.2833": [-0.79687, -8.45312, 14.75],
						"6.55": [-0.79687, -7.78125, 12.46875]
					},
					"scale": [1, 1.5, 1]
				},
				"lefthand_pos": {
					"rotation": [0, 180, 0]
				},
				"righthand_and_gun": {
					"rotation": {
						"0.0": [0, 0, 0],
						"0.3833": [6.83659, -72.35042, -24.37438],
						"0.8667": {
							"pre": [-19.17903, -72.17591, -6.26106],
							"post": [-19.17903, -72.17591, -6.26106],
							"lerp_mode": "catmullrom"
						},
						"1.2833": {
							"post": [-5.92903, -72.17591, -6.26106],
							"lerp_mode": "catmullrom"
						},
						"1.8333": {
							"post": [-6.57618, -72.17591, -6.26106],
							"lerp_mode": "catmullrom"
						},
						"2.3": {
							"post": [-5.18617, -72.17591, -6.26106],
							"lerp_mode": "catmullrom"
						},
						"2.7333": {
							"post": [-5.92903, -72.17591, -6.26106],
							"lerp_mode": "catmullrom"
						},
						"3.0667": {
							"post": [-5.18617, -72.17591, -6.26106],
							"lerp_mode": "catmullrom"
						},
						"3.25": {
							"post": [-5.18617, -72.17591, -6.26106],
							"lerp_mode": "catmullrom"
						},
						"3.95": {
							"post": [2.06383, -72.17591, -6.26106],
							"lerp_mode": "catmullrom"
						},
						"4.3167": {
							"post": [-18.1652, 39.42339, 93.93956],
							"lerp_mode": "catmullrom"
						},
						"4.8333": {
							"post": [-18.1652, 39.42339, 93.93956],
							"lerp_mode": "catmullrom"
						},
						"5.2333": {
							"post": [-46.58506, 28.36206, 41.21839],
							"lerp_mode": "catmullrom"
						},
						"5.5333": {
							"post": [-46.58506, 28.36206, 41.21839],
							"lerp_mode": "catmullrom"
						},
						"5.7833": {
							"post": [-35.92, 22.03, 32.02],
							"lerp_mode": "catmullrom"
						},
						"6.15": {
							"post": [0.74548, 0.19027, 0.27651],
							"lerp_mode": "catmullrom"
						},
						"6.55": [0, 0, 0]
					},
					"position": {
						"0.0": [0, 0, 0],
						"0.3833": [-12.35937, -0.34375, -8.96875],
						"0.8667": {
							"pre": [-10.92062, -2.92625, -8.97],
							"post": [-10.92062, -2.92625, -8.97],
							"lerp_mode": "catmullrom"
						},
						"1.2833": {
							"post": [-12.35937, -0.79687, -8.96875],
							"lerp_mode": "catmullrom"
						},
						"1.8333": {
							"post": [-12.24562, -0.64, -8.97],
							"lerp_mode": "catmullrom"
						},
						"2.3": {
							"post": [-12.35937, -0.79687, -8.96875],
							"lerp_mode": "catmullrom"
						},
						"2.7333": {
							"post": [-12.35937, -0.79687, -8.96875],
							"lerp_mode": "catmullrom"
						},
						"3.0667": {
							"post": [-12.35937, -0.79687, -8.96875],
							"lerp_mode": "catmullrom"
						},
						"3.25": {
							"post": [-12.35937, -0.79687, -8.96875],
							"lerp_mode": "catmullrom"
						},
						"3.95": {
							"post": [-12.36, 2.30938, -8.97],
							"lerp_mode": "catmullrom"
						},
						"4.3167": {
							"post": [-6.6725, 0.93438, -3.845],
							"lerp_mode": "catmullrom"
						},
						"4.8333": {
							"post": [-7.51625, 0.40313, -3.845],
							"lerp_mode": "catmullrom"
						},
						"5.2333": {
							"post": [-6.23875, -4.42812, -5.4025],
							"lerp_mode": "catmullrom"
						},
						"5.5333": {
							"post": [-6.23875, -4.42812, -5.4025],
							"lerp_mode": "catmullrom"
						},
						"5.7833": {
							"post": [-4.85, -3.51, -4.2],
							"lerp_mode": "catmullrom"
						},
						"6.15": {
							"post": [-0.07, -0.3, -0.06],
							"lerp_mode": "catmullrom"
						},
						"6.55": [0, 0, 0]
					}
				},
				"righthand": {
					"rotation": {
						"0.0": [90, -0.75, 0],
						"0.3833": [90, -0.75, 0],
						"5.4167": {
							"pre": [90, -0.75, 0],
							"post": [90, -0.75, 0],
							"lerp_mode": "catmullrom"
						},
						"5.65": {
							"post": [90, -0.75, 0],
							"lerp_mode": "catmullrom"
						}
					},
					"position": {
						"0.0": [5.46875, -7.5625, 15.1875],
						"0.3833": [5.47, -7.56, 15.19],
						"0.85": [3.64188, -7.56, 15.19],
						"5.4167": {
							"pre": [3.64188, -7.56, 15.19],
							"post": [3.64188, -7.56, 15.19],
							"lerp_mode": "catmullrom"
						},
						"5.65": {
							"post": [5.46875, -7.5625, 15.1875],
							"lerp_mode": "catmullrom"
						}
					},
					"scale": [1, 1.5, 1]
				},
				"righthand_pos": {
					"rotation": [0, -180, 0]
				}
			},
			"sound_effects": {
				"0.0": {
					"effect": "cs_glock_inspect"
				}
			}
		},
		"reload_empty": {
			"loop": "hold_on_last_frame",
			"animation_length": 2.125,
			"bones": {
				"lefthand": {
					"rotation": {
						"0.0": [90, 19, 0],
						"0.0833": {
							"pre": [90, 8.5, 0],
							"post": [90, 8.5, 0],
							"lerp_mode": "catmullrom"
						},
						"0.1333": {
							"post": [90, 11.51667, 0],
							"lerp_mode": "catmullrom"
						},
						"0.7": {
							"post": [90, -13.75, 0],
							"lerp_mode": "catmullrom"
						},
						"0.8333": {
							"post": [82.89773, -17.10611, 0.37104],
							"lerp_mode": "catmullrom"
						},
						"0.8833": {
							"post": [78.86364, -18.22481, 0.49472],
							"lerp_mode": "catmullrom"
						},
						"0.9167": {
							"post": [81.5329, -24.68699, -27.45551],
							"lerp_mode": "catmullrom"
						},
						"1.0": {
							"post": [81.5329, -24.68699, -27.45551],
							"lerp_mode": "catmullrom"
						},
						"1.05": {
							"post": [81.5329, -24.68699, -27.45551],
							"lerp_mode": "catmullrom"
						},
						"1.25": {
							"post": [101.67573, 1.4183, -168.26726],
							"lerp_mode": "catmullrom"
						},
						"1.4167": {
							"post": [126.05379, -18.21496, -216.4799],
							"lerp_mode": "catmullrom"
						},
						"1.5833": {
							"post": [128.53256, -26.17969, -223.01906],
							"lerp_mode": "catmullrom"
						},
						"1.6667": {
							"post": [130.51271, -30.61725, -227.17801],
							"lerp_mode": "catmullrom"
						},
						"1.8": {
							"post": [90.18305, -47.80434, -150.57989],
							"lerp_mode": "catmullrom"
						},
						"1.9167": {
							"post": [76.69552, -0.12294, -60.44428],
							"lerp_mode": "catmullrom"
						},
						"2.0833": [90, 19, 0]
					},
					"position": {
						"0.0": [-0.79687, -7.78125, 12.46875],
						"0.0833": {
							"pre": [1.85625, -7.78, 17.11063],
							"post": [1.85625, -7.78, 17.11063],
							"lerp_mode": "catmullrom"
						},
						"0.1333": {
							"post": [4.32875, -7.78, 20.86],
							"lerp_mode": "catmullrom"
						},
						"0.1667": {
							"post": [4.33, -7.78, 28.51625],
							"lerp_mode": "catmullrom"
						},
						"0.6667": {
							"post": [4.33, -7.78, 28.51625],
							"lerp_mode": "catmullrom"
						},
						"0.7": {
							"post": [-0.59187, -17.12375, 15.72313],
							"lerp_mode": "catmullrom"
						},
						"0.75": {
							"post": [-0.88687, -16.235, 15.72],
							"lerp_mode": "catmullrom"
						},
						"0.8": {
							"post": [-1.99625, -14.455, 15.72],
							"lerp_mode": "catmullrom"
						},
						"0.8333": {
							"post": [-3.05937, -13.23875, 15.72],
							"lerp_mode": "catmullrom"
						},
						"0.8833": {
							"post": [-3.16437, -12.07812, 13.6575],
							"lerp_mode": "catmullrom"
						},
						"0.9167": {
							"post": [-3.16, -11.8925, 12.70688],
							"lerp_mode": "catmullrom"
						},
						"1.0": {
							"post": [-3.16, -10.90562, 12.28813],
							"lerp_mode": "catmullrom"
						},
						"1.05": {
							"post": [-3.16, -10.90562, 12.28813],
							"lerp_mode": "catmullrom"
						},
						"1.25": {
							"post": [4.09, -10.90562, 12.28813],
							"lerp_mode": "catmullrom"
						},
						"1.4167": {
							"post": [6.38688, -8.8475, 9.9775],
							"lerp_mode": "catmullrom"
						},
						"1.6667": {
							"post": [6.38688, -8.8475, 9.9775],
							"lerp_mode": "catmullrom"
						},
						"1.8": {
							"post": [12.34313, -10.89687, 13.44875],
							"lerp_mode": "catmullrom"
						},
						"1.9167": {
							"post": [4.9025, -10.9, 13.45],
							"lerp_mode": "catmullrom"
						},
						"2.0833": [-0.79687, -7.78125, 12.46875]
					},
					"scale": {
						"0.0": [1, 1.5, 1],
						"0.6667": {
							"pre": [1, 1.5, 1],
							"post": [1, 1.5, 1],
							"lerp_mode": "catmullrom"
						}
					}
				},
				"lefthand_pos": {
					"rotation": [0, 180, 0]
				},
				"righthand_and_gun": {
					"rotation": {
						"0.0": [0, 0, 0],
						"0.1667": {
							"pre": [-48, -63.25, 0],
							"post": [-48, -63.25, 0],
							"lerp_mode": "catmullrom"
						},
						"0.3333": {
							"post": [21.69288, -63.62603, -49.90476],
							"lerp_mode": "catmullrom"
						},
						"0.45": {
							"post": [-2.4571, -65.59731, -23.26474],
							"lerp_mode": "catmullrom"
						},
						"0.55": {
							"post": [-7.24729, -73.94861, -19.79243],
							"lerp_mode": "catmullrom"
						},
						"0.75": {
							"post": [59.08329, -62.04751, -93.19994],
							"lerp_mode": "catmullrom"
						},
						"0.9167": {
							"post": [57.83329, -62.04751, -93.19994],
							"lerp_mode": "catmullrom"
						},
						"1.05": {
							"post": [52.08329, -62.04751, -93.19994],
							"lerp_mode": "catmullrom"
						},
						"1.1667": {
							"post": [19.80379, -73.12267, -48.61306],
							"lerp_mode": "catmullrom"
						},
						"1.3333": {
							"post": [-62.20118, -43.69009, 36.83441],
							"lerp_mode": "catmullrom"
						},
						"1.4167": {
							"post": [-62.20118, -43.69009, 36.83441],
							"lerp_mode": "catmullrom"
						},
						"1.5833": {
							"post": [-69.20118, -43.69009, 36.83441],
							"lerp_mode": "catmullrom"
						},
						"1.6667": {
							"post": [-58.45118, -43.69009, 36.83441],
							"lerp_mode": "catmullrom"
						},
						"1.7": {
							"post": [-58.45118, -43.69009, 36.83441],
							"lerp_mode": "catmullrom"
						},
						"1.95": {
							"post": [-6.49, -4.85, 4.09],
							"lerp_mode": "catmullrom"
						},
						"2.0833": [0, 0, 0]
					},
					"position": {
						"0.0": [0, 0, 0],
						"0.1667": {
							"pre": [-4.125, -3.54687, -13.0625],
							"post": [-4.125, -3.54687, -13.0625],
							"lerp_mode": "catmullrom"
						},
						"0.3333": {
							"post": [-4.125, -3.54687, -13.0625],
							"lerp_mode": "catmullrom"
						},
						"0.45": {
							"post": [-4.125, -3.54687, -13.0625],
							"lerp_mode": "catmullrom"
						},
						"0.55": {
							"post": [-3.46375, -3.19062, -13.65375],
							"lerp_mode": "catmullrom"
						},
						"0.6667": {
							"post": [-2.8975, -3.19, -13.06],
							"lerp_mode": "catmullrom"
						},
						"0.75": {
							"post": [-2.9, -3.19, -13.6225],
							"lerp_mode": "catmullrom"
						},
						"0.8333": {
							"post": [-2.9, -2.97125, -13.07312],
							"lerp_mode": "catmullrom"
						},
						"0.9167": {
							"post": [-2.7525, -2.95937, -13.13],
							"lerp_mode": "catmullrom"
						},
						"1.05": {
							"post": [-1.48687, -2.49062, -13.13],
							"lerp_mode": "catmullrom"
						},
						"1.1667": {
							"post": [-2.145, -3.86, -14.23],
							"lerp_mode": "catmullrom"
						},
						"1.3333": {
							"post": [-1.52, -3.36, -14.95875],
							"lerp_mode": "catmullrom"
						},
						"1.4167": {
							"post": [-1.52, -3.36, -14.95875],
							"lerp_mode": "catmullrom"
						},
						"1.5833": {
							"post": [-1.52, -3.36, -14.95875],
							"lerp_mode": "catmullrom"
						},
						"1.6667": {
							"post": [-0.28562, -2.21937, -15.4275],
							"lerp_mode": "catmullrom"
						},
						"1.7": {
							"post": [-0.28562, -2.21937, -15.4275],
							"lerp_mode": "catmullrom"
						},
						"1.95": {
							"post": [-0.03, -0.25, -1.71],
							"lerp_mode": "catmullrom"
						},
						"2.0833": [0, 0, 0]
					}
				},
				"righthand": {
					"rotation": [90, -0.75, 0],
					"position": {
						"0.0": [5.46875, -7.5625, 15.1875],
						"0.1667": {
							"pre": [3.42313, -7.56, 15.19],
							"post": [3.42313, -7.56, 15.19],
							"lerp_mode": "catmullrom"
						},
						"1.0833": {
							"post": [3.42313, -7.56, 15.19],
							"lerp_mode": "catmullrom"
						},
						"1.3833": {
							"post": [5.46875, -7.5625, 15.1875],
							"lerp_mode": "catmullrom"
						}
					},
					"scale": [1, 1.5, 1]
				},
				"righthand_pos": {
					"rotation": [0, -180, 0]
				},
				"slide": {
					"rotation": {
						"0.0": [0, 0, 0],
						"1.4167": [0, 0, 0]
					},
					"position": {
						"0.0": [0, 0, 0],
						"1.4167": [0, 0, 0],
						"1.55": [0, 0, 2.15625],
						"1.6333": [0, 0, 2.15625],
						"1.7": [0, 0, 0]
					}
				},
				"mag_and_bullet": {
					"rotation": {
						"0.0": [0, 0, 0],
						"0.3": [0, 0, 0],
						"0.3333": [0, 0, 0],
						"0.9167": [0, 0, 0]
					},
					"position": {
						"0.0": [0, 0, 0],
						"0.3": [0, 0, 0],
						"0.3333": [0, -0.96875, 0.46875],
						"0.4167": [0, -4.4675, 1.5825],
						"0.45": [0, -10.00125, 3.54875],
						"0.55": [0, -11.9375, 4.84688],
						"0.75": [0, -8.2825, 3.06438],
						"0.8333": [0, -4.24875, 1.66938],
						"0.8833": [0, -1.8425, 0.82563],
						"0.9167": [0, 0, 0]
					}
				}
			},
			"sound_effects": {
				"0.0": {
					"effect": "cs_glock_reload"
				}
			}
		}
	}
}