{
	"format_version": "1.8.0",
	"animations": {
		"static_idle": {
			"loop": true,
			"animation_length": 0.0667,
			"bones": {
				"lefthand": {
					"rotation": [86.26391, -31.20917, -128.10813],
					"position": [6.775, 5.65, 14.9875],
					"scale": [1, 1.5, 1]
				},
				"righthand": {
					"rotation": [0, 0, 0],
					"position": [0, 0, 0]
				},
				"righthand_pos": {
					"rotation": [90, -360, -180],
					"position": [5.4375, -3.125, 18.875]
				},
				"gun_and_righthand": {
					"rotation": [0, 0, 0],
					"position": [0, 0, 0]
				}
			}
		},
		"shoot": {
			"animation_length": 0.2333,
			"bones": {
				"root": {
					"rotation": {
						"0.0": [0, 0, 0],
						"0.0167": [-2, 0, 0],
						"0.0333": [-2.75, 0, 0],
						"0.05": [-2.875, 0, 0],
						"0.0667": [-2.75, 0, 0],
						"0.0833": [-1.2625, 0, 0],
						"0.1": [0.235, 0, 0],
						"0.1167": [0.8025, 0, 0],
						"0.1333": [1.1825, 0, 0],
						"0.15": [1.375, 0, 0],
						"0.2167": [0, 0, 0]
					},
					"position": {
						"0.0": [0, 0, 0],
						"0.0167": [0, 0, 0.89063],
						"0.0333": [0, 0, 1.3125],
						"0.05": [0, 0, 1.45313],
						"0.0667": [0, 0, 1.5125],
						"0.0833": [0, 0, 1.5425],
						"0.1": [0, 0, 1.4375],
						"0.1167": [0, 0, 1.275],
						"0.15": [0, 0, 0],
						"0.2167": [0, 0, 0]
					}
				}
			}
		},
		"draw": {
			"animation_length": 1.2833,
			"bones": {
				"mag_and_lefthand": {
					"rotation": [0, 0, 0],
					"position": [0, 0, 0]
				},
				"lefthand": {
					"rotation": {
						"0.0": {
							"post": [117.03003, 29.16518, -222.78723],
							"lerp_mode": "catmullrom"
						},
						"0.2167": {
							"post": [117.03003, 29.16518, -222.78723],
							"lerp_mode": "catmullrom"
						},
						"0.3167": {
							"post": [155.03003, 29.16518, -222.78723],
							"lerp_mode": "catmullrom"
						},
						"0.4": {
							"post": [166.03003, 29.16518, -222.78723],
							"lerp_mode": "catmullrom"
						},
						"0.5167": {
							"post": [173.30174, 26.89573, -228.17711],
							"lerp_mode": "catmullrom"
						},
						"0.5667": {
							"post": [173.30174, 26.89573, -228.17711],
							"lerp_mode": "catmullrom"
						},
						"0.6667": {
							"post": [173.30174, 26.89573, -228.17711],
							"lerp_mode": "catmullrom"
						},
						"0.7667": {
							"post": [178.14351, 21.5289, -226.04384],
							"lerp_mode": "catmullrom"
						},
						"0.8167": {
							"post": [178.14351, 21.5289, -226.04384],
							"lerp_mode": "catmullrom"
						},
						"0.9333": {
							"post": [85.50858, -28.48824, -136.33522],
							"lerp_mode": "catmullrom"
						},
						"1.1667": [86.26391, -31.20917, -128.10813]
					},
					"position": {
						"0.0": {
							"post": [14.48313, -3.99062, 21.38063],
							"lerp_mode": "catmullrom"
						},
						"0.2167": {
							"post": [14.48313, -3.99062, 21.38063],
							"lerp_mode": "catmullrom"
						},
						"0.2833": {
							"post": [12.65, 0.95938, 21.38],
							"lerp_mode": "catmullrom"
						},
						"0.4": {
							"post": [8.82688, 8.10313, 21.38063],
							"lerp_mode": "catmullrom"
						},
						"0.5167": {
							"post": [7.70188, 11.00938, 21.38063],
							"lerp_mode": "catmullrom"
						},
						"0.5667": {
							"post": [7.70188, 10.18125, 23.03688],
							"lerp_mode": "catmullrom"
						},
						"0.6667": {
							"post": [6.18625, 6.15, 25.865],
							"lerp_mode": "catmullrom"
						},
						"0.7667": {
							"post": [6.18625, 6.15, 25.865],
							"lerp_mode": "catmullrom"
						},
						"0.8167": {
							"post": [5.32688, 5.4625, 27.34938],
							"lerp_mode": "catmullrom"
						},
						"0.9333": {
							"post": [8.31125, 1.72813, 21.34938],
							"lerp_mode": "catmullrom"
						},
						"1.1667": [6.775, 5.65, 14.9875]
					},
					"scale": {
						"0.0": [1, 1.5, 1],
						"1.1667": [1, 1.5, 1]
					}
				},
				"gun_and_righthand": {
					"rotation": {
						"0.0833": [-13.49051, -39.25605, 23.71745],
						"0.1333": [-13.49051, -39.25605, 23.71745],
						"0.15": [-15.36064, -47.00564, 26.44636],
						"0.25": [-16.36064, -47.00564, 26.44636],
						"0.5333": [-25.61404, -4.77328, 2.73552],
						"0.6167": [-28.88, -4.77, 2.74],
						"0.7": [-38.17654, -4.77328, 2.73552],
						"0.95": {
							"pre": [0, 0, 0],
							"post": [0, 0, 0],
							"lerp_mode": "catmullrom"
						},
						"1.1667": [0, 0, 0]
					},
					"position": {
						"0.0833": [2.67, -25.16937, -9.84],
						"0.1333": [2.67, -25.16937, -9.84],
						"0.15": [2.67, -16.9975, -9.84],
						"0.2667": [2.67, -5.41938, -9.98063],
						"0.4": {
							"pre": [1, 1.12, -10.08],
							"post": [1, 1.12, -10.08],
							"lerp_mode": "catmullrom"
						},
						"0.5167": [0, 1.89063, -9.84375],
						"0.7667": [0, 1.32813, -6.48437],
						"0.95": {
							"pre": [-1.4375, -2.04687, 0],
							"post": [-1.4375, -2.04687, 0],
							"lerp_mode": "catmullrom"
						},
						"1.1667": [0, 0, 0]
					}
				},
				"pull2": {
					"position": {
						"0.0": [0, 0, 0],
						"0.5167": [0, 0, 0],
						"0.6667": [0, 0, 4.10938],
						"0.7667": [0, 0, 4.10938],
						"0.8167": [0, 0, 0]
					}
				},
				"righthand": {
					"rotation": [0, 0, 0],
					"position": [0, 0, 0]
				},
				"righthand_pos": {
					"rotation": {
						"0.0": [90, -360, -180],
						"1.1667": [90, -360, -180]
					},
					"position": {
						"0.0": [5.4375, -3.125, 18.875],
						"1.1667": [5.4375, -3.125, 18.875]
					}
				}
			}
		},
		"reload_tactical": {
			"animation_length": 3.2167,
			"bones": {
				"mag_and_lefthand": {
					"rotation": {
						"0.0": {
							"post": [-1.32812, 0, 0],
							"lerp_mode": "catmullrom"
						},
						"0.1667": {
							"post": [13.75, 12.25, 0],
							"lerp_mode": "catmullrom"
						},
						"0.55": {
							"post": [14, 12.25, 0],
							"lerp_mode": "catmullrom"
						},
						"1.05": [38.62551, -6.26567, 8.2653],
						"1.1": [5.95897, -5.22534, 10.45728],
						"1.2": [32.32954, -0.74626, 11.41735],
						"1.2167": [32.32954, -0.74626, 11.41735],
						"1.2333": [28.38453, 0.01676, 16.6813],
						"1.25": [25.54116, 2.51087, 22.36347],
						"1.2667": [21.80503, 2.28862, 24.38313],
						"1.3": [21.21973, 7.32215, 30.87403],
						"1.3333": [11.72469, 7.85559, 22.28682],
						"1.4333": [7.37565, 7.44437, 20.01417],
						"1.7167": [11.37319, 8.80871, 28.44381],
						"1.7333": [12.11233, 9.09768, 30.27417],
						"1.9333": {
							"pre": [-27.85572, -56.04467, -10.10757],
							"post": [-27.85572, -56.04467, -10.10757],
							"lerp_mode": "catmullrom"
						},
						"2.0667": {
							"post": [-32.74279, -50.45981, -49.72348],
							"lerp_mode": "catmullrom"
						},
						"2.5667": {
							"post": [11.06676, -11.98757, -14.61968],
							"lerp_mode": "catmullrom"
						},
						"3.1": {
							"post": [0, 0, 0],
							"lerp_mode": "catmullrom"
						}
					},
					"position": {
						"0.0": {
							"post": [0, 0, 0],
							"lerp_mode": "catmullrom"
						},
						"0.2167": {
							"post": [6.79688, 2.57813, -0.85937],
							"lerp_mode": "catmullrom"
						},
						"0.4333": {
							"post": [6.79688, -1.51562, 20.09375],
							"lerp_mode": "catmullrom"
						},
						"1.0667": [-2.01125, -18.16062, 0.03625],
						"1.1": [-2.01, -19.68563, -0.78875],
						"1.15": [-2.01, -13.195, 1.64],
						"1.1833": [-2.01, -7.17687, 2.28],
						"1.2": [-2.01125, -3.27, 2.59875],
						"1.2167": [-2.07, -2.81812, 2.53],
						"1.5167": [-2.62, -2.02562, 1.79],
						"1.8167": [-3.17625, -3.1975, 1.055],
						"1.9333": [-3.71, -2.83, 5.29938],
						"2.4667": [-6.13062, -1.14, -2.37125],
						"3.1": [0, 0, 0]
					}
				},
				"mag_and_bullet": {
					"rotation": {
						"0.0": [0, 0, 0],
						"0.2667": [0, 0, 0],
						"0.3333": [0, 0, 0],
						"0.3667": [0, 0, 0]
					},
					"position": {
						"0.0": [0, 0, 0],
						"0.2667": [0, 0, 0],
						"0.3333": [0, -2.65625, 0],
						"0.3667": [0, -5.875, 0],
						"0.4167": [0, -11.33875, 0],
						"0.4833": [0, -20.7775, 0],
						"1.0667": [0, -20.7775, 0],
						"1.15": [0, -13.53, 0],
						"1.2": [0, -7.10812, 0],
						"1.25": [0, -2.1675, 0],
						"1.3167": [0, 0, 0]
					}
				},
				"lefthand": {
					"rotation": {
						"0.0": [86.26391, -31.20917, -128.10813],
						"3.1": [86.26391, -31.20917, -128.10813]
					},
					"position": {
						"0.0": [6.775, 5.65, 14.9875],
						"3.1": [6.775, 5.65, 14.9875]
					},
					"scale": {
						"0.0": [1, 1.5, 1],
						"3.1": [1, 1.5, 1]
					}
				},
				"gun_and_righthand": {
					"rotation": {
						"0.0": {
							"post": [0, 0, 0],
							"lerp_mode": "catmullrom"
						},
						"0.2167": {
							"post": [-25.1032, -8.37498, 3.6676],
							"lerp_mode": "catmullrom"
						},
						"0.4167": {
							"post": [-10.33068, -14.98354, -1.12887],
							"lerp_mode": "catmullrom"
						},
						"0.5667": {
							"post": [-6.90173, -15.36478, -1.47355],
							"lerp_mode": "catmullrom"
						},
						"1.1667": {
							"post": [-14.77673, -15.36478, -1.47355],
							"lerp_mode": "catmullrom"
						},
						"1.2333": {
							"post": [-14.08068, -14.98354, -1.12887],
							"lerp_mode": "catmullrom"
						},
						"1.5": {
							"post": [-26.15069, -18.37653, -0.23213],
							"lerp_mode": "catmullrom"
						},
						"1.75": {
							"post": [-20.46319, -18.37653, -0.23213],
							"lerp_mode": "catmullrom"
						},
						"2.0": {
							"post": [-10.93082, 5.31097, -3.99328],
							"lerp_mode": "catmullrom"
						},
						"2.1333": {
							"post": [-13.25528, 6.15499, -13.7106],
							"lerp_mode": "catmullrom"
						},
						"2.2667": {
							"post": [-14.19697, 19.77932, -12.23998],
							"lerp_mode": "catmullrom"
						},
						"2.5667": {
							"post": [-3.38125, 10.06892, -7.83941],
							"lerp_mode": "catmullrom"
						},
						"2.75": {
							"post": [-2.03792, 4.73661, -3.13997],
							"lerp_mode": "catmullrom"
						},
						"3.1": {
							"post": [0, 0, 0],
							"lerp_mode": "catmullrom"
						}
					},
					"position": {
						"0.0": {
							"post": [0, 0, 0],
							"lerp_mode": "catmullrom"
						},
						"0.2167": {
							"post": [-2.17187, 2.9375, -1.96875],
							"lerp_mode": "catmullrom"
						},
						"0.4167": {
							"post": [-3.90437, 1.55, -3.35313],
							"lerp_mode": "catmullrom"
						},
						"0.7333": {
							"post": [-4, 0.89437, -3.85187],
							"lerp_mode": "catmullrom"
						},
						"1.35": {
							"post": [-3.90437, 1.55, -3.35313],
							"lerp_mode": "catmullrom"
						},
						"1.4667": {
							"post": [-3.90437, 2.87812, -3.35313],
							"lerp_mode": "catmullrom"
						},
						"1.75": {
							"post": [-3.90437, 2.87812, -3.35313],
							"lerp_mode": "catmullrom"
						},
						"2.0": [-4.19125, 0.36813, -3.0075],
						"2.0833": [-4.56625, 0.25875, -3.0075],
						"2.1333": [-5.785, -0.085, -3.0075],
						"2.3833": {
							"pre": [-4.81625, -1.74125, -2.5075],
							"post": [-4.81625, -1.74125, -2.5075],
							"lerp_mode": "catmullrom"
						},
						"2.5667": {
							"post": [-3.19125, -1.88187, -1.695],
							"lerp_mode": "catmullrom"
						},
						"2.7333": [-0.89438, -1.55375, -0.8825],
						"3.1": {
							"pre": [0, 0, 0],
							"post": [0, 0, 0],
							"lerp_mode": "catmullrom"
						}
					}
				},
				"righthand_pos": {
					"rotation": {
						"0.0": [90, -360, -180],
						"3.1": [90, -360, -180]
					},
					"position": {
						"0.0": [5.4375, -3.125, 18.875],
						"3.1": [5.4375, -3.125, 18.875]
					}
				},
				"muzzle_flash": {
					"position": [0, 0.375, 0]
				}
			}
		},
		"inspect": {
			"animation_length": 5.1667,
			"bones": {
				"mag_and_lefthand": {
					"rotation": {
						"0.0": {
							"post": [0, 0, 0],
							"lerp_mode": "catmullrom"
						},
						"0.2": {
							"post": [23.25, 0, 0],
							"lerp_mode": "catmullrom"
						},
						"0.3333": {
							"post": [38.58786, -12.38546, -5.41373],
							"lerp_mode": "catmullrom"
						},
						"0.5833": {
							"post": [77.5, 0, 0],
							"lerp_mode": "catmullrom"
						},
						"3.05": {
							"post": [77.5, 0, 0],
							"lerp_mode": "catmullrom"
						},
						"3.4833": [0, 0, 0],
						"3.7667": [0, 0, 0],
						"4.1167": {
							"pre": [0, 0, 0],
							"post": [0, 0, 0],
							"lerp_mode": "catmullrom"
						},
						"4.35": {
							"post": [0, -13.5, 0],
							"lerp_mode": "catmullrom"
						},
						"4.5667": {
							"post": [0, -17.56, 0],
							"lerp_mode": "catmullrom"
						},
						"4.85": {
							"post": [0, 0, 0],
							"lerp_mode": "catmullrom"
						},
						"5.15": {
							"post": [0, 0, 0],
							"lerp_mode": "catmullrom"
						}
					},
					"position": {
						"0.0": {
							"post": [0, 0, 0],
							"lerp_mode": "catmullrom"
						},
						"0.2": {
							"post": [4.125, 0, 0],
							"lerp_mode": "catmullrom"
						},
						"0.3333": {
							"post": [4.89063, -2.07812, 0],
							"lerp_mode": "catmullrom"
						},
						"0.5833": {
							"post": [2.90625, 0, 2.14063],
							"lerp_mode": "catmullrom"
						},
						"3.05": {
							"post": [2.90625, 0, 2.14063],
							"lerp_mode": "catmullrom"
						},
						"3.4833": [11.17188, -2.15625, 0.96875],
						"3.7667": [11.17188, -3.32812, 0.96875],
						"4.1167": {
							"pre": [11.17188, -2.15625, 0.96875],
							"post": [11.17188, -2.15625, 0.96875],
							"lerp_mode": "catmullrom"
						},
						"4.35": {
							"post": [5.03063, -2.23, 1.03],
							"lerp_mode": "catmullrom"
						},
						"4.5667": {
							"post": [4.51, -1.31, 0.6],
							"lerp_mode": "catmullrom"
						},
						"4.85": {
							"post": [0, 0, 0],
							"lerp_mode": "catmullrom"
						},
						"5.15": {
							"post": [0, 0, 0],
							"lerp_mode": "catmullrom"
						}
					}
				},
				"lefthand": {
					"rotation": [86.26391, -31.20917, -128.10813],
					"position": [6.775, 5.65, 14.9875],
					"scale": [1, 1.5, 1]
				},
				"gun_and_righthand": {
					"rotation": {
						"0.0": {
							"post": [0, 0, 0],
							"lerp_mode": "catmullrom"
						},
						"0.1833": {
							"post": [5, 0, 0],
							"lerp_mode": "catmullrom"
						},
						"0.4833": {
							"post": [-7.77371, -25.32532, -9.17406],
							"lerp_mode": "catmullrom"
						},
						"0.7333": {
							"post": [3.45851, -44.3193, -16.0546],
							"lerp_mode": "catmullrom"
						},
						"1.0167": {
							"post": [7.87893, -45.45299, -16.46528],
							"lerp_mode": "catmullrom"
						},
						"1.9": {
							"post": [1.20851, -44.3193, -16.0546],
							"lerp_mode": "catmullrom"
						},
						"3.05": {
							"post": [3.45851, -44.3193, -16.0546],
							"lerp_mode": "catmullrom"
						},
						"3.4833": [-49.15867, 0.09441, 82.17781],
						"3.7667": [-49.20721, -2.19376, 84.82688],
						"3.9833": {
							"pre": [-51.91, 11.1, 51.61],
							"post": [-51.91, 11.1, 51.61],
							"lerp_mode": "catmullrom"
						},
						"4.1167": {
							"post": [-51.24084, 1.87847, 30.40597],
							"lerp_mode": "catmullrom"
						},
						"4.5667": {
							"post": [-32.30798, -36.00169, 4.76611],
							"lerp_mode": "catmullrom"
						},
						"4.85": {
							"post": [0, -12.5, 0],
							"lerp_mode": "catmullrom"
						},
						"5.15": {
							"post": [0, 0, 0],
							"lerp_mode": "catmullrom"
						}
					},
					"position": {
						"0.0": {
							"post": [0, 0, 0],
							"lerp_mode": "catmullrom"
						},
						"0.1833": {
							"post": [0, -1, 1],
							"lerp_mode": "catmullrom"
						},
						"0.4833": {
							"post": [-0.365, 0, -5.96437],
							"lerp_mode": "catmullrom"
						},
						"0.7333": {
							"post": [0.45313, 0, -12.21875],
							"lerp_mode": "catmullrom"
						},
						"1.0167": {
							"post": [1.4475, -0.76562, -12.67],
							"lerp_mode": "catmullrom"
						},
						"1.9": {
							"post": [0.82813, -0.54687, -12.21875],
							"lerp_mode": "catmullrom"
						},
						"3.05": {
							"post": [0.45313, 0, -12.21875],
							"lerp_mode": "catmullrom"
						},
						"3.4833": [1.35625, 1.4375, -8.45438],
						"3.7667": [1.35625, 1.3125, -8.45438],
						"4.1167": {
							"pre": [1.35625, 1.4375, -8.45438],
							"post": [1.35625, 1.4375, -8.45438],
							"lerp_mode": "catmullrom"
						},
						"4.5667": {
							"post": [1.35625, 1.4375, -8.45438],
							"lerp_mode": "catmullrom"
						},
						"4.85": {
							"post": [-0.78125, 0, -1.90625],
							"lerp_mode": "catmullrom"
						},
						"5.15": {
							"post": [0, 0, 0],
							"lerp_mode": "catmullrom"
						}
					}
				},
				"righthand": {
					"rotation": [0, 0, 0],
					"position": [0, 0, -3.625],
					"scale": [1, 1, 1.5]
				},
				"righthand_pos": {
					"rotation": [90, -360, -180],
					"position": [5.4375, -3.125, 18.875]
				}
			}
		},
		"reload_empty": {
			"animation_length": 3.2167,
			"bones": {
				"mag_and_lefthand": {
					"rotation": {
						"0.0": {
							"post": [-1.32812, 0, 0],
							"lerp_mode": "catmullrom"
						},
						"0.1667": {
							"post": [13.75, 12.25, 0],
							"lerp_mode": "catmullrom"
						},
						"0.55": {
							"post": [14, 12.25, 0],
							"lerp_mode": "catmullrom"
						},
						"1.05": [38.62551, -6.26567, 8.2653],
						"1.1": [5.95897, -5.22534, 10.45728],
						"1.2": [32.32954, -0.74626, 11.41735],
						"1.2167": [32.32954, -0.74626, 11.41735],
						"1.2333": [28.38453, 0.01676, 16.6813],
						"1.25": [25.54116, 2.51087, 22.36347],
						"1.2667": [21.80503, 2.28862, 24.38313],
						"1.3": [21.21973, 7.32215, 30.87403],
						"1.3333": [11.72469, 7.85559, 22.28682],
						"1.4333": [7.37565, 7.44437, 20.01417],
						"1.7167": [11.37319, 8.80871, 28.44381],
						"1.7333": [12.11233, 9.09768, 30.27417],
						"1.9333": {
							"pre": [-27.85572, -56.04467, -10.10757],
							"post": [-27.85572, -56.04467, -10.10757],
							"lerp_mode": "catmullrom"
						},
						"2.0667": {
							"post": [-32.74279, -50.45981, -49.72348],
							"lerp_mode": "catmullrom"
						},
						"2.5667": {
							"post": [11.06676, -11.98757, -14.61968],
							"lerp_mode": "catmullrom"
						},
						"3.1": {
							"post": [0, 0, 0],
							"lerp_mode": "catmullrom"
						}
					},
					"position": {
						"0.0": {
							"post": [0, 0, 0],
							"lerp_mode": "catmullrom"
						},
						"0.2167": {
							"post": [6.79688, 2.57813, -0.85937],
							"lerp_mode": "catmullrom"
						},
						"0.4333": {
							"post": [6.79688, -1.51562, 20.09375],
							"lerp_mode": "catmullrom"
						},
						"1.0667": [-2.01125, -18.16062, 0.03625],
						"1.1": [-2.01, -19.68563, -0.78875],
						"1.15": [-2.01, -13.195, 1.64],
						"1.1833": [-2.01, -7.17687, 2.28],
						"1.2": [-2.01125, -3.27, 2.59875],
						"1.2167": [-2.07, -2.81812, 2.53],
						"1.5167": [-2.62, -2.02562, 1.79],
						"1.8167": [-3.17625, -3.1975, 1.055],
						"1.9333": [-3.71, -2.83, 5.29938],
						"2.4667": [-6.13062, -1.14, -2.37125],
						"3.1": [0, 0, 0]
					}
				},
				"mag_and_bullet": {
					"rotation": {
						"0.0": [0, 0, 0],
						"0.2667": [0, 0, 0],
						"0.3333": [0, 0, 0],
						"0.3667": [0, 0, 0]
					},
					"position": {
						"0.0": [0, 0, 0],
						"0.2667": [0, 0, 0],
						"0.3333": [0, -2.65625, 0],
						"0.3667": [0, -5.875, 0],
						"0.4167": [0, -11.33875, 0],
						"0.4833": [0, -20.7775, 0],
						"1.0667": [0, -20.7775, 0],
						"1.15": [0, -13.53, 0],
						"1.2": [0, -7.10812, 0],
						"1.25": [0, -2.1675, 0],
						"1.3167": [0, 0, 0]
					}
				},
				"lefthand": {
					"rotation": {
						"0.0": [86.26391, -31.20917, -128.10813],
						"3.1": [86.26391, -31.20917, -128.10813]
					},
					"position": {
						"0.0": [6.775, 5.65, 14.9875],
						"3.1": [6.775, 5.65, 14.9875]
					},
					"scale": {
						"0.0": [1, 1.5, 1],
						"3.1": [1, 1.5, 1]
					}
				},
				"gun_and_righthand": {
					"rotation": {
						"0.0": {
							"post": [0, 0, 0],
							"lerp_mode": "catmullrom"
						},
						"0.2167": {
							"post": [-25.1032, -8.37498, 3.6676],
							"lerp_mode": "catmullrom"
						},
						"0.4167": {
							"post": [-10.33068, -14.98354, -1.12887],
							"lerp_mode": "catmullrom"
						},
						"0.5667": {
							"post": [-6.90173, -15.36478, -1.47355],
							"lerp_mode": "catmullrom"
						},
						"1.1667": {
							"post": [-14.77673, -15.36478, -1.47355],
							"lerp_mode": "catmullrom"
						},
						"1.2333": {
							"post": [-14.08068, -14.98354, -1.12887],
							"lerp_mode": "catmullrom"
						},
						"1.5": {
							"post": [-26.15069, -18.37653, -0.23213],
							"lerp_mode": "catmullrom"
						},
						"1.75": {
							"post": [-20.46319, -18.37653, -0.23213],
							"lerp_mode": "catmullrom"
						},
						"2.0": {
							"post": [-10.93082, 5.31097, -3.99328],
							"lerp_mode": "catmullrom"
						},
						"2.1333": {
							"post": [-13.25528, 6.15499, -13.7106],
							"lerp_mode": "catmullrom"
						},
						"2.2667": {
							"post": [-14.19697, 19.77932, -12.23998],
							"lerp_mode": "catmullrom"
						},
						"2.5667": {
							"post": [-3.38125, 10.06892, -7.83941],
							"lerp_mode": "catmullrom"
						},
						"2.75": {
							"post": [-2.03792, 4.73661, -3.13997],
							"lerp_mode": "catmullrom"
						},
						"3.1": {
							"post": [0, 0, 0],
							"lerp_mode": "catmullrom"
						}
					},
					"position": {
						"0.0": {
							"post": [0, 0, 0],
							"lerp_mode": "catmullrom"
						},
						"0.2167": {
							"post": [-2.17187, 2.9375, -1.96875],
							"lerp_mode": "catmullrom"
						},
						"0.4167": {
							"post": [-3.90437, 1.55, -3.35313],
							"lerp_mode": "catmullrom"
						},
						"0.7333": {
							"post": [-4, 0.89437, -3.85187],
							"lerp_mode": "catmullrom"
						},
						"1.35": {
							"post": [-3.90437, 1.55, -3.35313],
							"lerp_mode": "catmullrom"
						},
						"1.4667": {
							"post": [-3.90437, 2.87812, -3.35313],
							"lerp_mode": "catmullrom"
						},
						"1.75": {
							"post": [-3.90437, 2.87812, -3.35313],
							"lerp_mode": "catmullrom"
						},
						"2.0": [-4.19125, 0.36813, -3.0075],
						"2.0833": [-4.56625, 0.25875, -3.0075],
						"2.1333": [-5.785, -0.085, -3.0075],
						"2.3833": {
							"pre": [-4.81625, -1.74125, -2.5075],
							"post": [-4.81625, -1.74125, -2.5075],
							"lerp_mode": "catmullrom"
						},
						"2.5667": {
							"post": [-3.19125, -1.88187, -1.695],
							"lerp_mode": "catmullrom"
						},
						"2.7333": [-0.89438, -1.55375, -0.8825],
						"3.1": {
							"pre": [0, 0, 0],
							"post": [0, 0, 0],
							"lerp_mode": "catmullrom"
						}
					}
				},
				"righthand_pos": {
					"rotation": {
						"0.0": [90, -360, -180],
						"3.1": [90, -360, -180]
					},
					"position": {
						"0.0": [5.4375, -3.125, 18.875],
						"3.1": [5.4375, -3.125, 18.875]
					}
				},
				"muzzle_flash": {
					"position": [0, 0.375, 0]
				}
			}
		},
		"inspect_empty": {
			"animation_length": 5.1667,
			"bones": {
				"mag_and_lefthand": {
					"rotation": {
						"0.0": {
							"post": [0, 0, 0],
							"lerp_mode": "catmullrom"
						},
						"0.2": {
							"post": [23.25, 0, 0],
							"lerp_mode": "catmullrom"
						},
						"0.3333": {
							"post": [38.58786, -12.38546, -5.41373],
							"lerp_mode": "catmullrom"
						},
						"0.5833": {
							"post": [77.5, 0, 0],
							"lerp_mode": "catmullrom"
						},
						"3.05": {
							"post": [77.5, 0, 0],
							"lerp_mode": "catmullrom"
						},
						"3.4833": [0, 0, 0],
						"3.7667": [0, 0, 0],
						"4.1167": {
							"pre": [0, 0, 0],
							"post": [0, 0, 0],
							"lerp_mode": "catmullrom"
						},
						"4.35": {
							"post": [0, -13.5, 0],
							"lerp_mode": "catmullrom"
						},
						"4.5667": {
							"post": [0, -17.56, 0],
							"lerp_mode": "catmullrom"
						},
						"4.85": {
							"post": [0, 0, 0],
							"lerp_mode": "catmullrom"
						},
						"5.15": {
							"post": [0, 0, 0],
							"lerp_mode": "catmullrom"
						}
					},
					"position": {
						"0.0": {
							"post": [0, 0, 0],
							"lerp_mode": "catmullrom"
						},
						"0.2": {
							"post": [4.125, 0, 0],
							"lerp_mode": "catmullrom"
						},
						"0.3333": {
							"post": [4.89063, -2.07812, 0],
							"lerp_mode": "catmullrom"
						},
						"0.5833": {
							"post": [2.90625, 0, 2.14063],
							"lerp_mode": "catmullrom"
						},
						"3.05": {
							"post": [2.90625, 0, 2.14063],
							"lerp_mode": "catmullrom"
						},
						"3.4833": [11.17188, -2.15625, 0.96875],
						"3.7667": [11.17188, -3.32812, 0.96875],
						"4.1167": {
							"pre": [11.17188, -2.15625, 0.96875],
							"post": [11.17188, -2.15625, 0.96875],
							"lerp_mode": "catmullrom"
						},
						"4.35": {
							"post": [5.03063, -2.23, 1.03],
							"lerp_mode": "catmullrom"
						},
						"4.5667": {
							"post": [4.51, -1.31, 0.6],
							"lerp_mode": "catmullrom"
						},
						"4.85": {
							"post": [0, 0, 0],
							"lerp_mode": "catmullrom"
						},
						"5.15": {
							"post": [0, 0, 0],
							"lerp_mode": "catmullrom"
						}
					}
				},
				"lefthand": {
					"rotation": [86.26391, -31.20917, -128.10813],
					"position": [6.775, 5.65, 14.9875],
					"scale": [1, 1.5, 1]
				},
				"gun_and_righthand": {
					"rotation": {
						"0.0": {
							"post": [0, 0, 0],
							"lerp_mode": "catmullrom"
						},
						"0.1833": {
							"post": [5, 0, 0],
							"lerp_mode": "catmullrom"
						},
						"0.4833": {
							"post": [-7.77371, -25.32532, -9.17406],
							"lerp_mode": "catmullrom"
						},
						"0.7333": {
							"post": [3.45851, -44.3193, -16.0546],
							"lerp_mode": "catmullrom"
						},
						"1.0167": {
							"post": [7.87893, -45.45299, -16.46528],
							"lerp_mode": "catmullrom"
						},
						"1.9": {
							"post": [1.20851, -44.3193, -16.0546],
							"lerp_mode": "catmullrom"
						},
						"3.05": {
							"post": [3.45851, -44.3193, -16.0546],
							"lerp_mode": "catmullrom"
						},
						"3.4833": [-49.15867, 0.09441, 82.17781],
						"3.7667": [-49.20721, -2.19376, 84.82688],
						"3.9833": {
							"pre": [-51.91, 11.1, 51.61],
							"post": [-51.91, 11.1, 51.61],
							"lerp_mode": "catmullrom"
						},
						"4.1167": {
							"post": [-51.24084, 1.87847, 30.40597],
							"lerp_mode": "catmullrom"
						},
						"4.5667": {
							"post": [-32.30798, -36.00169, 4.76611],
							"lerp_mode": "catmullrom"
						},
						"4.85": {
							"post": [0, -12.5, 0],
							"lerp_mode": "catmullrom"
						},
						"5.15": {
							"post": [0, 0, 0],
							"lerp_mode": "catmullrom"
						}
					},
					"position": {
						"0.0": {
							"post": [0, 0, 0],
							"lerp_mode": "catmullrom"
						},
						"0.1833": {
							"post": [0, -1, 1],
							"lerp_mode": "catmullrom"
						},
						"0.4833": {
							"post": [-0.365, 0, -5.96437],
							"lerp_mode": "catmullrom"
						},
						"0.7333": {
							"post": [0.45313, 0, -12.21875],
							"lerp_mode": "catmullrom"
						},
						"1.0167": {
							"post": [1.4475, -0.76562, -12.67],
							"lerp_mode": "catmullrom"
						},
						"1.9": {
							"post": [0.82813, -0.54687, -12.21875],
							"lerp_mode": "catmullrom"
						},
						"3.05": {
							"post": [0.45313, 0, -12.21875],
							"lerp_mode": "catmullrom"
						},
						"3.4833": [1.35625, 1.4375, -8.45438],
						"3.7667": [1.35625, 1.3125, -8.45438],
						"4.1167": {
							"pre": [1.35625, 1.4375, -8.45438],
							"post": [1.35625, 1.4375, -8.45438],
							"lerp_mode": "catmullrom"
						},
						"4.5667": {
							"post": [1.35625, 1.4375, -8.45438],
							"lerp_mode": "catmullrom"
						},
						"4.85": {
							"post": [-0.78125, 0, -1.90625],
							"lerp_mode": "catmullrom"
						},
						"5.15": {
							"post": [0, 0, 0],
							"lerp_mode": "catmullrom"
						}
					}
				},
				"righthand": {
					"rotation": [0, 0, 0],
					"position": [0, 0, -3.625],
					"scale": [1, 1, 1.5]
				},
				"righthand_pos": {
					"rotation": [90, -360, -180],
					"position": [5.4375, -3.125, 18.875]
				}
			}
		},
		"walk_forward": {
			"loop": true,
			"animation_length": 1,
			"blend_weight": "1",
			"bones": {
				"root": {
					"rotation": {
						"0.0": {
							"post": [0, 0, 0],
							"lerp_mode": "catmullrom"
						},
						"0.5": {
							"post": [0, 0, 0],
							"lerp_mode": "catmullrom"
						},
						"1.0": {
							"post": [0, 0, 0],
							"lerp_mode": "catmullrom"
						}
					},
					"position": {
						"0.0": {
							"post": [0, 0, 0],
							"lerp_mode": "catmullrom"
						},
						"0.15": {
							"post": [0.29, 0.11813, -0.03],
							"lerp_mode": "catmullrom"
						},
						"0.3167": {
							"post": [0.4775, -0.11625, 0.2981],
							"lerp_mode": "catmullrom"
						},
						"0.5": {
							"post": [0, 0, 0],
							"lerp_mode": "catmullrom"
						},
						"0.6833": {
							"post": [-0.29, 0.1181, -0.03],
							"lerp_mode": "catmullrom"
						},
						"0.85": {
							"post": [-0.4775, -0.1162, 0.2981],
							"lerp_mode": "catmullrom"
						},
						"1.0": {
							"post": [0, 0, 0],
							"lerp_mode": "catmullrom"
						}
					}
				}
			}
		},
		"walk_sideway": {
			"loop": true,
			"animation_length": 1,
			"blend_weight": "2",
			"bones": {
				"root": {
					"rotation": {
						"0.0": {
							"post": [0, 0, 0],
							"lerp_mode": "catmullrom"
						},
						"0.5": {
							"post": [0, 0, 0],
							"lerp_mode": "catmullrom"
						},
						"1.0": {
							"post": [0, 0, 0],
							"lerp_mode": "catmullrom"
						}
					},
					"position": {
						"0.0": {
							"post": [0, 0, 0],
							"lerp_mode": "catmullrom"
						},
						"0.15": {
							"post": [0.29, 0.11813, -0.03],
							"lerp_mode": "catmullrom"
						},
						"0.3167": {
							"post": [0.4775, -0.11625, -0.03],
							"lerp_mode": "catmullrom"
						},
						"0.5": {
							"post": [0, 0, 0],
							"lerp_mode": "catmullrom"
						},
						"0.6833": {
							"post": [-0.29, 0.1181, -0.03],
							"lerp_mode": "catmullrom"
						},
						"0.85": {
							"post": [-0.4775, -0.1162, -0.03],
							"lerp_mode": "catmullrom"
						},
						"1.0": {
							"post": [0, 0, 0],
							"lerp_mode": "catmullrom"
						}
					}
				}
			}
		},
		"walk_backward": {
			"loop": true,
			"animation_length": 1,
			"blend_weight": "1",
			"bones": {
				"root": {
					"rotation": {
						"0.0": {
							"post": [0, 0, 0],
							"lerp_mode": "catmullrom"
						},
						"0.5": {
							"post": [0, 0, 0],
							"lerp_mode": "catmullrom"
						},
						"1.0": {
							"post": [0, 0, 0],
							"lerp_mode": "catmullrom"
						}
					},
					"position": {
						"0.0": {
							"post": [0, 0, 0],
							"lerp_mode": "catmullrom"
						},
						"0.15": {
							"post": [0.29, 0.11813, -0.03],
							"lerp_mode": "catmullrom"
						},
						"0.3167": {
							"post": [0.4775, -0.11625, 0.2981],
							"lerp_mode": "catmullrom"
						},
						"0.5": {
							"post": [0, 0, 0],
							"lerp_mode": "catmullrom"
						},
						"0.6833": {
							"post": [-0.29, 0.1181, -0.03],
							"lerp_mode": "catmullrom"
						},
						"0.85": {
							"post": [-0.4775, -0.1162, 0.2981],
							"lerp_mode": "catmullrom"
						},
						"1.0": {
							"post": [0, 0, 0],
							"lerp_mode": "catmullrom"
						}
					}
				}
			}
		},
		"run_start": {
			"loop": "hold_on_last_frame",
			"animation_length": 0.35,
			"bones": {
				"root": {
					"rotation": {
						"0.0": [0, 0, 0],
						"0.2167": [0, 0, 0],
						"0.35": [0, 0, 0]
					},
					"position": {
						"0.0": [0, 0, 0],
						"0.0167": [0, -0.0061, 0.00524],
						"0.0333": [0, -0.02248, 0.02286],
						"0.05": [0, -0.0469, 0.05305],
						"0.0667": [0, -0.07768, 0.0958],
						"0.0833": [0, -0.11349, 0.15114],
						"0.1": [0, -0.15326, 0.21889],
						"0.1167": [0, -0.19608, 0.29877],
						"0.1333": [0, -0.24118, 0.39032],
						"0.25": [0, -0.56549, 1.25409],
						"0.2667": [0, -0.60526, 1.38131],
						"0.2833": [0, -0.64107, 1.49818],
						"0.3": [0, -0.67185, 1.59941],
						"0.3167": [0, -0.69627, 1.67918],
						"0.3333": [0, -0.71265, 1.73141],
						"0.35": [0, -0.71875, 1.75]
					}
				}
			}
		},
		"run": {
			"loop": true,
			"animation_length": 0.8,
			"bones": {
				"root": {
					"rotation": {
						"0.0": {
							"post": [0, 0, 0],
							"lerp_mode": "catmullrom"
						},
						"0.1333": {
							"post": [0, 0, 0],
							"lerp_mode": "catmullrom"
						},
						"0.2667": {
							"post": [0, 0, 0],
							"lerp_mode": "catmullrom"
						},
						"0.4": {
							"post": [0, 0, 0],
							"lerp_mode": "catmullrom"
						},
						"0.5333": {
							"post": [0, 0, 0],
							"lerp_mode": "catmullrom"
						},
						"0.6667": {
							"post": [0, 0, 0],
							"lerp_mode": "catmullrom"
						},
						"0.8": {
							"post": [0, 0, 0],
							"lerp_mode": "catmullrom"
						}
					},
					"position": {
						"0.0": {
							"post": [0, -0.71875, 1.75],
							"lerp_mode": "catmullrom"
						},
						"0.1333": {
							"post": [0.375, -0.39187, 1.75],
							"lerp_mode": "catmullrom"
						},
						"0.2667": {
							"post": [0.60938, -0.95437, 1.75],
							"lerp_mode": "catmullrom"
						},
						"0.4": {
							"post": [0, -0.71875, 1.75],
							"lerp_mode": "catmullrom"
						},
						"0.5333": {
							"post": [-0.375, -0.3919, 1.75],
							"lerp_mode": "catmullrom"
						},
						"0.6667": {
							"post": [-0.6094, -0.9544, 1.75],
							"lerp_mode": "catmullrom"
						},
						"0.8": {
							"post": [0, -0.71875, 1.75],
							"lerp_mode": "catmullrom"
						}
					}
				}
			}
		},
		"run_hold": {
			"loop": "hold_on_last_frame",
			"animation_length": 0.0333,
			"bones": {
				"root": {
					"rotation": [0, 0, 0],
					"position": [0, -0.71875, 1.75]
				}
			}
		},
		"run_end": {
			"loop": "hold_on_last_frame",
			"animation_length": 0.3667,
			"bones": {
				"root": {
					"rotation": [0, 0, 0],
					"position": {
						"0.0": [0.375, -0.39187, 1.75],
						"0.0167": [0.37187, -0.3877, 1.73457],
						"0.0333": [0.3636, -0.37764, 1.69971],
						"0.05": [0.35143, -0.36116, 1.64513],
						"0.0667": [0.33626, -0.33815, 1.57127],
						"0.0833": [0.31873, -0.30915, 1.47931],
						"0.1": [0.29936, -0.27553, 1.37135],
						"0.1833": [0.1875, -0.10755, 0.71818],
						"0.2167": [0.14095, -0.06203, 0.47775],
						"0.2333": [0.1183, -0.04463, 0.37373],
						"0.25": [0.09643, -0.03046, 0.28223],
						"0.2667": [0.07564, -0.01924, 0.20388],
						"0.2833": [0.05627, -0.01068, 0.13876],
						"0.3": [0.03874, -0.00455, 0.08673],
						"0.3167": [0.02357, -0.0006, 0.04739],
						"0.3333": [0.0114, 0.00135, 0.02022],
						"0.35": [0.00313, 0.0015, 0.00464],
						"0.3667": [0, 0, 0]
					}
				}
			}
		}
	}
}