{
	"format_version": "1.8.0",
	"animations": {
		"static_idle": {
			"loop": "hold_on_last_frame",
			"animation_length": 0.1333,
			"bones": {
				"bullet": {
					"position": [0, -84.0625, 0],
					"scale": 0.01
				},
				"righthand_pos": {
					"rotation": [0, 0, 0],
					"position": [0, 0, 0],
					"scale": [1, 1.5, 1]
				},
				"lefthand": {
					"rotation": [90, 20.25, 0],
					"position": [7.125, -3.60937, 15.98438]
				},
				"lefthand_pos": {
					"rotation": [0, 0, 0],
					"position": [0, 0, 0],
					"scale": [1, 1.5, 1]
				},
				"righthand": {
					"rotation": [90, -360, -180],
					"position": [4.89063, -3.0625, 17.875]
				}
			}
		},
		"shoot": {
			"loop": "hold_on_last_frame",
			"animation_length": 0.3,
			"bones": {
				"hkusp": {
					"rotation": {
						"0.0": [0, 0, 0],
						"0.0167": [-2.19359, 0, 0],
						"0.0333": [-3.74031, 0, 0],
						"0.05": [-4.62008, 0, 0],
						"0.0667": [-4.9375, 0, 0],
						"0.0833": [-4.6732, 0, 0],
						"0.1": [-3.60614, 0, 0],
						"0.1167": [-2.2461, 0, 0],
						"0.1333": [-1.24554, 0, 0],
						"0.15": [-0.61512, 0, 0],
						"0.1667": [-0.2443, 0, 0],
						"0.1833": [-0.05547, 0, 0],
						"0.2": [0, 0, 0]
					},
					"position": {
						"0.0": [0, 0, 0],
						"0.0167": [0, -0.00184, 0.0098],
						"0.0333": [0, 0.03299, 0.04452],
						"0.05": [0, 0.11784, 0.11557],
						"0.0667": [0, 0.25403, 0.23527],
						"0.0833": [0, 0.39416, 0.38147],
						"0.1": [0, 0.47795, 0.47619],
						"0.1167": [0, 0.5, 0.5],
						"0.1333": [0, 0.47286, 0.47435],
						"0.15": [0, 0.38347, 0.40586],
						"0.1667": [0, 0.25445, 0.31035],
						"0.1833": [0, 0.14817, 0.21275],
						"0.2": [0, 0.07807, 0.13052],
						"0.2167": [0, 0.03497, 0.06948],
						"0.2333": [0, 0.01076, 0.02911],
						"0.25": [0, 0.00023, 0.00686],
						"0.2667": [0, 0, 0]
					}
				},
				"slide": {
					"rotation": {
						"0.0": [0, 0, 0],
						"0.2333": [0, 0, 0]
					},
					"position": {
						"0.0": [0, 0, 0],
						"0.0167": [0, 0, 1.79767],
						"0.0333": [0, 0, 2.05063],
						"0.05": [0, 0, 1.94355],
						"0.0667": [0, 0, 1.6951],
						"0.0833": [0, 0, 1.37494],
						"0.1": [0, 0, 1.017],
						"0.1167": [0, 0, 0.64564],
						"0.1333": [0, 0, 0.28819],
						"0.15": [0, 0, 0]
					}
				},
				"bullet": {
					"position": [0, -84.0625, 0]
				},
				"hammer": {
					"rotation": {
						"0.0": [0, 0, 0],
						"0.0333": [-97.5, 0, 0],
						"0.0833": [0, 0, 0]
					},
					"position": {
						"0.0": [0, 0, 0],
						"0.0833": [0, 0, 0]
					}
				}
			},
			"sound_effects": {
				"0.0": {
					"effect": "usp_01"
				}
			}
		},
		"draw": {
			"loop": "hold_on_last_frame",
			"animation_length": 0.9,
			"bones": {
				"righthand_gun": {
					"rotation": {
						"0.0": {
							"post": [24, 0, 0],
							"lerp_mode": "catmullrom"
						},
						"0.0667": {
							"post": [8.75, 0, 0],
							"lerp_mode": "catmullrom"
						},
						"0.15": {
							"post": [-9, 0, 0],
							"lerp_mode": "catmullrom"
						},
						"0.2333": {
							"post": [-27.25, 0, 0],
							"lerp_mode": "catmullrom"
						},
						"0.4167": [-70.95117, 0, 0],
						"0.4833": [-70.95117, 0, 0],
						"0.5": [-70.95117, 0, 0],
						"0.6": {
							"pre": [-51.5, 0, 0],
							"post": [-51.5, 0, 0],
							"lerp_mode": "catmullrom"
						},
						"0.75": {
							"post": [5.25, 0, 0],
							"lerp_mode": "catmullrom"
						},
						"0.8833": {
							"post": [0, 0, 0],
							"lerp_mode": "catmullrom"
						}
					},
					"position": {
						"0.0": {
							"post": [0, -5.89062, -1.7175],
							"lerp_mode": "catmullrom"
						},
						"0.0667": {
							"post": [0, -2.98437, -2.905],
							"lerp_mode": "catmullrom"
						},
						"0.15": {
							"post": [0, -0.90625, -2.905],
							"lerp_mode": "catmullrom"
						},
						"0.2333": {
							"post": [0, -0.07812, -2.28],
							"lerp_mode": "catmullrom"
						},
						"0.4167": {
							"post": [0, -2.68738, -0.89999],
							"lerp_mode": "catmullrom"
						},
						"0.4833": {
							"post": [0, -2.04541, -1.27664],
							"lerp_mode": "catmullrom"
						},
						"0.5": {
							"post": [0, -0.83618, -1.79648],
							"lerp_mode": "catmullrom"
						},
						"0.6": {
							"post": [0, 1.875, -3.15625],
							"lerp_mode": "catmullrom"
						},
						"0.75": {
							"post": [0, -0.40625, -0.5625],
							"lerp_mode": "catmullrom"
						},
						"0.8833": {
							"post": [0, 0, 0],
							"lerp_mode": "catmullrom"
						}
					}
				},
				"slide": {
					"position": {
						"0.0": [0, 0, 0],
						"0.1": [0, 0, 0],
						"0.1833": [0, 0, 0],
						"0.3": [0, 0, 0],
						"0.35": [0, 0, 1.51563],
						"0.4833": [0, 0, 1.01042],
						"0.5167": [0, 0, 0]
					}
				},
				"bullet": {
					"position": {
						"0.0": [0, -64.82812, 0],
						"0.0167": [0, -64.82817, 3.05469],
						"0.0333": [0, -64.82822, 6.10938],
						"0.05": [0, -64.82827, 9.16406],
						"0.0667": [0, -64.82831, 12.21875],
						"0.0833": [0, -64.82836, 15.27344],
						"0.1": [0, -64.82841, 18.32813],
						"0.1167": [0, -64.82845, 21.38281],
						"0.1333": [0, -64.8285, 24.4375],
						"0.15": [0, -64.82855, 27.49219],
						"0.1667": [0, -64.82859, 30.54688],
						"0.1833": [0, -64.82864, 33.60156],
						"0.2": [0, -64.82869, 36.65625],
						"0.2167": [0, -64.82873, 39.71094],
						"0.2333": [0, -64.82878, 42.76563],
						"0.25": [0, -64.82883, 45.82031],
						"0.2667": [0, -64.82887, 48.875],
						"0.2833": [0, -64.82892, 51.92969],
						"0.3": [0, -64.82897, 54.98438],
						"0.3167": [0, -64.82902, 58.03906],
						"0.3333": [0, -64.82906, 61.09375],
						"0.35": [0, -64.82911, 64.14844],
						"0.3667": [0, -64.82916, 67.20313],
						"0.3833": [0, -64.8292, 70.25781],
						"0.4": [0, -64.82925, 73.3125],
						"0.4167": [0, -64.8293, 76.36719],
						"0.4333": [0, -64.82934, 79.42188],
						"0.45": [0, -64.82939, 82.47656],
						"0.4667": [0, -64.82944, 85.53125],
						"0.4833": [0, -64.82948, 88.58594],
						"0.5": [0, -64.82953, 91.64063],
						"0.5167": [0, -64.82958, 94.69531],
						"0.5333": [0, -64.82962, 97.75],
						"0.55": [0, -64.82967, 100.80469],
						"0.5667": [0, -64.82972, 103.85938],
						"0.5833": [0, -64.82977, 106.91406],
						"0.6": [0, -64.82981, 109.96875],
						"0.6167": [0, -64.82986, 113.02344],
						"0.6333": [0, -64.82991, 116.07813],
						"0.65": [0, -64.82995, 119.13281],
						"0.6667": [0, -64.83, 122.1875]
					}
				},
				"righthand_pos": {
					"rotation": [0, 0, 0],
					"position": [0, 0, 0],
					"scale": [1, 1.5, 1]
				},
				"lefthand": {
					"rotation": {
						"0.0": {
							"post": [46.19978, 3.77597, -83.70527],
							"lerp_mode": "catmullrom"
						},
						"0.0667": {
							"post": [44.57809, -14.16295, -66.14651],
							"lerp_mode": "catmullrom"
						},
						"0.15": {
							"post": [62.49304, -13.02386, -37.65817],
							"lerp_mode": "catmullrom"
						},
						"0.2333": {
							"post": [55.99304, -13.02386, -37.65817],
							"lerp_mode": "catmullrom"
						},
						"0.4667": {
							"post": [-10.22789, -52.30954, -25.94076],
							"lerp_mode": "catmullrom"
						},
						"0.5": {
							"post": [-33.22789, -52.30954, -25.94076],
							"lerp_mode": "catmullrom"
						},
						"0.65": {
							"post": [15.07971, -6.28172, -7.35657],
							"lerp_mode": "catmullrom"
						},
						"0.7667": {
							"post": [90, 20.25, 0],
							"lerp_mode": "catmullrom"
						},
						"0.9": {
							"post": [90, 20.25, 0],
							"lerp_mode": "catmullrom"
						}
					},
					"position": {
						"0.0": {
							"post": [16.13812, -9.34625, 20.89063],
							"lerp_mode": "catmullrom"
						},
						"0.0667": {
							"post": [11.29437, -7.26812, 12.98438],
							"lerp_mode": "catmullrom"
						},
						"0.15": {
							"post": [9.20062, -3.28375, 12.98438],
							"lerp_mode": "catmullrom"
						},
						"0.2333": {
							"post": [7.0625, -1.6875, 15.5],
							"lerp_mode": "catmullrom"
						},
						"0.3833": {
							"post": [7.77, -4.28, 17.89625],
							"lerp_mode": "catmullrom"
						},
						"0.4667": {
							"post": [8.48438, -4.32812, 17.98438],
							"lerp_mode": "catmullrom"
						},
						"0.5": {
							"post": [8.48438, -5.15625, 17.98438],
							"lerp_mode": "catmullrom"
						},
						"0.65": {
							"post": [10.1875, -1.57812, 13.20313],
							"lerp_mode": "catmullrom"
						},
						"0.7667": {
							"post": [7.125, -4.625, 15.98438],
							"lerp_mode": "catmullrom"
						},
						"0.9": {
							"post": [7.125, -3.60937, 15.98438],
							"lerp_mode": "catmullrom"
						}
					}
				},
				"lefthand_pos": {
					"rotation": [0, 0, 0],
					"position": [0, 0, 0],
					"scale": [1, 1.5, 1]
				},
				"righthand": {
					"rotation": [90, -360, -180],
					"position": [4.89063, -3.0625, 17.875]
				}
			},
			"sound_effects": {
				"0.0": {
					"effect": "usp_draw"
				}
			}
		},
		"reload_tactical": {
			"loop": "hold_on_last_frame",
			"animation_length": 2.1,
			"bones": {
				"hkusp": {
					"position": [0, 0, 0]
				},
				"righthand_gun": {
					"rotation": {
						"0.0": [0, 0, 0],
						"0.0167": [-0.04505, -0.20414, -0.1953],
						"0.0333": [-0.1761, -0.826, -0.79021],
						"0.05": [-0.3883, -1.87191, -1.79081],
						"0.0667": [-0.67816, -3.32948, -3.18523],
						"0.0833": [-1.04346, -5.15948, -4.93594],
						"0.1": [-1.48317, -7.29088, -6.975],
						"0.15": [-3.26043, -14.34798, -13.72635],
						"0.1667": [-4.01868, -16.47938, -15.76541],
						"0.1833": [-4.87379, -18.30937, -17.51612],
						"0.2": [-5.84256, -19.76695, -18.91054],
						"0.2167": [-6.95355, -20.81286, -19.91114],
						"0.2333": [-8.26202, -21.43471, -20.50605],
						"0.25": [-9.90222, -21.63886, -20.70135],
						"0.2833": [-14.61846, -21.47398, -20.74823],
						"0.3": [-15.69544, -21.22122, -20.8201],
						"0.3167": [-16.32561, -20.79934, -20.94005],
						"0.3667": [-17.51085, -18.85567, -21.4927],
						"0.3833": [-17.81455, -18.43379, -21.61265],
						"0.4": [-18.09622, -18.18103, -21.68452],
						"0.4333": [-18.61516, -18.01615, -21.7314],
						"0.5167": [-19.12606, -18.01615, -21.7314],
						"0.5333": [-19.0533, -18.01615, -21.7314],
						"0.55": [-18.84065, -18.01615, -21.7314],
						"0.5667": [-18.34706, -18.01615, -21.7314],
						"0.5833": [-16.9086, -18.01615, -21.7314],
						"0.6833": [-11.80266, -18.01615, -21.7314],
						"0.7167": [-11.53263, -17.89612, -21.75482],
						"0.7333": [-11.2364, -17.73835, -21.78864],
						"0.75": [-10.78298, -17.50819, -21.84147],
						"0.7667": [-10.10329, -17.20022, -21.91439],
						"0.7833": [-9.06533, -16.81008, -22.00165],
						"0.8": [-7.37893, -16.33519, -22.0889],
						"0.8167": [-4.46349, -15.7768, -22.16182],
						"0.8333": [-1.43993, -15.14294, -22.21465],
						"0.85": [-0.06824, -14.45203, -22.24847],
						"0.8667": [0.46079, -13.73642, -22.26649],
						"0.8833": [0.59219, -13.04332, -22.27189],
						"0.9": [0.35427, -12.20127, -22.09778],
						"0.9167": [-0.58653, -11.0384, -21.40925],
						"0.9333": [-3.03939, -9.64185, -19.61414],
						"1.0667": {
							"pre": [-24.67513, 4.98138, 0.868],
							"post": [-24.67513, 4.98138, 0.868],
							"lerp_mode": "catmullrom"
						},
						"1.4167": {
							"post": [-40.9836, 4.48253, 0.868],
							"lerp_mode": "catmullrom"
						},
						"1.5667": {
							"post": [-70.95117, 0, 0],
							"lerp_mode": "catmullrom"
						},
						"1.7": [-51.66215, 4.84734, 0.85913],
						"1.8333": {
							"pre": [-5, 0, 0],
							"post": [-5, 0, 0],
							"lerp_mode": "catmullrom"
						},
						"1.8833": {
							"post": [4.5, 0, 0],
							"lerp_mode": "catmullrom"
						},
						"2.0": {
							"post": [0, 0, 0],
							"lerp_mode": "catmullrom"
						}
					},
					"position": {
						"0.0": [0, 0, 0],
						"0.0167": [-0.08129, -0.00636, -0.0087],
						"0.0333": [-0.17387, 0.0491, -0.03519],
						"0.05": [-0.28058, 0.175, -0.07975],
						"0.0667": [-0.40543, 0.38063, -0.14185],
						"0.0833": [-0.55462, 0.67613, -0.21981],
						"0.1": [-0.73817, 1.07031, -0.31061],
						"0.1167": [-0.97388, 1.56821, -0.40985],
						"0.1333": [-1.294, 2.16411, -0.51203],
						"0.15": [-1.72747, 2.8333, -0.61126],
						"0.1667": [-2.14166, 3.52534, -0.70207],
						"0.1833": [-2.39509, 4.17035, -0.78003],
						"0.2": [-2.54177, 4.70211, -0.84213],
						"0.2167": [-2.63097, 5.08041, -0.88669],
						"0.2333": [-2.68599, 5.29596, -0.91318],
						"0.25": [-2.71875, 5.35938, -0.92187],
						"0.2667": [-2.7645, 5.35131, -0.92187],
						"0.3": [-2.673, 5.36409, -0.92187],
						"0.3167": [-2.71875, 5.35938, -0.92187],
						"0.3667": [-2.75434, 5.31757, -0.92176],
						"0.3833": [-2.75091, 5.28225, -0.92168],
						"0.4": [-2.74051, 5.23123, -0.92159],
						"0.4167": [-2.72357, 5.16152, -0.9215],
						"0.4333": [-2.70058, 5.07233, -0.92139],
						"0.5167": [-2.51544, 4.5163, -0.92082],
						"0.6167": [-2.24458, 3.99498, -0.92019],
						"0.6667": [-2.16416, 3.79185, -0.92002],
						"0.6833": [-2.1575, 3.73, -0.92],
						"0.7": [-2.14888, 3.64605, -0.92],
						"0.7167": [-2.1191, 3.55654, -0.92],
						"0.7333": [-2.06023, 3.45977, -0.92],
						"0.75": [-1.96197, 3.353, -0.92],
						"0.7667": [-1.81883, 3.23117, -0.92],
						"0.7833": [-1.65242, 3.08329, -0.92],
						"0.8": [-1.50928, 2.87505, -0.92],
						"0.8167": [-1.41102, 2.57121, -0.92],
						"0.8333": [-1.35215, 2.46199, -0.92],
						"0.85": [-1.32237, 2.41513, -0.92],
						"0.8667": [-1.31375, 2.38625, -0.92],
						"0.8833": [-1.30224, 2.35106, -0.93472],
						"0.9": [-1.27011, 2.29024, -0.97344],
						"0.9167": [-1.22069, 2.20021, -1.03029],
						"0.9333": [-1.15689, 2.08128, -1.10111],
						"1.15": {
							"pre": [0, 1.04688, -2.28],
							"post": [0, 1.04688, -2.28],
							"lerp_mode": "catmullrom"
						},
						"1.5667": {
							"post": [0, -2.04687, -0.70187],
							"lerp_mode": "catmullrom"
						},
						"1.7": [0.01032, 0.54351, -1.67052],
						"1.7167": [0.05365, 0.6668, -1.66723],
						"1.7333": [0.18658, 0.73153, -1.66072],
						"1.75": [0.3908, 0.76195, -1.64984],
						"1.7667": [0.4037, 0.76999, -1.63401],
						"1.7833": [0.3643, 0.76285, -1.6156],
						"1.8": [0.30557, 0.74561, -1.59976],
						"1.95": [0.26214, -0.05009, 0],
						"1.9667": [0.20261, -0.03561, 0],
						"1.9833": [0.10938, -0.01866, 0],
						"2.0": {
							"pre": [0, 0, 0],
							"post": [0, 0, 0],
							"lerp_mode": "catmullrom"
						}
					}
				},
				"slide": {
					"rotation": {
						"0.0": [0, 0, 0],
						"1.4333": [0, 0, 0],
						"1.6833": [0, 0, 0]
					},
					"position": {
						"0.0": [0, 0, 0],
						"1.4333": [0, 0, 0],
						"1.5667": [0, 0, 1.53125],
						"1.6": [0, 0, 1.53125],
						"1.6833": [0, 0, 0]
					}
				},
				"bullet": {
					"position": {
						"0.0": [0, -84.0625, 0],
						"0.4": [0, -84.06, 135.59375],
						"1.2333": [0, -84.06, 605.43375]
					}
				},
				"righthand_pos": {
					"rotation": [0, 0, 0],
					"position": [0, 0, 0],
					"scale": [1, 1.5, 1]
				},
				"magazine": {
					"rotation": {
						"0.0": [0, 0, 0],
						"0.1833": [0, 0, 0],
						"0.25": [0, 0, 0]
					},
					"position": {
						"0.0": [0, 0, 0],
						"0.1833": [0, 0, 0],
						"0.25": [0, -0.85937, 0.25],
						"0.2667": [0, -1.98, 0.665],
						"0.3": [0, -4.21, 1.56188],
						"0.3667": [-0.01, -20.89062, 3.14438],
						"0.4667": [-0.01, -20.89062, 3.14438],
						"0.5667": [-0.01, -7.32812, 1.8475],
						"0.6667": [-0.01, -4.2675, 1.55313],
						"0.6833": [-0.01, -3.50187, 1.225],
						"0.7667": [0, 0, 0]
					}
				},
				"lefthand": {
					"rotation": {
						"0.0": [90, 20.25, 0],
						"0.3667": [90, 38, 0],
						"0.5": [90, 38, 0],
						"0.5167": [108.52248, 8.33179, 66.61093],
						"0.7167": [109.30268, 18.03138, 70.01907],
						"0.7833": [108.34014, 2.63905, 64.70598],
						"0.9167": [102.98409, 15.02557, 54.19828],
						"0.9833": [103.96729, 25.96815, 56.99287],
						"1.0333": [91.66169, 26.84012, 26.74027],
						"1.0833": [58.47764, 10.11019, -0.68249],
						"1.2333": [49.32656, -14.98472, -41.81663],
						"1.5667": {
							"pre": [29.62562, -20.69496, -32.26809],
							"post": [29.62562, -20.69496, -32.26809],
							"lerp_mode": "catmullrom"
						},
						"1.7333": {
							"post": [61.44199, 18.53663, -10.83344],
							"lerp_mode": "catmullrom"
						},
						"1.8667": {
							"post": [93.69199, 18.53663, -10.83344],
							"lerp_mode": "catmullrom"
						},
						"2.0": {
							"post": [90, 20.25, 0],
							"lerp_mode": "catmullrom"
						}
					},
					"position": {
						"0.0": [7.125, -3.60937, 15.98438],
						"0.3667": [15.36438, -3.61, 29.63625],
						"0.5": [15.36438, -3.61, 29.63625],
						"0.5167": [11.84375, -14.17187, 13.35938],
						"0.55": [9.93375, -10.59187, 14.5475],
						"0.5667": [9.18, -8.76187, 15.00313],
						"0.6667": [7.75813, -6.58812, 15.64063],
						"0.7": [6.86938, -5.55875, 15.64],
						"0.7667": [6.6475, -2.79187, 15.64],
						"0.8667": [7.44438, -4.46562, 15.64],
						"0.9167": [7.61125, -4.69875, 15.64],
						"0.9833": [7.47063, -5.23, 14.49938],
						"1.0333": [9.28375, -5.53875, 15.64],
						"1.0833": [10.23438, -2.38875, 15.1],
						"1.2333": [7.96938, -0.86812, 14.29625],
						"1.5667": {
							"pre": [7.97, -4.21375, 19.40938],
							"post": [7.97, -4.21375, 19.40938],
							"lerp_mode": "catmullrom"
						},
						"1.6667": {
							"post": [9.29812, -2.1475, 17.67563],
							"lerp_mode": "catmullrom"
						},
						"1.7333": {
							"post": [10.37813, -2.15, 16.08625],
							"lerp_mode": "catmullrom"
						},
						"1.8667": {
							"post": [7.09688, -4.75938, 11.41438],
							"lerp_mode": "catmullrom"
						},
						"2.0": {
							"post": [7.125, -3.60937, 15.98438],
							"lerp_mode": "catmullrom"
						}
					}
				},
				"lefthand_pos": {
					"rotation": [0, 0, 0],
					"position": [0, 0, 0],
					"scale": [1, 1.5, 1]
				},
				"righthand": {
					"rotation": {
						"0.0": [90, -360, -180],
						"1.8833": [90, -360, -180]
					},
					"position": {
						"0.0": [4.89063, -3.0625, 17.875],
						"0.25": [3.73375, -3.06, 17.88],
						"0.8667": [3.73375, -3.06, 17.88],
						"1.8833": [4.89063, -3.0625, 17.875]
					}
				}
			},
			"sound_effects": {
				"0.0": {
					"effect": "hk_usp_reload"
				}
			}
		},
		"inspect": {
			"loop": "hold_on_last_frame",
			"animation_length": 6.4667,
			"bones": {
				"righthand_gun": {
					"rotation": {
						"0.0": [0, 0, 0],
						"0.0167": [0.02241, -1.30832, 0.01454],
						"0.0333": [0.1039, -2.71688, 0.0692],
						"0.05": [0.27945, -4.30412, 0.1952],
						"0.0667": [0.45218, -6.00181, 0.46741],
						"0.0833": [-0.04835, -7.66266, 0.897],
						"0.1": [-0.73403, -9.26505, 1.17165],
						"0.15": [-2.78676, -13.84816, 1.37462],
						"0.1667": [-3.48169, -15.43772, 1.36427],
						"0.1833": [-4.22525, -17.20988, 1.32965],
						"0.2": [-5.01447, -19.14176, 1.27282],
						"0.2167": [-5.84652, -21.21171, 1.19623],
						"0.3333": [-12.64714, -37.76462, 0.38864],
						"0.35": [-13.72202, -40.12163, 0.28065],
						"0.3667": [-14.80996, -42.37, 0.18596],
						"0.3833": [-15.90302, -44.44973, 0.10787],
						"0.4": [-16.98875, -46.27726, 0.04926],
						"0.4167": [-18.04457, -47.72725, 0.01262],
						"0.4333": {
							"pre": [-19.01922, -48.59329, 0],
							"post": [-19.01922, -48.59329, 0],
							"lerp_mode": "catmullrom"
						},
						"0.55": {
							"post": [-22.01922, -52.15579, 0],
							"lerp_mode": "catmullrom"
						},
						"0.7333": {
							"post": [-19.89806, -55.5285, -3.75891],
							"lerp_mode": "catmullrom"
						},
						"0.9333": {
							"post": [-16.67212, -49.91567, -6.15782],
							"lerp_mode": "catmullrom"
						},
						"1.05": {
							"post": [-16.5525, -47.3525, -6.405],
							"lerp_mode": "catmullrom"
						},
						"3.0667": {
							"post": [-12.35962, -40.79067, -15.03282],
							"lerp_mode": "catmullrom"
						},
						"3.4667": [-4.60124, -25.64848, -5.97095],
						"3.6333": [-7.0125, -25.2, -6.77],
						"3.7667": [-4.60124, -25.64848, -5.97095],
						"3.8": [-4.61581, -25.71025, -6.02156],
						"3.8167": [-4.65346, -25.87872, -6.15015],
						"3.8333": [-4.79902, -25.55964, -5.77857],
						"3.8833": [-4.85124, -24.52348, -4.78345],
						"3.95": [-4.41305, -23.75303, -3.7633],
						"3.9667": [-4.25206, -23.40999, -3.27074],
						"3.9833": [-4.08228, -23.00368, -2.67306],
						"4.0": [-3.90568, -22.53106, -1.96428],
						"4.0167": [-3.72352, -21.9876, -1.1383],
						"4.0333": [-3.5368, -21.37202, -0.18896],
						"4.05": [-3.34625, -20.6814, 0.88997],
						"4.0667": [-3.15244, -19.91262, 2.10618],
						"4.0833": [-2.95579, -19.06255, 3.46873],
						"4.1": [-2.75671, -18.12786, 4.98318],
						"4.1167": [-2.55552, -17.1036, 6.65831],
						"4.1333": [-2.35241, -15.98831, 8.5047],
						"4.15": [-2.14769, -14.7776, 10.52854],
						"4.1667": [-1.94148, -13.46739, 12.73905],
						"4.1833": [-1.73401, -12.05379, 15.1441],
						"4.2": [-1.5254, -10.53384, 17.74764],
						"4.2167": [-1.31582, -8.90348, 20.55789],
						"4.2333": [-1.10538, -7.15928, 23.57433],
						"4.25": [-0.8942, -5.29862, 26.79511],
						"4.2667": [-0.68241, -3.31949, 30.21351],
						"4.2833": [-0.47011, -1.2191, 33.8156],
						"4.3": [-0.25742, 1.00117, 37.57837],
						"4.3167": [-0.04445, 3.34011, 41.47009],
						"4.3333": [0.16869, 5.79398, 45.44895],
						"4.3833": [0.80793, 13.75497, 57.35999],
						"4.4": [1.02051, 16.55672, 61.11623],
						"4.4167": [1.23257, 19.39235, 64.66707],
						"4.4333": [1.44393, 22.22827, 67.96442],
						"4.45": [1.65436, 25.02451, 70.97158],
						"4.4667": [1.86358, 27.73561, 73.66458],
						"4.4833": [2.07126, 30.3131, 76.03209],
						"4.5": [2.27696, 32.70598, 78.06799],
						"4.5167": [2.48009, 34.86795, 79.78123],
						"4.5333": [2.67982, 36.75767, 81.18114],
						"4.55": [2.87489, 38.3415, 82.28198],
						"4.5667": [3.06329, 39.59559, 83.10161],
						"4.5833": [3.24125, 40.50852, 83.65508],
						"4.6": [3.39972, 41.07678, 83.96311],
						"4.6167": [3.49847, 41.30424, 84.0411],
						"4.7333": [4.03007, 41.41548, 84.05781],
						"4.75": [4.04649, 41.33702, 84.15683],
						"4.7667": [4.03319, 41.23703, 84.36341],
						"4.7833": [3.98823, 41.15334, 84.79044],
						"4.8": [3.90995, 41.11551, 84.81788],
						"4.9": [2.67041, 41.50117, 84.03038],
						"4.9167": [2.32605, 41.61074, 83.8766],
						"4.9333": [1.90154, 41.59008, 83.57108],
						"4.95": [1.38401, 41.26235, 82.9378],
						"4.9667": [0.79852, 40.54758, 81.92112],
						"4.9833": [0.16089, 39.35032, 80.45134],
						"5.0": [-0.51822, 37.5563, 78.44904],
						"5.0167": [-1.23118, 35.0709, 75.81328],
						"5.0333": [-1.97245, 31.88648, 72.43389],
						"5.05": [-2.73756, 28.17294, 68.19022],
						"5.0667": [-3.52314, 24.26228, 62.99721],
						"5.0833": [-4.32626, 20.48423, 56.85435],
						"5.1": [-5.14463, 17.03317, 49.92734],
						"5.1167": [-5.97624, 13.97185, 42.58241],
						"5.1333": [-6.8194, 11.28791, 35.28457],
						"5.15": [-7.67257, 8.94346, 28.42883],
						"5.1667": [-8.53438, 6.89525, 22.23692],
						"5.1833": [-9.40359, 5.10207, 16.77496],
						"5.2": [-10.27903, 3.53005, 12.01638],
						"5.2167": [-11.15957, 2.14946, 7.89695],
						"5.2333": [-12.04411, 0.93551, 4.33972],
						"5.25": [-12.93156, -0.1297, 1.27186],
						"5.2667": [-13.82077, -1.06504, -1.36659],
						"5.2833": [-14.71052, -1.88429, -3.63401],
						"5.3": [-15.59948, -2.59902, -5.57257],
						"5.3167": [-16.48614, -3.21892, -7.22509],
						"5.3333": [-17.36867, -3.75354, -8.62131],
						"5.35": [-18.24494, -4.21046, -9.78875],
						"5.3667": [-19.11215, -4.59572, -10.7526],
						"5.3833": [-19.96661, -4.91494, -11.53212],
						"5.4": [-20.80296, -5.17335, -12.14541],
						"5.4167": [-21.61331, -5.3758, -12.6046],
						"5.4333": [-22.38393, -5.52657, -12.92533],
						"5.45": [-23.08811, -5.62707, -13.11873],
						"5.4667": [-23.65371, -5.68365, -13.19509],
						"5.4833": [-23.97342, -5.74065, -13.22256],
						"5.5": [-24.09742, -5.79591, -13.24618],
						"5.5167": [-24.06441, -5.84911, -13.26527],
						"5.5333": [-23.90176, -5.89984, -13.27905],
						"5.6167": [-21.71169, -6.08615, -13.20825],
						"5.6667": [-19.63493, -6.00406, -12.80382],
						"5.6833": [-18.85097, -5.84589, -12.47608],
						"5.7": [-18.02795, -5.7364, -12.28216],
						"5.7333": [-16.27871, -5.68365, -12.19509],
						"5.75": [-15.28314, -5.63201, -12.08427],
						"5.7667": [-14.14038, -5.48197, -11.76235],
						"5.7833": [-12.89269, -5.24194, -11.24732],
						"5.8": [-11.57566, -4.92196, -10.56076],
						"5.8167": [-10.22025, -4.53377, -9.72784],
						"5.8833": [-4.92139, -2.58383, -5.54396],
						"5.9167": [-2.64794, -1.59289, -3.41777],
						"5.9333": [-1.67373, -1.14989, -2.46724],
						"5.95": [-0.8328, -0.7617, -1.63433],
						"5.9667": [-0.14405, -0.44172, -0.94777],
						"5.9833": [0.37321, -0.20168, -0.43274],
						"6.0": [0.69901, -0.05165, -0.11082],
						"6.0167": [0.8125, 0, 0],
						"6.1333": [2.125, 0, 0],
						"6.3": [0, 0, 0]
					},
					"position": {
						"0.0": [0, 0, 0],
						"0.05": [-0.24524, 0.03369, 0.01373],
						"0.0667": [-0.34583, 0.0664, 0.02616],
						"0.0833": [-0.45808, 0.11616, 0.04385],
						"0.1": [-0.58355, 0.18899, 0.06741],
						"0.1167": [-0.72389, 0.2918, 0.09632],
						"0.1333": [-0.88075, 0.42844, 0.12728],
						"0.15": [-1.05569, 0.59223, 0.15415],
						"0.1667": [-1.25, 0.76563, 0.17188],
						"0.1833": [-1.47658, 0.98919, 0.15325],
						"0.2": [-1.72664, 1.27059, 0.0917],
						"0.2167": [-1.9869, 1.57515, 0.00725],
						"0.25": [-2.51839, 2.1926, -0.1845],
						"0.2667": [-2.78419, 2.48786, -0.27806],
						"0.2833": [-3.04725, 2.76575, -0.3644],
						"0.3": [-3.30551, 3.021, -0.44084],
						"0.3167": [-3.55644, 3.24848, -0.5055],
						"0.3333": [-3.79653, 3.44292, -0.55704],
						"0.35": [-4.02023, 3.59853, -0.59454],
						"0.3667": [-4.21692, 3.70868, -0.61732],
						"0.3833": [-4.35937, 3.76563, -0.625],
						"0.4333": [-4.63569, 3.84847, -0.625],
						"0.45": [-4.7234, 3.85262, -0.625],
						"0.5167": [-4.67187, 3.76563, -0.625],
						"0.65": [-4.8434, 3.37129, -0.61407],
						"0.7167": {
							"pre": [-4.98437, 3.32813, -0.625],
							"post": [-4.98437, 3.32813, -0.625],
							"lerp_mode": "catmullrom"
						},
						"0.8667": {
							"post": [-4.8575, 3.10625, -0.77937],
							"lerp_mode": "catmullrom"
						},
						"1.4667": {
							"post": [-4.8575, 2.85625, -1.27937],
							"lerp_mode": "catmullrom"
						},
						"2.1833": {
							"post": [-4.8575, 2.98125, -1.27937],
							"lerp_mode": "catmullrom"
						},
						"3.0667": {
							"post": [-4.8575, 2.91875, -1.27937],
							"lerp_mode": "catmullrom"
						},
						"3.5333": [-4.485, 3.26, -1.28],
						"3.5667": [-4.49065, 3.26373, -1.26696],
						"3.5833": [-4.50027, 3.26927, -1.24571],
						"3.6": [-4.51644, 3.27784, -1.20898],
						"3.6333": [-4.53671, 3.29633, -1.11116],
						"3.65": [-4.53601, 3.30023, -1.07517],
						"3.75": [-4.49, 3.27188, -1.01],
						"3.9667": [-4.04284, 2.78952, -1.38256],
						"4.1333": [-3.60388, 2.41311, -1.80168],
						"4.25": [-3.42067, 2.28241, -2.01873],
						"4.3333": [-3.38062, 2.25625, -2.0725],
						"4.55": [-3.37357, 2.25066, -2.05748],
						"4.7667": [-3.35756, 2.23467, -2.05779],
						"4.9": [-3.35, 2.22625, -2.06],
						"5.1167": [-3.36336, 2.22625, -2.06],
						"5.3333": [-3.35403, 2.22625, -2.06],
						"5.3667": [-3.35, 2.22625, -2.06],
						"5.5167": [-3.28268, 2.22739, -2.06],
						"5.6": [-3.15898, 2.2029, -2.06],
						"5.6667": [-2.95579, 2.15458, -2.06],
						"5.7333": [-2.61543, 2.04947, -2.06],
						"5.75": [-2.51092, 2.00229, -2.06],
						"5.7667": [-2.40112, 1.93258, -2.06],
						"5.7833": [-2.2875, 1.72625, -2.06],
						"5.8": [-2.16474, 1.24429, -2.03587],
						"5.8167": [-2.02646, 0.95818, -1.96419],
						"5.8333": [-1.87285, 0.71002, -1.84671],
						"5.85": [-1.70473, 0.48464, -1.68692],
						"5.8667": [-1.52383, 0.27637, -1.49009],
						"5.8833": [-1.33311, 0.08253, -1.2633],
						"5.9": [-1.1369, -0.09816, -1.0154],
						"5.9167": [-0.94087, -0.26623, -0.75656],
						"5.9333": [-0.7517, -0.42173, -0.49773],
						"5.95": [-0.57637, -0.56414, -0.24983],
						"5.9667": [-0.42126, -0.69263, -0.02304],
						"5.9833": [-0.29136, -0.80579, 0.1738],
						"6.0": [-0.18988, -0.90158, 0.33358],
						"6.0167": [-0.11821, -0.97703, 0.45106],
						"6.0333": [-0.07616, -1.02777, 0.52274],
						"6.05": [-0.0625, -1.04687, 0.54688],
						"6.0667": [-0.06538, -1.05077, 0.54836],
						"6.0833": [-0.07833, -1.06694, 0.55434],
						"6.1": [-0.1875, -1.11053, 0.57459],
						"6.1167": [-0.29667, -0.94028, 0.47836],
						"6.1333": [-0.30962, -0.80942, 0.41591],
						"6.15": [-0.3125, -0.69, 0.36],
						"6.1833": [-0.29661, -0.44296, 0.24304],
						"6.2": [-0.2677, -0.30318, 0.17439],
						"6.2167": [-0.20533, -0.152, 0.09628],
						"6.2333": [-0.10717, -0.04095, 0.03238],
						"6.25": [-0.0448, -0.00881, 0.00967],
						"6.2667": [-0.01589, -0.00156, 0.0027],
						"6.3": [0, 0, 0]
					}
				},
				"righthand": {
					"rotation": {
						"0.0": [90, -360, -180],
						"0.2167": [90, -360, -180],
						"0.7333": [90, -360, -180],
						"3.3667": [90, -360, -180],
						"3.9667": [90, -360, -180],
						"4.4667": [90, -360, -180],
						"4.6333": [90, -360, -180],
						"5.1": [90, -360, -180],
						"5.4667": [90, -360, -180]
					},
					"position": {
						"0.0": [4.89063, -3.0625, 17.875],
						"0.2167": [4.89, -3.06, 17.88],
						"0.7333": [3.68687, -3.06, 17.88],
						"3.3667": [3.68687, -3.06, 17.88],
						"3.9667": [4.03, -3.06, 17.88],
						"4.4667": [4.03, -3.06, 17.88],
						"4.6333": [4.41, -3.06, 17.88],
						"5.1": [4.41, -3.06, 17.88],
						"5.4667": [4.89063, -3.0625, 17.875]
					}
				},
				"righthand_pos": {
					"rotation": [0, 0, 0],
					"position": [0, 0, 0],
					"scale": [1, 1.5, 1]
				},
				"lefthand": {
					"rotation": {
						"0.0": [90, 20.25, 0],
						"0.3167": [110.6741, 22.58216, 48.16793],
						"5.4667": [110.6741, 22.58216, 48.16793],
						"5.8333": [90, 20.25, 0],
						"6.0833": [90, 20.25, 0],
						"6.3": [90, 20.25, 0]
					},
					"position": {
						"0.0": [7.125, -3.60937, 15.98438],
						"0.3167": [14.625, -3.60937, 24.23438],
						"5.4667": [14.625, -3.60937, 24.23438],
						"5.8333": [9.5625, -6.79687, 18.57813],
						"6.0833": [7.125, -5.74999, 15.98438],
						"6.3": [7.125, -3.60937, 15.98438]
					}
				},
				"lefthand_pos": {
					"rotation": [0, 0, 0],
					"position": [0, 0, 0],
					"scale": [1, 1.5, 1]
				}
			},
			"sound_effects": {
				"0.0": {
					"effect": "hk_usp_inspect"
				}
			}
		},
		"reload_empty": {
			"loop": "hold_on_last_frame",
			"animation_length": 2.0333,
			"bones": {
				"hkusp": {
					"position": [0, 0, 0]
				},
				"righthand_gun": {
					"rotation": {
						"0.0": [0, 0, 0],
						"0.0167": [-0.04505, -0.20414, -0.1953],
						"0.0333": [-0.1761, -0.826, -0.79021],
						"0.05": [-0.3883, -1.87191, -1.79081],
						"0.0667": [-0.67816, -3.32948, -3.18523],
						"0.0833": [-1.04346, -5.15948, -4.93594],
						"0.1": [-1.48317, -7.29088, -6.975],
						"0.15": [-3.26043, -14.34798, -13.72635],
						"0.1667": [-4.01868, -16.47938, -15.76541],
						"0.1833": [-4.87379, -18.30937, -17.51612],
						"0.2": [-5.84256, -19.76695, -18.91054],
						"0.2167": [-6.95355, -20.81286, -19.91114],
						"0.2333": [-8.26202, -21.43471, -20.50605],
						"0.25": [-9.90222, -21.63886, -20.70135],
						"0.2833": [-14.61846, -21.47398, -20.74823],
						"0.3": [-15.69544, -21.22122, -20.8201],
						"0.3167": [-16.32561, -20.79934, -20.94005],
						"0.3667": [-17.51085, -18.85567, -21.4927],
						"0.3833": [-17.81455, -18.43379, -21.61265],
						"0.4": [-18.09622, -18.18103, -21.68452],
						"0.4333": [-18.61516, -18.01615, -21.7314],
						"0.5167": [-19.12606, -18.01615, -21.7314],
						"0.5333": [-19.0533, -18.01615, -21.7314],
						"0.55": [-18.84065, -18.01615, -21.7314],
						"0.5667": [-18.34706, -18.01615, -21.7314],
						"0.5833": [-16.9086, -18.01615, -21.7314],
						"0.6833": [-11.80266, -18.01615, -21.7314],
						"0.7167": [-11.53263, -17.89612, -21.75482],
						"0.7333": [-11.2364, -17.73835, -21.78864],
						"0.75": [-10.78298, -17.50819, -21.84147],
						"0.7667": [-10.10329, -17.20022, -21.91439],
						"0.7833": [-9.06533, -16.81008, -22.00165],
						"0.8": [-7.37893, -16.33519, -22.0889],
						"0.8167": [-4.46349, -15.7768, -22.16182],
						"0.8333": [-1.43993, -15.14294, -22.21465],
						"0.85": [-0.06824, -14.45203, -22.24847],
						"0.8667": [0.46079, -13.73642, -22.26649],
						"0.8833": [0.59219, -13.04332, -22.27189],
						"0.9": [0.35427, -12.20127, -22.09778],
						"0.9167": [-0.58653, -11.0384, -21.40925],
						"0.9333": [-3.03939, -9.64185, -19.61414],
						"1.0667": {
							"pre": [-24.67513, 4.98138, 0.868],
							"post": [-24.67513, 4.98138, 0.868],
							"lerp_mode": "catmullrom"
						},
						"1.4167": {
							"post": [-40.9836, 4.48253, 0.868],
							"lerp_mode": "catmullrom"
						},
						"1.5667": {
							"post": [-70.95117, 0, 0],
							"lerp_mode": "catmullrom"
						},
						"1.7": [-51.66215, 4.84734, 0.85913],
						"1.8333": {
							"pre": [-5, 0, 0],
							"post": [-5, 0, 0],
							"lerp_mode": "catmullrom"
						},
						"1.8833": {
							"post": [4.5, 0, 0],
							"lerp_mode": "catmullrom"
						},
						"2.0": {
							"post": [0, 0, 0],
							"lerp_mode": "catmullrom"
						}
					},
					"position": {
						"0.0": [0, 0, 0],
						"0.0167": [-0.08129, -0.00636, -0.0087],
						"0.0333": [-0.17387, 0.0491, -0.03519],
						"0.05": [-0.28058, 0.175, -0.07975],
						"0.0667": [-0.40543, 0.38063, -0.14185],
						"0.0833": [-0.55462, 0.67613, -0.21981],
						"0.1": [-0.73817, 1.07031, -0.31061],
						"0.1167": [-0.97388, 1.56821, -0.40985],
						"0.1333": [-1.294, 2.16411, -0.51203],
						"0.15": [-1.72747, 2.8333, -0.61126],
						"0.1667": [-2.14166, 3.52534, -0.70207],
						"0.1833": [-2.39509, 4.17035, -0.78003],
						"0.2": [-2.54177, 4.70211, -0.84213],
						"0.2167": [-2.63097, 5.08041, -0.88669],
						"0.2333": [-2.68599, 5.29596, -0.91318],
						"0.25": [-2.71875, 5.35938, -0.92187],
						"0.2667": [-2.7645, 5.35131, -0.92187],
						"0.3": [-2.673, 5.36409, -0.92187],
						"0.3167": [-2.71875, 5.35938, -0.92187],
						"0.3667": [-2.75434, 5.31757, -0.92176],
						"0.3833": [-2.75091, 5.28225, -0.92168],
						"0.4": [-2.74051, 5.23123, -0.92159],
						"0.4167": [-2.72357, 5.16152, -0.9215],
						"0.4333": [-2.70058, 5.07233, -0.92139],
						"0.5167": [-2.51544, 4.5163, -0.92082],
						"0.6167": [-2.24458, 3.99498, -0.92019],
						"0.6667": [-2.16416, 3.79185, -0.92002],
						"0.6833": [-2.1575, 3.73, -0.92],
						"0.7": [-2.14888, 3.64605, -0.92],
						"0.7167": [-2.1191, 3.55654, -0.92],
						"0.7333": [-2.06023, 3.45977, -0.92],
						"0.75": [-1.96197, 3.353, -0.92],
						"0.7667": [-1.81883, 3.23117, -0.92],
						"0.7833": [-1.65242, 3.08329, -0.92],
						"0.8": [-1.50928, 2.87505, -0.92],
						"0.8167": [-1.41102, 2.57121, -0.92],
						"0.8333": [-1.35215, 2.46199, -0.92],
						"0.85": [-1.32237, 2.41513, -0.92],
						"0.8667": [-1.31375, 2.38625, -0.92],
						"0.8833": [-1.30224, 2.35106, -0.93472],
						"0.9": [-1.27011, 2.29024, -0.97344],
						"0.9167": [-1.22069, 2.20021, -1.03029],
						"0.9333": [-1.15689, 2.08128, -1.10111],
						"1.15": {
							"pre": [0, 1.04688, -2.28],
							"post": [0, 1.04688, -2.28],
							"lerp_mode": "catmullrom"
						},
						"1.5667": {
							"post": [0, -2.04687, -0.70187],
							"lerp_mode": "catmullrom"
						},
						"1.7": [0.01032, 0.54351, -1.67052],
						"1.7167": [0.05365, 0.6668, -1.66723],
						"1.7333": [0.18658, 0.73153, -1.66072],
						"1.75": [0.3908, 0.76195, -1.64984],
						"1.7667": [0.4037, 0.76999, -1.63401],
						"1.7833": [0.3643, 0.76285, -1.6156],
						"1.8": [0.30557, 0.74561, -1.59976],
						"1.95": [0.26214, -0.05009, 0],
						"1.9667": [0.20261, -0.03561, 0],
						"1.9833": [0.10938, -0.01866, 0],
						"2.0": {
							"pre": [0, 0, 0],
							"post": [0, 0, 0],
							"lerp_mode": "catmullrom"
						}
					}
				},
				"slide": {
					"rotation": {
						"0.0": [0, 0, 0],
						"1.4333": [0, 0, 0],
						"1.6833": [0, 0, 0]
					},
					"position": {
						"0.0": [0, 0, 0],
						"1.4333": [0, 0, 0],
						"1.5667": [0, 0, 1.53125],
						"1.6": [0, 0, 1.53125],
						"1.6833": [0, 0, 0]
					}
				},
				"bullet": {
					"position": {
						"0.0": [0, -84.0625, 0],
						"0.4": [0, -84.06, 135.59375],
						"1.2333": [0, -84.06, 605.43375]
					}
				},
				"righthand_pos": {
					"rotation": [0, 0, 0],
					"position": [0, 0, 0],
					"scale": [1, 1.5, 1]
				},
				"magazine": {
					"rotation": {
						"0.0": [0, 0, 0],
						"0.1833": [0, 0, 0],
						"0.25": [0, 0, 0]
					},
					"position": {
						"0.0": [0, 0, 0],
						"0.1833": [0, 0, 0],
						"0.25": [0, -0.85937, 0.25],
						"0.2667": [0, -1.98, 0.665],
						"0.3": [0, -4.21, 1.56188],
						"0.3667": [-0.01, -20.89062, 3.14438],
						"0.4667": [-0.01, -20.89062, 3.14438],
						"0.5667": [-0.01, -7.32812, 1.8475],
						"0.6667": [-0.01, -4.2675, 1.55313],
						"0.6833": [-0.01, -3.50187, 1.225],
						"0.7667": [0, 0, 0]
					}
				},
				"lefthand": {
					"rotation": {
						"0.0": [90, 20.25, 0],
						"0.3667": [90, 38, 0],
						"0.5": [90, 38, 0],
						"0.5167": [108.52248, 8.33179, 66.61093],
						"0.7167": [109.30268, 18.03138, 70.01907],
						"0.7833": [108.34014, 2.63905, 64.70598],
						"0.9167": [102.98409, 15.02557, 54.19828],
						"0.9833": [103.96729, 25.96815, 56.99287],
						"1.0333": [91.66169, 26.84012, 26.74027],
						"1.0833": [58.47764, 10.11019, -0.68249],
						"1.2333": [49.32656, -14.98472, -41.81663],
						"1.5667": {
							"pre": [29.62562, -20.69496, -32.26809],
							"post": [29.62562, -20.69496, -32.26809],
							"lerp_mode": "catmullrom"
						},
						"1.7333": {
							"post": [61.44199, 18.53663, -10.83344],
							"lerp_mode": "catmullrom"
						},
						"1.8667": {
							"post": [93.69199, 18.53663, -10.83344],
							"lerp_mode": "catmullrom"
						},
						"2.0": {
							"post": [90, 20.25, 0],
							"lerp_mode": "catmullrom"
						}
					},
					"position": {
						"0.0": [7.125, -3.60937, 15.98438],
						"0.3667": [15.36438, -3.61, 29.63625],
						"0.5": [15.36438, -3.61, 29.63625],
						"0.5167": [11.84375, -14.17187, 13.35938],
						"0.55": [9.93375, -10.59187, 14.5475],
						"0.5667": [9.18, -8.76187, 15.00313],
						"0.6667": [7.75813, -6.58812, 15.64063],
						"0.7": [6.86938, -5.55875, 15.64],
						"0.7667": [6.6475, -2.79187, 15.64],
						"0.8667": [7.44438, -4.46562, 15.64],
						"0.9167": [7.61125, -4.69875, 15.64],
						"0.9833": [7.47063, -5.23, 14.49938],
						"1.0333": [9.28375, -5.53875, 15.64],
						"1.0833": [10.23438, -2.38875, 15.1],
						"1.2333": [7.96938, -0.86812, 14.29625],
						"1.5667": {
							"pre": [7.97, -4.21375, 19.40938],
							"post": [7.97, -4.21375, 19.40938],
							"lerp_mode": "catmullrom"
						},
						"1.6667": {
							"post": [9.29812, -2.1475, 17.67563],
							"lerp_mode": "catmullrom"
						},
						"1.7333": {
							"post": [10.37813, -2.15, 16.08625],
							"lerp_mode": "catmullrom"
						},
						"1.8667": {
							"post": [7.09688, -4.75938, 11.41438],
							"lerp_mode": "catmullrom"
						},
						"2.0": {
							"post": [7.125, -3.60937, 15.98438],
							"lerp_mode": "catmullrom"
						}
					}
				},
				"lefthand_pos": {
					"rotation": [0, 0, 0],
					"position": [0, 0, 0],
					"scale": [1, 1.5, 1]
				},
				"righthand": {
					"rotation": {
						"0.0": [90, -360, -180],
						"1.8833": [90, -360, -180]
					},
					"position": {
						"0.0": [4.89063, -3.0625, 17.875],
						"0.25": [3.73375, -3.06, 17.88],
						"0.8667": [3.73375, -3.06, 17.88],
						"1.8833": [4.89063, -3.0625, 17.875]
					}
				}
			},
			"sound_effects": {
				"0.0": {
					"effect": "hk_usp_reload"
				}
			}
		},
		"inspect_empty": {
			"loop": "hold_on_last_frame",
			"animation_length": 6.4667,
			"bones": {
				"righthand_gun": {
					"rotation": {
						"0.0": [0, 0, 0],
						"0.0167": [0.02241, -1.30832, 0.01454],
						"0.0333": [0.1039, -2.71688, 0.0692],
						"0.05": [0.27945, -4.30412, 0.1952],
						"0.0667": [0.45218, -6.00181, 0.46741],
						"0.0833": [-0.04835, -7.66266, 0.897],
						"0.1": [-0.73403, -9.26505, 1.17165],
						"0.15": [-2.78676, -13.84816, 1.37462],
						"0.1667": [-3.48169, -15.43772, 1.36427],
						"0.1833": [-4.22525, -17.20988, 1.32965],
						"0.2": [-5.01447, -19.14176, 1.27282],
						"0.2167": [-5.84652, -21.21171, 1.19623],
						"0.3333": [-12.64714, -37.76462, 0.38864],
						"0.35": [-13.72202, -40.12163, 0.28065],
						"0.3667": [-14.80996, -42.37, 0.18596],
						"0.3833": [-15.90302, -44.44973, 0.10787],
						"0.4": [-16.98875, -46.27726, 0.04926],
						"0.4167": [-18.04457, -47.72725, 0.01262],
						"0.4333": {
							"pre": [-19.01922, -48.59329, 0],
							"post": [-19.01922, -48.59329, 0],
							"lerp_mode": "catmullrom"
						},
						"0.55": {
							"post": [-22.01922, -52.15579, 0],
							"lerp_mode": "catmullrom"
						},
						"0.7333": {
							"post": [-19.89806, -55.5285, -3.75891],
							"lerp_mode": "catmullrom"
						},
						"0.9333": {
							"post": [-16.67212, -49.91567, -6.15782],
							"lerp_mode": "catmullrom"
						},
						"1.05": {
							"post": [-16.5525, -47.3525, -6.405],
							"lerp_mode": "catmullrom"
						},
						"3.0667": {
							"post": [-12.35962, -40.79067, -15.03282],
							"lerp_mode": "catmullrom"
						},
						"3.4667": [-4.60124, -25.64848, -5.97095],
						"3.6333": [-7.0125, -25.2, -6.77],
						"3.7667": [-4.60124, -25.64848, -5.97095],
						"3.8": [-4.61581, -25.71025, -6.02156],
						"3.8167": [-4.65346, -25.87872, -6.15015],
						"3.8333": [-4.79902, -25.55964, -5.77857],
						"3.8833": [-4.85124, -24.52348, -4.78345],
						"3.95": [-4.41305, -23.75303, -3.7633],
						"3.9667": [-4.25206, -23.40999, -3.27074],
						"3.9833": [-4.08228, -23.00368, -2.67306],
						"4.0": [-3.90568, -22.53106, -1.96428],
						"4.0167": [-3.72352, -21.9876, -1.1383],
						"4.0333": [-3.5368, -21.37202, -0.18896],
						"4.05": [-3.34625, -20.6814, 0.88997],
						"4.0667": [-3.15244, -19.91262, 2.10618],
						"4.0833": [-2.95579, -19.06255, 3.46873],
						"4.1": [-2.75671, -18.12786, 4.98318],
						"4.1167": [-2.55552, -17.1036, 6.65831],
						"4.1333": [-2.35241, -15.98831, 8.5047],
						"4.15": [-2.14769, -14.7776, 10.52854],
						"4.1667": [-1.94148, -13.46739, 12.73905],
						"4.1833": [-1.73401, -12.05379, 15.1441],
						"4.2": [-1.5254, -10.53384, 17.74764],
						"4.2167": [-1.31582, -8.90348, 20.55789],
						"4.2333": [-1.10538, -7.15928, 23.57433],
						"4.25": [-0.8942, -5.29862, 26.79511],
						"4.2667": [-0.68241, -3.31949, 30.21351],
						"4.2833": [-0.47011, -1.2191, 33.8156],
						"4.3": [-0.25742, 1.00117, 37.57837],
						"4.3167": [-0.04445, 3.34011, 41.47009],
						"4.3333": [0.16869, 5.79398, 45.44895],
						"4.3833": [0.80793, 13.75497, 57.35999],
						"4.4": [1.02051, 16.55672, 61.11623],
						"4.4167": [1.23257, 19.39235, 64.66707],
						"4.4333": [1.44393, 22.22827, 67.96442],
						"4.45": [1.65436, 25.02451, 70.97158],
						"4.4667": [1.86358, 27.73561, 73.66458],
						"4.4833": [2.07126, 30.3131, 76.03209],
						"4.5": [2.27696, 32.70598, 78.06799],
						"4.5167": [2.48009, 34.86795, 79.78123],
						"4.5333": [2.67982, 36.75767, 81.18114],
						"4.55": [2.87489, 38.3415, 82.28198],
						"4.5667": [3.06329, 39.59559, 83.10161],
						"4.5833": [3.24125, 40.50852, 83.65508],
						"4.6": [3.39972, 41.07678, 83.96311],
						"4.6167": [3.49847, 41.30424, 84.0411],
						"4.7333": [4.03007, 41.41548, 84.05781],
						"4.75": [4.04649, 41.33702, 84.15683],
						"4.7667": [4.03319, 41.23703, 84.36341],
						"4.7833": [3.98823, 41.15334, 84.79044],
						"4.8": [3.90995, 41.11551, 84.81788],
						"4.9": [2.67041, 41.50117, 84.03038],
						"4.9167": [2.32605, 41.61074, 83.8766],
						"4.9333": [1.90154, 41.59008, 83.57108],
						"4.95": [1.38401, 41.26235, 82.9378],
						"4.9667": [0.79852, 40.54758, 81.92112],
						"4.9833": [0.16089, 39.35032, 80.45134],
						"5.0": [-0.51822, 37.5563, 78.44904],
						"5.0167": [-1.23118, 35.0709, 75.81328],
						"5.0333": [-1.97245, 31.88648, 72.43389],
						"5.05": [-2.73756, 28.17294, 68.19022],
						"5.0667": [-3.52314, 24.26228, 62.99721],
						"5.0833": [-4.32626, 20.48423, 56.85435],
						"5.1": [-5.14463, 17.03317, 49.92734],
						"5.1167": [-5.97624, 13.97185, 42.58241],
						"5.1333": [-6.8194, 11.28791, 35.28457],
						"5.15": [-7.67257, 8.94346, 28.42883],
						"5.1667": [-8.53438, 6.89525, 22.23692],
						"5.1833": [-9.40359, 5.10207, 16.77496],
						"5.2": [-10.27903, 3.53005, 12.01638],
						"5.2167": [-11.15957, 2.14946, 7.89695],
						"5.2333": [-12.04411, 0.93551, 4.33972],
						"5.25": [-12.93156, -0.1297, 1.27186],
						"5.2667": [-13.82077, -1.06504, -1.36659],
						"5.2833": [-14.71052, -1.88429, -3.63401],
						"5.3": [-15.59948, -2.59902, -5.57257],
						"5.3167": [-16.48614, -3.21892, -7.22509],
						"5.3333": [-17.36867, -3.75354, -8.62131],
						"5.35": [-18.24494, -4.21046, -9.78875],
						"5.3667": [-19.11215, -4.59572, -10.7526],
						"5.3833": [-19.96661, -4.91494, -11.53212],
						"5.4": [-20.80296, -5.17335, -12.14541],
						"5.4167": [-21.61331, -5.3758, -12.6046],
						"5.4333": [-22.38393, -5.52657, -12.92533],
						"5.45": [-23.08811, -5.62707, -13.11873],
						"5.4667": [-23.65371, -5.68365, -13.19509],
						"5.4833": [-23.97342, -5.74065, -13.22256],
						"5.5": [-24.09742, -5.79591, -13.24618],
						"5.5167": [-24.06441, -5.84911, -13.26527],
						"5.5333": [-23.90176, -5.89984, -13.27905],
						"5.6167": [-21.71169, -6.08615, -13.20825],
						"5.6667": [-19.63493, -6.00406, -12.80382],
						"5.6833": [-18.85097, -5.84589, -12.47608],
						"5.7": [-18.02795, -5.7364, -12.28216],
						"5.7333": [-16.27871, -5.68365, -12.19509],
						"5.75": [-15.28314, -5.63201, -12.08427],
						"5.7667": [-14.14038, -5.48197, -11.76235],
						"5.7833": [-12.89269, -5.24194, -11.24732],
						"5.8": [-11.57566, -4.92196, -10.56076],
						"5.8167": [-10.22025, -4.53377, -9.72784],
						"5.8833": [-4.92139, -2.58383, -5.54396],
						"5.9167": [-2.64794, -1.59289, -3.41777],
						"5.9333": [-1.67373, -1.14989, -2.46724],
						"5.95": [-0.8328, -0.7617, -1.63433],
						"5.9667": [-0.14405, -0.44172, -0.94777],
						"5.9833": [0.37321, -0.20168, -0.43274],
						"6.0": [0.69901, -0.05165, -0.11082],
						"6.0167": [0.8125, 0, 0],
						"6.1333": [2.125, 0, 0],
						"6.3": [0, 0, 0]
					},
					"position": {
						"0.0": [0, 0, 0],
						"0.05": [-0.24524, 0.03369, 0.01373],
						"0.0667": [-0.34583, 0.0664, 0.02616],
						"0.0833": [-0.45808, 0.11616, 0.04385],
						"0.1": [-0.58355, 0.18899, 0.06741],
						"0.1167": [-0.72389, 0.2918, 0.09632],
						"0.1333": [-0.88075, 0.42844, 0.12728],
						"0.15": [-1.05569, 0.59223, 0.15415],
						"0.1667": [-1.25, 0.76563, 0.17188],
						"0.1833": [-1.47658, 0.98919, 0.15325],
						"0.2": [-1.72664, 1.27059, 0.0917],
						"0.2167": [-1.9869, 1.57515, 0.00725],
						"0.25": [-2.51839, 2.1926, -0.1845],
						"0.2667": [-2.78419, 2.48786, -0.27806],
						"0.2833": [-3.04725, 2.76575, -0.3644],
						"0.3": [-3.30551, 3.021, -0.44084],
						"0.3167": [-3.55644, 3.24848, -0.5055],
						"0.3333": [-3.79653, 3.44292, -0.55704],
						"0.35": [-4.02023, 3.59853, -0.59454],
						"0.3667": [-4.21692, 3.70868, -0.61732],
						"0.3833": [-4.35937, 3.76563, -0.625],
						"0.4333": [-4.63569, 3.84847, -0.625],
						"0.45": [-4.7234, 3.85262, -0.625],
						"0.5167": [-4.67187, 3.76563, -0.625],
						"0.65": [-4.8434, 3.37129, -0.61407],
						"0.7167": {
							"pre": [-4.98437, 3.32813, -0.625],
							"post": [-4.98437, 3.32813, -0.625],
							"lerp_mode": "catmullrom"
						},
						"0.8667": {
							"post": [-4.8575, 3.10625, -0.77937],
							"lerp_mode": "catmullrom"
						},
						"1.4667": {
							"post": [-4.8575, 2.85625, -1.27937],
							"lerp_mode": "catmullrom"
						},
						"2.1833": {
							"post": [-4.8575, 2.98125, -1.27937],
							"lerp_mode": "catmullrom"
						},
						"3.0667": {
							"post": [-4.8575, 2.91875, -1.27937],
							"lerp_mode": "catmullrom"
						},
						"3.5333": [-4.485, 3.26, -1.28],
						"3.5667": [-4.49065, 3.26373, -1.26696],
						"3.5833": [-4.50027, 3.26927, -1.24571],
						"3.6": [-4.51644, 3.27784, -1.20898],
						"3.6333": [-4.53671, 3.29633, -1.11116],
						"3.65": [-4.53601, 3.30023, -1.07517],
						"3.75": [-4.49, 3.27188, -1.01],
						"3.9667": [-4.04284, 2.78952, -1.38256],
						"4.1333": [-3.60388, 2.41311, -1.80168],
						"4.25": [-3.42067, 2.28241, -2.01873],
						"4.3333": [-3.38062, 2.25625, -2.0725],
						"4.55": [-3.37357, 2.25066, -2.05748],
						"4.7667": [-3.35756, 2.23467, -2.05779],
						"4.9": [-3.35, 2.22625, -2.06],
						"5.1167": [-3.36336, 2.22625, -2.06],
						"5.3333": [-3.35403, 2.22625, -2.06],
						"5.3667": [-3.35, 2.22625, -2.06],
						"5.5167": [-3.28268, 2.22739, -2.06],
						"5.6": [-3.15898, 2.2029, -2.06],
						"5.6667": [-2.95579, 2.15458, -2.06],
						"5.7333": [-2.61543, 2.04947, -2.06],
						"5.75": [-2.51092, 2.00229, -2.06],
						"5.7667": [-2.40112, 1.93258, -2.06],
						"5.7833": [-2.2875, 1.72625, -2.06],
						"5.8": [-2.16474, 1.24429, -2.03587],
						"5.8167": [-2.02646, 0.95818, -1.96419],
						"5.8333": [-1.87285, 0.71002, -1.84671],
						"5.85": [-1.70473, 0.48464, -1.68692],
						"5.8667": [-1.52383, 0.27637, -1.49009],
						"5.8833": [-1.33311, 0.08253, -1.2633],
						"5.9": [-1.1369, -0.09816, -1.0154],
						"5.9167": [-0.94087, -0.26623, -0.75656],
						"5.9333": [-0.7517, -0.42173, -0.49773],
						"5.95": [-0.57637, -0.56414, -0.24983],
						"5.9667": [-0.42126, -0.69263, -0.02304],
						"5.9833": [-0.29136, -0.80579, 0.1738],
						"6.0": [-0.18988, -0.90158, 0.33358],
						"6.0167": [-0.11821, -0.97703, 0.45106],
						"6.0333": [-0.07616, -1.02777, 0.52274],
						"6.05": [-0.0625, -1.04687, 0.54688],
						"6.0667": [-0.06538, -1.05077, 0.54836],
						"6.0833": [-0.07833, -1.06694, 0.55434],
						"6.1": [-0.1875, -1.11053, 0.57459],
						"6.1167": [-0.29667, -0.94028, 0.47836],
						"6.1333": [-0.30962, -0.80942, 0.41591],
						"6.15": [-0.3125, -0.69, 0.36],
						"6.1833": [-0.29661, -0.44296, 0.24304],
						"6.2": [-0.2677, -0.30318, 0.17439],
						"6.2167": [-0.20533, -0.152, 0.09628],
						"6.2333": [-0.10717, -0.04095, 0.03238],
						"6.25": [-0.0448, -0.00881, 0.00967],
						"6.2667": [-0.01589, -0.00156, 0.0027],
						"6.3": [0, 0, 0]
					}
				},
				"righthand": {
					"rotation": {
						"0.0": [90, -360, -180],
						"0.2167": [90, -360, -180],
						"0.7333": [90, -360, -180],
						"3.3667": [90, -360, -180],
						"3.9667": [90, -360, -180],
						"4.4667": [90, -360, -180],
						"4.6333": [90, -360, -180],
						"5.1": [90, -360, -180],
						"5.4667": [90, -360, -180]
					},
					"position": {
						"0.0": [4.89063, -3.0625, 17.875],
						"0.2167": [4.89, -3.06, 17.88],
						"0.7333": [3.68687, -3.06, 17.88],
						"3.3667": [3.68687, -3.06, 17.88],
						"3.9667": [4.03, -3.06, 17.88],
						"4.4667": [4.03, -3.06, 17.88],
						"4.6333": [4.41, -3.06, 17.88],
						"5.1": [4.41, -3.06, 17.88],
						"5.4667": [4.89063, -3.0625, 17.875]
					}
				},
				"righthand_pos": {
					"rotation": [0, 0, 0],
					"position": [0, 0, 0],
					"scale": [1, 1.5, 1]
				},
				"lefthand": {
					"rotation": {
						"0.0": [90, 20.25, 0],
						"0.3167": [110.6741, 22.58216, 48.16793],
						"5.4667": [110.6741, 22.58216, 48.16793],
						"5.8333": [90, 20.25, 0],
						"6.0833": [90, 20.25, 0],
						"6.3": [90, 20.25, 0]
					},
					"position": {
						"0.0": [7.125, -3.60937, 15.98438],
						"0.3167": [14.625, -3.60937, 24.23438],
						"5.4667": [14.625, -3.60937, 24.23438],
						"5.8333": [9.5625, -6.79687, 18.57813],
						"6.0833": [7.125, -5.74999, 15.98438],
						"6.3": [7.125, -3.60937, 15.98438]
					}
				},
				"lefthand_pos": {
					"rotation": [0, 0, 0],
					"position": [0, 0, 0],
					"scale": [1, 1.5, 1]
				}
			},
			"sound_effects": {
				"0.0": {
					"effect": "hk_usp_inspect"
				}
			}
		},
		"walk_forward": {
			"loop": true,
			"animation_length": 1.0167,
			"blend_weight": "1",
			"bones": {
				"root": {
					"rotation": {
						"0.0": {
							"post": [0, 0, 0],
							"lerp_mode": "catmullrom"
						},
						"0.5": {
							"post": [0, 0, 0],
							"lerp_mode": "catmullrom"
						},
						"1.0": {
							"post": [0, 0, 0],
							"lerp_mode": "catmullrom"
						}
					},
					"position": {
						"0.0": {
							"post": [0, 0, 0],
							"lerp_mode": "catmullrom"
						},
						"0.15": {
							"post": [0.29, 0.11813, -0.03],
							"lerp_mode": "catmullrom"
						},
						"0.3167": {
							"post": [0.35, -0.05, 0.2981],
							"lerp_mode": "catmullrom"
						},
						"0.5": {
							"post": [0, 0, 0],
							"lerp_mode": "catmullrom"
						},
						"0.6833": {
							"post": [-0.29, 0.1181, -0.03],
							"lerp_mode": "catmullrom"
						},
						"0.85": {
							"post": [-0.35, -0.05, 0.2981],
							"lerp_mode": "catmullrom"
						},
						"1.0": {
							"post": [0, 0, 0],
							"lerp_mode": "catmullrom"
						}
					}
				}
			}
		},
		"walk_sideway": {
			"loop": true,
			"animation_length": 1,
			"blend_weight": "2",
			"bones": {
				"root": {
					"rotation": {
						"0.0": {
							"post": [0, 0, 0],
							"lerp_mode": "catmullrom"
						},
						"0.5": {
							"post": [0, 0, 0],
							"lerp_mode": "catmullrom"
						},
						"1.0": {
							"post": [0, 0, 0],
							"lerp_mode": "catmullrom"
						}
					},
					"position": {
						"0.0": {
							"post": [0, 0, 0],
							"lerp_mode": "catmullrom"
						},
						"0.15": {
							"post": [0.15, 0.06, -0.03],
							"lerp_mode": "catmullrom"
						},
						"0.3167": {
							"post": [0.25, -0.03, -0.03],
							"lerp_mode": "catmullrom"
						},
						"0.5": {
							"post": [0, 0, 0],
							"lerp_mode": "catmullrom"
						},
						"0.6833": {
							"post": [-0.15, 0.06, -0.03],
							"lerp_mode": "catmullrom"
						},
						"0.85": {
							"post": [-0.25, -0.03, -0.03],
							"lerp_mode": "catmullrom"
						},
						"1.0": {
							"post": [0, 0, 0],
							"lerp_mode": "catmullrom"
						}
					}
				}
			}
		},
		"walk_backward": {
			"loop": true,
			"animation_length": 1.0167,
			"blend_weight": "1",
			"bones": {
				"root": {
					"rotation": {
						"0.0": {
							"post": [0, 0, 0],
							"lerp_mode": "catmullrom"
						},
						"0.5": {
							"post": [0, 0, 0],
							"lerp_mode": "catmullrom"
						},
						"1.0": {
							"post": [0, 0, 0],
							"lerp_mode": "catmullrom"
						}
					},
					"position": {
						"0.0": {
							"post": [0, 0, 0],
							"lerp_mode": "catmullrom"
						},
						"0.15": {
							"post": [0.29, 0.11813, -0.03],
							"lerp_mode": "catmullrom"
						},
						"0.3167": {
							"post": [0.35, -0.05, 0.2981],
							"lerp_mode": "catmullrom"
						},
						"0.5": {
							"post": [0, 0, 0],
							"lerp_mode": "catmullrom"
						},
						"0.6833": {
							"post": [-0.29, 0.1181, -0.03],
							"lerp_mode": "catmullrom"
						},
						"0.85": {
							"post": [-0.35, -0.05, 0.2981],
							"lerp_mode": "catmullrom"
						},
						"1.0": {
							"post": [0, 0, 0],
							"lerp_mode": "catmullrom"
						}
					}
				}
			}
		},
		"run_start": {
			"loop": "hold_on_last_frame",
			"animation_length": 0.3167,
			"bones": {
				"root": {
					"rotation": {
						"0.0": [0, 0, 0],
						"0.2": [0, 0, 0],
						"0.3167": [0, 0, 0]
					},
					"position": {
						"0.0": [0, 0, 0],
						"0.0167": [0, -0.0061, 0.00524],
						"0.0333": [0, -0.02248, 0.02286],
						"0.05": [0, -0.0469, 0.05305],
						"0.0667": [0, -0.07768, 0.0958],
						"0.0833": [0, -0.11349, 0.15114],
						"0.1": [0, -0.15326, 0.21889],
						"0.1167": [0, -0.19608, 0.29877],
						"0.1333": [0, -0.24118, 0.39032],
						"0.2167": [0, -0.56549, 1.25409],
						"0.2333": [0, -0.60526, 1.38131],
						"0.25": [0, -0.64107, 1.49818],
						"0.2667": [0, -0.67185, 1.59941],
						"0.2833": [0, -0.69627, 1.67918],
						"0.3": [0, -0.71265, 1.73141],
						"0.3167": [0, -0.71875, 1.75]
					}
				}
			}
		},
		"run": {
			"loop": true,
			"animation_length": 0.8,
			"bones": {
				"root": {
					"rotation": {
						"0.0": {
							"post": [0, 0, 0],
							"lerp_mode": "catmullrom"
						},
						"0.1333": {
							"post": [0, 0, 0],
							"lerp_mode": "catmullrom"
						},
						"0.2667": {
							"post": [0, 0, 0],
							"lerp_mode": "catmullrom"
						},
						"0.4": {
							"post": [0, 0, 0],
							"lerp_mode": "catmullrom"
						},
						"0.5333": {
							"post": [0, 0, 0],
							"lerp_mode": "catmullrom"
						},
						"0.6667": {
							"post": [0, 0, 0],
							"lerp_mode": "catmullrom"
						},
						"0.8": {
							"post": [0, 0, 0],
							"lerp_mode": "catmullrom"
						}
					},
					"position": {
						"0.0": {
							"post": [0, -0.71875, 1.75],
							"lerp_mode": "catmullrom"
						},
						"0.1333": {
							"post": [0.26, -0.1959, 1.75],
							"lerp_mode": "catmullrom"
						},
						"0.2667": {
							"post": [0.3047, -0.4772, 1.75],
							"lerp_mode": "catmullrom"
						},
						"0.4": {
							"post": [0, -0.71875, 1.75],
							"lerp_mode": "catmullrom"
						},
						"0.5333": {
							"post": [-0.26, -0.1959, 1.75],
							"lerp_mode": "catmullrom"
						},
						"0.6667": {
							"post": [-0.3047, -0.4772, 1.75],
							"lerp_mode": "catmullrom"
						},
						"0.8": {
							"post": [0, -0.71875, 1.75],
							"lerp_mode": "catmullrom"
						}
					}
				}
			}
		},
		"run_hold": {
			"loop": "hold_on_last_frame",
			"animation_length": 0.0333,
			"bones": {
				"root": {
					"rotation": [0, 0, 0],
					"position": [0, -0.71875, 1.75]
				}
			}
		},
		"run_end": {
			"loop": "hold_on_last_frame",
			"animation_length": 0.3667,
			"bones": {
				"root": {
					"rotation": [0, 0, 0],
					"position": {
						"0.0": [0.375, -0.39187, 1.75],
						"0.0167": [0.37187, -0.3877, 1.73457],
						"0.0333": [0.3636, -0.37764, 1.69971],
						"0.05": [0.35143, -0.36116, 1.64513],
						"0.0667": [0.33626, -0.33815, 1.57127],
						"0.0833": [0.31873, -0.30915, 1.47931],
						"0.1": [0.29936, -0.27553, 1.37135],
						"0.1833": [0.1875, -0.10755, 0.71818],
						"0.2167": [0.14095, -0.06203, 0.47775],
						"0.2333": [0.1183, -0.04463, 0.37373],
						"0.25": [0.09643, -0.03046, 0.28223],
						"0.2667": [0.07564, -0.01924, 0.20388],
						"0.2833": [0.05627, -0.01068, 0.13876],
						"0.3": [0.03874, -0.00455, 0.08673],
						"0.3167": [0.02357, -0.0006, 0.04739],
						"0.3333": [0.0114, 0.00135, 0.02022],
						"0.35": [0.00313, 0.0015, 0.00464],
						"0.3667": [0, 0, 0]
					}
				}
			}
		}
	}
}