{
	"format_version": "1.8.0",
	"animations": {
		"idle": {
			"loop": true,
			"animation_length": 4,
			"blend_weight": "1",
			"bones": {
				"root": {
					"rotation": {
						"0.0": {
							"post": [0, 0, 0],
							"lerp_mode": "catmullrom"
						},
						"4.0": {
							"post": [0, 0, 0],
							"lerp_mode": "catmullrom"
						}
					},
					"position": {
						"0.0": {
							"post": [0, 0, 0],
							"lerp_mode": "catmullrom"
						},
						"2.0167": {
							"post": [0, -0.26562, 0],
							"lerp_mode": "catmullrom"
						},
						"4.0": {
							"post": [0, 0, 0],
							"lerp_mode": "catmullrom"
						}
					}
				}
			}
		},
		"static_idle": {
			"loop": true,
			"animation_length": 2,
			"bones": {
				"knife": {
					"rotation": [-126.0401, 15.72411, -24.34766],
					"position": [-0.23437, 0.12501, -3.26562]
				},
				"righthand": {
					"rotation": [89.22987, -387.17261, -100.62224],
					"position": [-17.99999, -14.70312, 1.60938]
				},
				"righthand_pos": {
					"rotation": [0, 0, 0],
					"position": [0, 0, 0],
					"scale": [1, 1.5, 1]
				},
				"lefthand": {
					"rotation": [125.93791, 14.90051, -270.77521],
					"position": {
						"0.0": {
							"post": [25.17188, -12.14062, 2.07813],
							"lerp_mode": "catmullrom"
						}
					}
				},
				"lefthand_pos": {
					"rotation": [0, 0, 0],
					"position": [0, 0, 0],
					"scale": [1, 1.5, 1]
				},
				"righthand_and_knife": {
					"rotation": [0, 0, 0],
					"position": {
						"0.0": {
							"post": [-2.03125, 0, 0],
							"lerp_mode": "catmullrom"
						}
					}
				}
			}
		},
		"draw": {
			"loop": "hold_on_last_frame",
			"animation_length": 0.9167,
			"bones": {
				"righthand_and_knife": {
					"rotation": [0, 0, 0],
					"position": {
						"0.0": {
							"post": [-2.03125, 0, 0],
							"lerp_mode": "catmullrom"
						}
					}
				},
				"righthand": {
					"rotation": [89.22987, -387.17261, -100.62224],
					"position": [-17.99999, -14.70312, 1.60938]
				},
				"righthand_pos": {
					"rotation": [0, 0, 0],
					"position": [0, 0, 0],
					"scale": [1, 1.5, 1]
				},
				"knife": {
					"rotation": {
						"0.0": {
							"post": [-107.5, 0, 0],
							"lerp_mode": "catmullrom"
						},
						"0.1": {
							"post": [-119.90867, -5.01637, -5.66354],
							"lerp_mode": "catmullrom"
						},
						"0.1667": {
							"post": [-124.81252, -7.24587, -8.18067],
							"lerp_mode": "catmullrom"
						},
						"0.3833": {
							"post": [-126.78146, 18.94377, -26.83459],
							"lerp_mode": "catmullrom"
						},
						"0.85": {
							"post": [-126.0401, 15.72411, -24.34766],
							"lerp_mode": "catmullrom"
						}
					},
					"position": {
						"0.3833": {
							"pre": [-0.23437, 0.12501, -3.26562],
							"post": [-0.23437, 0.12501, -3.26562],
							"lerp_mode": "catmullrom"
						},
						"0.85": {
							"post": [-0.23437, 0.12501, -3.26562],
							"lerp_mode": "catmullrom"
						}
					}
				},
				"lefthand": {
					"rotation": {
						"0.0667": {
							"pre": [185.50892, 14.81118, -302.33166],
							"post": [185.50892, 14.81118, -302.33166],
							"lerp_mode": "catmullrom"
						},
						"0.2333": {
							"post": [137.64831, 11.71502, -280.2027],
							"lerp_mode": "catmullrom"
						},
						"0.4": {
							"post": [113.28661, 23.38754, -265.79541],
							"lerp_mode": "catmullrom"
						},
						"0.85": [125.93791, 14.90051, -270.77521]
					},
					"position": {
						"0.0667": {
							"pre": [25.17, -16.64, 7.11125],
							"post": [25.17, -16.64, 7.11125],
							"lerp_mode": "catmullrom"
						},
						"0.2333": {
							"post": [25.17188, -12.14062, 2.07813],
							"lerp_mode": "catmullrom"
						},
						"0.4": {
							"post": [25.17188, -12.14062, 2.07813],
							"lerp_mode": "catmullrom"
						},
						"0.85": {
							"post": [25.17188, -12.14062, 2.07813],
							"lerp_mode": "catmullrom"
						}
					}
				},
				"lefthand_pos": {
					"rotation": [0, 0, 0],
					"position": [0, 0, 0],
					"scale": [1, 1.5, 1]
				},
				"right_elbow": {
					"rotation": {
						"0.0": [-65.54, -57.82, 103.61],
						"0.0167": [-62.02865, -57.25825, 97.59177],
						"0.0333": [-57.25626, -55.68941, 89.09638],
						"0.05": [-52.23358, -53.2618, 80.04345],
						"0.0667": [-47.18652, -50.09505, 70.88947],
						"0.0833": [-42.21717, -46.28671, 61.84269],
						"0.1": [-37.38822, -41.92334, 53.0298],
						"0.1167": [-32.74645, -37.08032, 44.54551],
						"0.1333": [-28.33337, -31.82683, 36.47077],
						"0.15": [-24.18898, -26.23011, 28.88339],
						"0.1667": [-20.35668, -20.35946, 21.8647],
						"0.1833": [-16.88415, -14.29058, 15.50521],
						"0.2": [-13.82775, -8.11489, 9.91012],
						"0.2167": [-11.25608, -1.95506, 5.20596],
						"0.2333": [-9.25516, 4.00009, 1.5498],
						"0.25": [-7.93677, 9.40317, -0.85577],
						"0.2667": [-7.45373, 13.39005, -1.7354],
						"0.2833": [-7.45586, 15.21114, -1.74293],
						"0.3": [-7.46183, 16.37771, -1.76393],
						"0.3167": [-7.47102, 17.26725, -1.79624],
						"0.3333": [-7.48287, 17.98713, -1.83795],
						"0.4167": [-7.56641, 20.16094, -2.13184],
						"0.4833": [-7.63888, 20.71679, -2.38683],
						"0.5167": [-7.6687, 20.57966, -2.49175],
						"0.5333": [-7.68056, 20.366, -2.53346],
						"0.55": [-7.68974, 20.0124, -2.56577],
						"0.5667": [-7.69571, 19.43982, -2.58677],
						"0.5833": [-7.69785, 18.39812, -2.5943],
						"0.6": [-7.62659, 16.78993, -2.57028],
						"0.6167": [-7.41492, 15.12021, -2.49895],
						"0.6333": [-7.06801, 13.45342, -2.38204],
						"0.65": [-6.59619, 11.82073, -2.22302],
						"0.7167": [-3.84893, 5.95442, -1.29715],
						"0.7333": [-3.08462, 4.71307, -1.03957],
						"0.75": [-2.35258, 3.58418, -0.79286],
						"0.7667": [-1.6829, 2.58008, -0.56716],
						"0.7833": [-1.10167, 1.71452, -0.37128],
						"0.8": [-0.62984, 1.00328, -0.21227],
						"0.8167": [-0.28293, 0.46485, -0.09535],
						"0.8333": [-0.07126, 0.12146, -0.02402],
						"0.85": [0, 0, 0]
					},
					"position": {
						"0.0": {
							"post": [2.54688, 0, -0.07625],
							"lerp_mode": "catmullrom"
						},
						"0.1833": {
							"post": [0, 0, -2.92187],
							"lerp_mode": "catmullrom"
						},
						"0.2667": {
							"post": [0, 0, -2.92187],
							"lerp_mode": "catmullrom"
						},
						"0.5833": {
							"post": [0, 0, -2.92187],
							"lerp_mode": "catmullrom"
						},
						"0.85": [0, 0, 0]
					}
				}
			},
			"sound_effects": {
				"0.0": {
					"effect": "knife_deploy"
				}
			}
		},
		"inspect": {
			"loop": "hold_on_last_frame",
			"animation_length": 6.0833,
			"bones": {
				"righthand_and_knife": {
					"position": [-2.03125, 0, 0]
				},
				"righthand": {
					"rotation": {
						"0.0": [89.22987, -387.17261, -100.62224],
						"0.5": [89.25334, -383.42293, -100.67713],
						"0.7333": {
							"pre": [89.25334, -383.42293, -100.67713],
							"post": [89.25334, -383.42293, -100.67713],
							"lerp_mode": "catmullrom"
						},
						"1.1667": {
							"post": [89.01772, -380.67316, -100.71542],
							"lerp_mode": "catmullrom"
						},
						"1.7667": {
							"post": [87.76237, -380.56945, -96.4429],
							"lerp_mode": "catmullrom"
						},
						"2.25": {
							"post": [73.63898, -385.95225, -54.28716],
							"lerp_mode": "catmullrom"
						},
						"3.25": [73.63898, -385.95225, -54.28716],
						"3.2667": [73.75405, -385.9065, -54.63688],
						"3.2833": [73.98318, -385.81533, -55.40613],
						"3.3": [74.26455, -385.70318, -56.39883],
						"3.5167": [79.11402, -383.73431, -73.87609],
						"3.6667": [82.70963, -382.22319, -85.5284],
						"3.7833": [85.41929, -381.03869, -93.1868],
						"3.8833": [87.58833, -380.03895, -98.42234],
						"3.9833": [89.47955, -379.0803, -102.13578],
						"4.0667": [90.59126, -378.35972, -103.82331],
						"4.1": [90.75215, -378.12262, -104.0817],
						"4.1167": [90.6864, -378.03146, -104.11241],
						"4.1333": [90.39606, -377.9857, -104.07398],
						"4.3167": [87.92852, -376.94014, -103.60992],
						"4.4167": [87.43808, -376.1659, -104.32607],
						"4.6167": [87.08791, -374.81548, -104.21509],
						"4.65": [87.08356, -374.7357, -104.07398],
						"4.8167": [87.30845, -375.87717, -103.60469],
						"4.85": [87.43586, -376.19835, -103.75908],
						"4.8833": [87.6028, -376.52306, -104.38889],
						"5.0167": [88.89607, -377.69896, -104.34412],
						"5.0833": [90.39606, -377.9857, -104.07398],
						"5.1333": [92.30031, -377.99838, -103.61097],
						"5.15": [93.13269, -378.05446, -103.49118],
						"5.1667": [94.12646, -378.23801, -103.43036],
						"5.1833": [95.14501, -378.60453, -103.5755],
						"5.2": [96.04514, -379.05024, -105.22313],
						"5.2167": [96.83734, -379.49998, -107.03121],
						"5.2333": [97.55714, -379.9367, -108.22746],
						"5.25": [98.22777, -380.35881, -109.19061],
						"5.3667": [104.81212, -386.23302, -116.66355],
						"5.6667": [85.50445, -387.00321, -84.89608],
						"5.8167": [89.22987, -387.17261, -100.62224]
					},
					"position": {
						"0.0": [-17.99999, -14.70312, 1.60938],
						"0.5": [-17.34375, -13.74687, 0.39125],
						"0.7333": {
							"pre": [-17.34375, -13.74687, 0.39125],
							"post": [-17.34375, -13.74687, 0.39125],
							"lerp_mode": "catmullrom"
						},
						"1.1667": {
							"post": [-17.34375, -13.59062, 0.39125],
							"lerp_mode": "catmullrom"
						},
						"1.7667": {
							"post": [-17.34375, -13.59062, 0.39125],
							"lerp_mode": "catmullrom"
						},
						"2.25": {
							"post": [-17.34375, -14.73124, 0.84438],
							"lerp_mode": "catmullrom"
						},
						"3.25": [-17.34375, -14.73124, 0.84438],
						"4.1333": [-17.34, -13.15437, 0.36],
						"4.65": [-17.30875, -12.96687, 0.36],
						"5.0833": [-17.34, -13.15437, 0.36],
						"5.6667": [-18.3825, -14.79562, 1.27],
						"5.8167": [-17.99999, -14.70312, 1.60938]
					}
				},
				"righthand_pos": {
					"rotation": [0, 0, 0],
					"position": [0, 0, 0],
					"scale": [1, 1.5, 1]
				},
				"knife": {
					"rotation": {
						"0.0": [-126.0401, 15.72411, -24.34766],
						"0.0167": [-122.17634, 17.78425, -21.58417],
						"0.0333": [-118.92805, 19.78924, -19.21833],
						"0.05": [-116.36677, 21.70226, -17.23963],
						"0.0667": [-114.55809, 23.46642, -15.6371],
						"0.0833": [-113.55158, 24.99516, -14.39988],
						"0.1": [-113.36025, 26.16433, -13.51668],
						"0.1167": [-113.93853, 26.81936, -12.97583],
						"0.1333": [-115.16309, 26.82324, -12.76376],
						"0.15": [-116.83095, 26.13816, -12.86529],
						"0.1667": [-118.68794, 24.8671, -13.26104],
						"0.1833": [-120.47584, 23.18956, -13.92488],
						"0.2": [-121.9789, 21.27482, -14.81755],
						"0.2167": [-123.04691, 19.24293, -15.87306],
						"0.2333": [-123.59736, 17.16773, -16.95985],
						"0.25": [-123.59859, 15.09182, -17.73461],
						"0.2667": [-123.19532, 12.60068, -17.62779],
						"0.2833": [-122.33133, 9.87758, -15.70201],
						"0.3": [-115.99857, 6.22358, -14.88305],
						"0.3167": [-113.67943, 7.79576, -14.52021],
						"0.3333": [-113.22192, 8.14265, -14.3581],
						"0.35": {
							"pre": [-113.11984, 8.22672, -14.31381],
							"post": [-113.11984, 8.22672, -14.31381],
							"lerp_mode": "catmullrom"
						},
						"0.3667": [-112.87355, 8.38645, -14.37035],
						"0.3833": [-112.22665, 8.82204, -14.51723],
						"0.4": [-111.27714, 9.48015, -14.73046],
						"0.4167": [-110.0911, 10.31889, -14.99418],
						"0.4333": [-108.71667, 11.30499, -15.29688],
						"0.45": [-107.18931, 12.4102, -15.62984],
						"0.4667": [-105.53768, 13.6114, -15.98643],
						"0.6167": [-87.99312, 26.07898, -19.51434],
						"0.6833": [-80.33803, 31.15517, -20.77031],
						"0.7": [-78.63753, 32.26449, -20.98355],
						"0.7167": [-77.08575, 33.29071, -21.13042],
						"0.7333": [-75.73549, 34.22372, -21.18696],
						"0.75": [-74.69427, 34.97389, -21.19169],
						"0.7667": [-73.91913, 35.54699, -21.20109],
						"0.7833": [-73.3197, 36.0109, -21.21254],
						"1.0": [-71.08589, 38.44183, -21.38822],
						"1.2167": [-71.54888, 38.22849, -21.51883],
						"1.4333": [-72.28913, 36.27409, -21.52786],
						"1.55": [-72.5914, 34.13843, -21.41657],
						"1.6167": [-72.712, 32.03707, -21.2544],
						"1.6333": [-72.73549, 31.22372, -21.18696],
						"1.65": [-72.80085, 30.43027, -20.9998],
						"1.6667": [-72.95266, 29.84345, -20.57806],
						"1.6833": [-73.19973, 29.39202, -19.9012],
						"1.7": [-73.55309, 29.03708, -18.95831],
						"1.7167": [-74.02179, 28.75572, -17.75585],
						"1.7333": [-74.61697, 28.53279, -16.31964],
						"1.75": [-75.35389, 28.35823, -14.69561],
						"1.7667": [-76.24939, 28.22378, -12.94264],
						"1.7833": [-77.32208, 28.12418, -11.12231],
						"1.8": [-78.59233, 28.05449, -9.28929],
						"1.8167": [-80.09279, 28.01119, -7.48619],
						"1.8333": [-81.85129, 27.99135, -5.74239],
						"1.85": [-83.90848, 27.99252, -4.07607],
						"1.8667": [-86.31081, 28.01265, -2.49727],
						"1.8833": [-89.11693, 28.05026, -1.00904],
						"1.9": [-92.3952, 28.10362, 0.38838],
						"1.9167": [-96.21701, 28.17139, 1.69783],
						"1.9333": [-100.66725, 28.25278, 2.92243],
						"1.95": [-105.80533, 28.34652, 4.06743],
						"1.9667": [-111.64893, 28.45189, 5.13637],
						"1.9833": [-118.11375, 28.5681, 6.13471],
						"2.0167": [-131.89226, 28.83035, 7.93552],
						"2.0333": [-138.52619, 28.97521, 8.74699],
						"2.05": [-144.64222, 29.12859, 9.50302],
						"2.0667": [-150.13554, 29.28995, 10.20778],
						"2.0833": [-155.00543, 29.45895, 10.86439],
						"2.1": [-159.29693, 29.63512, 11.47557],
						"2.1167": [-163.07699, 29.81819, 12.04395],
						"2.1333": [-166.40628, 30.00772, 12.57212],
						"2.15": [-169.34751, 30.20355, 13.06196],
						"2.1667": [-171.95063, 30.40523, 13.51517],
						"2.1833": [-174.26019, 30.61258, 13.93497],
						"2.2": [-176.31129, 30.82533, 14.32125],
						"2.2167": [-178.13415, 31.04318, 14.67764],
						"2.2333": [-179.75503, 31.2659, 15.00359],
						"2.25": [-181.19653, 31.49326, 15.30189],
						"2.2667": [-182.47661, 31.72502, 15.57378],
						"2.2833": [-183.61173, 31.96091, 15.81999],
						"2.3": [-184.61505, 32.20066, 16.04127],
						"2.3167": [-185.4962, 32.44395, 16.23927],
						"2.3333": [-186.27041, 32.6905, 16.41491],
						"2.4": [-188.42892, 33.69858, 16.91079],
						"2.4167": [-188.7694, 33.95124, 16.98712],
						"2.6333": [-192.42303, 35.84383, 17.9451],
						"2.85": [-194.88264, 36.62346, 19.03969],
						"2.9667": [-194.98812, 36.68676, 19.57932],
						"3.0833": [-193.53506, 36.38766, 19.71245],
						"3.15": [-192.20664, 35.92984, 19.06444],
						"3.1667": [-191.86763, 35.75692, 18.71191],
						"3.1833": [-191.53425, 35.54754, 18.25237],
						"3.2": [-191.20918, 35.2877, 17.6768],
						"3.2167": [-190.8944, 34.95124, 16.98712],
						"3.2333": [-190.50987, 34.54164, 16.33836],
						"3.25": [-189.97402, 34.09955, 15.83134],
						"3.2667": [-189.28592, 33.63184, 15.42168],
						"3.2833": [-188.44492, 33.14373, 15.08311],
						"3.3": [-187.44877, 32.63936, 14.79883],
						"3.3167": [-186.29835, 32.12214, 14.55669],
						"3.3333": [-184.99156, 31.59488, 14.34796],
						"3.35": [-183.52947, 31.06007, 14.16604],
						"3.3667": [-181.91192, 30.51991, 14.0053],
						"3.3833": [-180.13933, 29.97638, 13.86146],
						"3.4": [-178.21289, 29.43136, 13.73059],
						"3.4167": [-176.13453, 28.88665, 13.60934],
						"3.4333": [-173.90562, 28.34402, 13.49465],
						"3.45": [-171.53064, 27.80525, 13.38366],
						"3.4667": [-169.01296, 27.27218, 13.27357],
						"3.4833": [-166.35836, 26.74681, 13.1616],
						"3.5": [-163.57378, 26.23122, 13.04486],
						"3.5167": [-160.66806, 25.72784, 12.92031],
						"3.6167": [-141.55166, 23.15817, 11.77067],
						"3.65": [-135.19541, 22.62432, 11.05107],
						"3.6667": [-132.23474, 22.47833, 10.55168],
						"3.6833": [-129.52861, 22.45884, 9.89488],
						"3.7": [-126.90518, 22.54822, 9.01319],
						"3.7167": [-124.16568, 22.67726, 7.96523],
						"3.8167": [-107.27712, 23.93338, 0.25346],
						"3.8833": [-96.8725, 25.08903, -5.3007],
						"3.9167": [-92.16815, 25.75231, -8.05325],
						"3.9333": [-89.96532, 26.10646, -9.40744],
						"3.95": [-87.87045, 26.47641, -10.74065],
						"3.9667": [-85.88954, 26.86328, -12.04737],
						"3.9833": [-84.02933, 27.26811, -13.32187],
						"4.0": [-82.2953, 27.69262, -14.55693],
						"4.0167": [-80.69386, 28.13864, -15.74447],
						"4.0333": [-79.23097, 28.60868, -16.87417],
						"4.05": [-77.91348, 29.10594, -17.93294],
						"4.0667": [-76.74703, 29.63461, -18.90369],
						"4.0833": [-75.7392, 30.20053, -19.76237],
						"4.1": [-74.89665, 30.81159, -20.47304],
						"4.1167": [-74.22621, 31.47982, -20.98103],
						"4.1333": [-73.73549, 32.22372, -21.18696],
						"4.15": [-73.37537, 32.85797, -21.18696],
						"4.3667": [-71.19421, 35.5884, -21.18696],
						"4.5833": [-70.62227, 36.06081, -21.18696],
						"4.8": [-70.95353, 35.46486, -21.18696],
						"5.0": [-72.33121, 33.72859, -21.18696],
						"5.0667": [-73.34947, 32.60675, -21.18696],
						"5.0833": [-73.73549, 32.22372, -21.18696],
						"5.1": [-74.19563, 31.72869, -21.1991],
						"5.1167": [-74.70882, 31.06274, -21.23434],
						"5.1333": [-75.28626, 30.19977, -21.29073],
						"5.15": [-75.94189, 29.11058, -21.36591],
						"5.1667": [-76.69347, 27.75601, -21.4571],
						"5.1833": [-77.56275, 26.08952, -21.56117],
						"5.2": [-78.57565, 24.0535, -21.67469],
						"5.2167": [-79.76058, 21.57744, -21.79397],
						"5.2333": [-81.14319, 18.5879, -21.9152],
						"5.25": [-82.73638, 15.03297, -22.03448],
						"5.2667": [-84.52781, 10.95852, -22.14799],
						"5.2833": [-86.47551, 6.6436, -22.25207],
						"5.3": [-88.51767, 2.65001, -22.34326],
						"5.3167": [-90.59253, -0.46873, -22.41843],
						"5.3333": [-92.65299, -2.51348, -22.47483],
						"5.35": [-94.67019, -3.59476, -22.51007],
						"5.3667": [-96.62969, -3.91268, -22.52221],
						"5.3833": [-98.7852, -3.92409, -22.25442],
						"5.4": [-101.623, -3.95876, -21.39117],
						"5.4167": [-105.94863, -4.01731, -19.84495],
						"5.4333": [-112.6747, -4.09989, -17.56364],
						"5.45": [-116.69904, -4.20615, -14.59467],
						"5.4667": [-118.70008, -4.33503, -11.15074],
						"5.4833": [-119.94988, -4.4845, -7.60201],
						"5.5": [-120.82055, -4.65141, -4.33983],
						"5.5167": [-121.46286, -4.83141, -1.62585],
						"5.5333": [-121.95189, -5.0189, 0.44385],
						"5.55": [-122.33087, -5.20729, 1.88283],
						"5.5667": [-122.62616, -5.38941, 2.75406],
						"5.5833": [-122.85637, -5.55801, 3.13288],
						"5.6": [-123.03383, -5.7064, 3.0897],
						"5.6167": [-123.20192, -5.43573, 2.68726],
						"5.6333": [-123.37446, -4.38251, 1.93102],
						"5.65": [-123.55326, -2.63893, 0.7937],
						"5.6667": [-123.74172, -0.35507, -0.7498],
						"5.6833": [-123.94763, 2.27484, -2.72012],
						"5.7": [-124.2006, 5.04006, -5.12837],
						"5.7167": [-124.87333, 7.74457, -7.96266],
						"5.7333": [-125.1263, 10.22931, -11.17083],
						"5.75": [-125.33221, 12.38087, -14.63007],
						"5.7667": [-125.52067, 14.12916, -18.10745],
						"5.7833": [-125.69947, 15.43937, -21.2271],
						"5.8": [-125.87201, 16.30219, -23.48345],
						"5.8167": [-126.0401, 16.72411, -24.34766]
					},
					"position": {
						"0.0": [-0.23437, 0.12501, -3.26562],
						"0.1167": [-0.23437, 0.12501, -3.26562],
						"0.7333": [1.43, -0.945, -4.43],
						"1.6167": [1.43, -0.945, -4.43],
						"5.0833": {
							"pre": [1.43, -0.945, -4.43],
							"post": [1.43, -0.945, -4.43],
							"lerp_mode": "catmullrom"
						},
						"5.8167": [-0.23437, 0.12501, -3.26562]
					}
				},
				"lefthand": {
					"rotation": {
						"0.0": {
							"post": [125.93791, 14.90051, -270.77521],
							"lerp_mode": "catmullrom"
						},
						"0.1833": {
							"post": [125.98625, -3.30002, -283.75574],
							"lerp_mode": "catmullrom"
						},
						"0.2": [125.98769, -3.31505, -283.78026],
						"0.4167": [126.01743, -3.62647, -284.2848],
						"0.6333": [126.04917, -3.95882, -284.80738],
						"0.85": [126.08141, -4.29641, -285.32349],
						"1.0667": [126.11391, -4.63669, -285.82941],
						"1.2833": [126.14657, -4.97863, -286.32336],
						"1.5": [126.17933, -5.32169, -286.80409],
						"1.7167": [126.21217, -5.66554, -287.27039],
						"1.9333": [126.24507, -6.00995, -287.72094],
						"2.15": [126.278, -6.35476, -288.1544],
						"2.3667": [126.31095, -6.69983, -288.56896],
						"2.5833": [126.34392, -7.04506, -288.96277],
						"2.8": [126.3769, -7.39034, -289.33346],
						"3.0167": [126.40987, -7.73559, -289.67813],
						"3.2333": [126.44283, -8.08069, -289.9932],
						"3.45": [126.47577, -8.42555, -290.2741],
						"3.6667": [126.50867, -8.77003, -290.51458],
						"3.8833": [126.54152, -9.11398, -290.707],
						"4.1": [126.57429, -9.45718, -290.83964],
						"4.3167": [126.60697, -9.79932, -290.89561],
						"4.5333": [126.6395, -10.13991, -290.84829],
						"4.75": [126.67179, -10.47802, -290.64929],
						"4.9667": [126.70364, -10.81149, -290.19245],
						"5.1833": [126.73411, -11.13055, -289.11768],
						"5.2333": [126.73965, -11.18851, -288.60759],
						"5.25": [126.73455, -11.02258, -288.38457],
						"5.3833": [126.60269, -6.73176, -285.79779],
						"5.5": [126.45743, -2.00517, -282.02129],
						"5.5833": [126.34961, 1.50346, -278.10024],
						"5.6667": [126.24155, 5.01978, -272.82365],
						"5.75": [126.13577, 8.46209, -266.46431],
						"5.7667": [126.11517, 9.13224, -265.30942],
						"5.7833": [126.09486, 9.79337, -264.32983],
						"5.8": [126.07487, 10.44376, -263.60086],
						"5.8167": [126.05528, 11.08132, -263.18004],
						"5.8333": [126.03616, 11.70323, -263.09579],
						"5.85": [126.01764, 12.30603, -263.34419],
						"5.8667": [125.99986, 12.88465, -263.8946],
						"5.8833": [125.98303, 13.43215, -264.70609],
						"5.9": [125.96749, 13.93793, -265.73681],
						"5.9167": [125.95379, 14.38369, -266.94616],
						"5.9333": [125.94301, 14.73458, -268.30136],
						"5.95": [125.93791, 14.90051, -269.77521]
					},
					"position": {
						"0.0": {
							"post": [25.17188, -12.14062, 2.07813],
							"lerp_mode": "catmullrom"
						},
						"0.4": {
							"post": [25.17, -14.81187, 12.31438],
							"lerp_mode": "catmullrom"
						},
						"0.4167": [25.17, -14.81851, 12.3008],
						"0.6333": [25.17, -14.9569, 12.01685],
						"0.85": [25.17, -15.10357, 11.71332],
						"1.0667": [25.17, -15.25147, 11.4049],
						"1.2833": [25.17, -15.39944, 11.09397],
						"1.5": [25.17, -15.547, 10.78151],
						"1.7167": [25.17, -15.69387, 10.46801],
						"1.9333": [25.17, -15.83983, 10.15379],
						"2.15": [25.17, -15.9847, 9.83916],
						"2.3667": [25.17, -16.12828, 9.52401],
						"2.5833": [25.17, -16.27039, 9.20872],
						"2.8": [25.17, -16.41081, 8.89333],
						"3.0167": [25.17, -16.54929, 8.57792],
						"3.2333": [25.17, -16.68549, 8.26261],
						"3.45": [25.17, -16.81904, 7.9475],
						"3.6667": [25.17, -16.94943, 7.63272],
						"3.8833": [25.17, -17.07596, 7.31831],
						"4.1": [25.17, -17.19767, 7.00479],
						"4.3167": [25.17, -17.31312, 6.69214],
						"4.5333": [25.17, -17.41988, 6.38093],
						"4.75": [25.17, -17.51356, 6.07202],
						"4.9667": [25.17, -17.58379, 5.76744],
						"5.1667": [25.17, -17.5922, 5.49732],
						"5.2167": [25.17, -17.55987, 5.43732],
						"5.2333": [25.17, -17.53062, 5.42375],
						"5.25": [25.17001, -17.47364, 5.40124],
						"5.2667": [25.17004, -17.39589, 5.35179],
						"5.2833": [25.17008, -17.29919, 5.28763],
						"5.3": [25.17012, -17.18523, 5.21392],
						"5.3167": [25.17016, -17.05558, 5.13347],
						"5.3333": [25.17021, -16.91169, 5.04795],
						"5.35": [25.17026, -16.75491, 4.95852],
						"5.3667": [25.17031, -16.58652, 4.86595],
						"5.5667": [25.171, -14.06554, 3.64641],
						"5.6333": [25.17123, -13.21213, 3.2311],
						"5.6667": [25.17134, -12.82508, 3.02732],
						"5.6833": [25.1714, -12.64676, 2.92704],
						"5.7": [25.17145, -12.48088, 2.82818],
						"5.7167": [25.17151, -12.32945, 2.73102],
						"5.7333": [25.17156, -12.19486, 2.63592],
						"5.75": [25.17161, -12.07953, 2.54336],
						"5.7667": [25.17166, -11.9864, 2.45392],
						"5.7833": [25.17171, -11.91905, 2.36841],
						"5.8": [25.17176, -11.88134, 2.28795],
						"5.8167": [25.1718, -11.87811, 2.21424],
						"5.8333": [25.17183, -11.91524, 2.15008],
						"5.85": [25.17186, -11.99966, 2.10064],
						"5.8667": [25.17188, -12.14062, 2.07813]
					}
				},
				"lefthand_pos": {
					"rotation": [0, 0, 0],
					"position": [0, 0, 0],
					"scale": [1, 1.5, 1]
				},
				"right_wrist": {
					"rotation": {
						"0.0": [0, 0, 0],
						"0.0167": [-0.02277, -0.1145, -0.16844],
						"0.0333": [-0.0067, -0.35503, -0.72702],
						"0.05": [0.04746, -0.6594, -1.65645],
						"0.0667": [0.1396, -1.00403, -2.93625],
						"0.0833": [0.26876, -1.37654, -4.5449],
						"0.1": [0.43376, -1.76986, -6.46],
						"0.1167": [0.63474, -2.17922, -8.6584],
						"0.1333": [0.8704, -2.60146, -11.11633],
						"0.15": [1.14005, -3.03408, -13.80962],
						"0.1667": [1.4435, -3.47532, -16.71406],
						"0.1833": [1.77928, -3.92378, -19.80487],
						"0.2": [2.14762, -4.37829, -23.05729],
						"0.2167": [2.54692, -4.83791, -26.44707],
						"0.3333": [6.16101, -8.14218, -52.09474],
						"0.4": [8.79901, -10.05687, -66.46833],
						"0.4167": [9.51437, -10.53459, -69.85813],
						"0.4333": [10.24985, -11.01118, -73.13895],
						"0.45": [11.00434, -11.48619, -76.29922],
						"0.4667": [11.77618, -11.95921, -79.32711],
						"0.4833": [12.56378, -12.42975, -82.2143],
						"0.5": [13.36561, -12.89725, -84.95041],
						"0.5167": [14.17938, -13.36114, -87.52725],
						"0.5333": [15.00285, -13.82076, -89.93857],
						"0.55": [15.83334, -14.27527, -92.17772],
						"0.5667": [16.66755, -14.72373, -94.23884],
						"0.5833": [17.50158, -15.16497, -96.11682],
						"0.6": [18.33062, -15.59759, -97.80728],
						"0.6167": [19.14868, -16.01983, -99.30653],
						"0.6333": [19.94802, -16.42919, -100.61154],
						"0.65": [20.71835, -16.82251, -101.71994],
						"0.6667": [21.44575, -17.19502, -102.62995],
						"0.6833": [22.10973, -17.53965, -103.34039],
						"0.7": [22.67965, -17.84402, -103.84635],
						"0.7167": [23.10363, -18.08455, -104.15088],
						"0.7333": [23.2834, -18.19905, -104.2544],
						"0.95": [23.2834, -18.19905, -104.25475],
						"1.1667": [23.2834, -18.19905, -104.25482],
						"1.3833": [23.2834, -18.19905, -104.25483],
						"1.6": [23.2834, -18.19905, -104.25481],
						"1.8167": [23.2834, -18.19905, -104.25477],
						"2.0333": [23.2834, -18.19905, -104.25471],
						"2.25": [23.2834, -18.19905, -104.25464],
						"2.4667": [23.2834, -18.19905, -104.25456],
						"2.6833": [23.2834, -18.19905, -104.25448],
						"2.9": [23.2834, -18.19905, -104.2544],
						"3.1167": [23.2834, -18.19905, -104.25432],
						"3.3333": [23.2834, -18.19905, -104.25424],
						"3.55": [23.2834, -18.19905, -104.25417],
						"3.7667": [23.2834, -18.19905, -104.2541],
						"3.9833": [23.2834, -18.19905, -104.25404],
						"4.2": [23.2834, -18.19905, -104.25399],
						"4.4167": [23.2834, -18.19905, -104.25397],
						"4.6333": [23.2834, -18.19905, -104.25397],
						"4.85": [23.2834, -18.19905, -104.25404],
						"5.0667": [23.2834, -18.19905, -104.25433],
						"5.0833": [23.2834, -18.19905, -104.2544],
						"5.1": [23.12489, -18.08931, -104.15266],
						"5.1167": [22.7652, -17.86442, -103.85639],
						"5.1333": [22.29218, -17.58358, -103.36804],
						"5.15": [21.74753, -17.26811, -102.69136],
						"5.1667": [21.15419, -16.92885, -101.83431],
						"5.1833": [20.52683, -16.57195, -100.8001],
						"5.2": [19.87554, -16.20133, -99.59341],
						"5.2167": [19.20727, -15.81982, -98.22181],
						"5.2333": [18.5274, -15.42946, -96.6906],
						"5.25": [17.83999, -15.03175, -95.00312],
						"5.2667": [17.14827, -14.62782, -93.16724],
						"5.2833": [16.45492, -14.21867, -91.18923],
						"5.3": [15.76216, -13.80511, -89.07515],
						"5.3167": [15.07182, -13.38769, -86.83128],
						"5.3333": [14.38553, -12.96707, -84.46315],
						"5.35": [13.70469, -12.54365, -81.97863],
						"5.3667": [13.03058, -12.11788, -79.38484],
						"5.4333": [10.42238, -10.39832, -68.06526],
						"5.6": [4.81065, -6.08117, -36.18427],
						"5.6667": [3.05048, -4.39394, -23.76477],
						"5.6833": [2.66241, -3.98038, -20.85076],
						"5.7": [2.29676, -3.57123, -18.04514],
						"5.7167": [1.95444, -3.1673, -15.36345],
						"5.7333": [1.63592, -2.76959, -12.82581],
						"5.75": [1.34203, -2.37923, -10.44902],
						"5.7667": [1.07416, -1.99772, -8.25523],
						"5.7833": [0.83289, -1.6271, -6.26559],
						"5.8": [0.61902, -1.2702, -4.50205],
						"5.8167": [0.43354, -0.93094, -2.98926],
						"5.8333": [0.27812, -0.61547, -1.75354],
						"5.85": [0.15333, -0.33463, -0.82374],
						"5.8667": [0.06023, -0.10974, -0.22861],
						"5.8833": [0, 0, 0]
					}
				}
			},
			"sound_effects": {
				"0.0": {
					"effect": "knife_inspect"
				}
			}
		},
		"inspect_empty": {
			"loop": "hold_on_last_frame",
			"animation_length": 6.0833,
			"bones": {
				"righthand_and_knife": {
					"position": [-2.03125, 0, 0]
				},
				"righthand": {
					"rotation": {
						"0.0": [89.22987, -387.17261, -100.62224],
						"0.5": [89.25334, -383.42293, -100.67713],
						"0.7333": {
							"pre": [89.25334, -383.42293, -100.67713],
							"post": [89.25334, -383.42293, -100.67713],
							"lerp_mode": "catmullrom"
						},
						"1.1667": {
							"post": [89.01772, -380.67316, -100.71542],
							"lerp_mode": "catmullrom"
						},
						"1.7667": {
							"post": [87.76237, -380.56945, -96.4429],
							"lerp_mode": "catmullrom"
						},
						"2.25": {
							"post": [73.63898, -385.95225, -54.28716],
							"lerp_mode": "catmullrom"
						},
						"3.25": [73.63898, -385.95225, -54.28716],
						"3.2667": [73.75405, -385.9065, -54.63688],
						"3.2833": [73.98318, -385.81533, -55.40613],
						"3.3": [74.26455, -385.70318, -56.39883],
						"3.5167": [79.11402, -383.73431, -73.87609],
						"3.6667": [82.70963, -382.22319, -85.5284],
						"3.7833": [85.41929, -381.03869, -93.1868],
						"3.8833": [87.58833, -380.03895, -98.42234],
						"3.9833": [89.47955, -379.0803, -102.13578],
						"4.0667": [90.59126, -378.35972, -103.82331],
						"4.1": [90.75215, -378.12262, -104.0817],
						"4.1167": [90.6864, -378.03146, -104.11241],
						"4.1333": [90.39606, -377.9857, -104.07398],
						"4.3167": [87.92852, -376.94014, -103.60992],
						"4.4167": [87.43808, -376.1659, -104.32607],
						"4.6167": [87.08791, -374.81548, -104.21509],
						"4.65": [87.08356, -374.7357, -104.07398],
						"4.8167": [87.30845, -375.87717, -103.60469],
						"4.85": [87.43586, -376.19835, -103.75908],
						"4.8833": [87.6028, -376.52306, -104.38889],
						"5.0167": [88.89607, -377.69896, -104.34412],
						"5.0833": [90.39606, -377.9857, -104.07398],
						"5.1": [91.01361, -378.01047, -103.93083],
						"5.1167": [91.7843, -378.09958, -103.83929],
						"5.1333": [92.77646, -378.28767, -103.8206],
						"5.15": [94.07749, -378.63354, -103.91381],
						"5.1667": [95.61828, -379.17226, -104.20812],
						"5.1833": [96.88135, -379.71098, -105.00216],
						"5.2": [97.61863, -380.05684, -107.58982],
						"5.2167": [98.00246, -380.24493, -108.77667],
						"5.2333": [98.17948, -380.33405, -109.11346],
						"5.25": [98.22777, -380.35881, -109.19061],
						"5.3667": [104.81212, -386.23302, -116.66355],
						"5.6667": [85.50445, -387.00321, -84.89608],
						"5.8167": [89.22987, -387.17261, -100.62224]
					},
					"position": {
						"0.0": [-17.99999, -14.70312, 1.60938],
						"0.5": [-17.34375, -13.74687, 0.39125],
						"0.7333": {
							"pre": [-17.34375, -13.74687, 0.39125],
							"post": [-17.34375, -13.74687, 0.39125],
							"lerp_mode": "catmullrom"
						},
						"1.1667": {
							"post": [-17.34375, -13.59062, 0.39125],
							"lerp_mode": "catmullrom"
						},
						"1.7667": {
							"post": [-17.34375, -13.59062, 0.39125],
							"lerp_mode": "catmullrom"
						},
						"2.25": {
							"post": [-17.34375, -14.73124, 0.84438],
							"lerp_mode": "catmullrom"
						},
						"3.25": [-17.34375, -14.73124, 0.84438],
						"4.1333": [-17.34, -13.15437, 0.36],
						"4.65": [-17.30875, -12.96687, 0.36],
						"5.0833": [-17.34, -13.15437, 0.36],
						"5.6667": [-18.3825, -14.79562, 1.27],
						"5.8167": [-17.99999, -14.70312, 1.60938]
					}
				},
				"righthand_pos": {
					"rotation": [0, 0, 0],
					"position": [0, 0, 0],
					"scale": [1, 1.5, 1]
				},
				"knife": {
					"rotation": {
						"0.0": [-126.0401, 15.72411, -24.34766],
						"0.0167": [-122.17634, 17.78425, -21.58417],
						"0.0333": [-118.92805, 19.78924, -19.21833],
						"0.05": [-116.36677, 21.70226, -17.23963],
						"0.0667": [-114.55809, 23.46642, -15.6371],
						"0.0833": [-113.55158, 24.99516, -14.39988],
						"0.1": [-113.36025, 26.16433, -13.51668],
						"0.1167": [-113.93853, 26.81936, -12.97583],
						"0.1333": [-115.16309, 26.82324, -12.76376],
						"0.15": [-116.83095, 26.13816, -12.86529],
						"0.1667": [-118.68794, 24.8671, -13.26104],
						"0.1833": [-120.47584, 23.18956, -13.92488],
						"0.2": [-121.9789, 21.27482, -14.81755],
						"0.2167": [-123.04691, 19.24293, -15.87306],
						"0.2333": [-123.59736, 17.16773, -16.95985],
						"0.25": [-123.59859, 15.09182, -17.73461],
						"0.2667": [-123.19532, 12.60068, -17.62779],
						"0.2833": [-122.33133, 9.87758, -15.70201],
						"0.3": [-115.99857, 6.22358, -14.88305],
						"0.3167": [-113.67943, 7.79576, -14.52021],
						"0.3333": [-113.22192, 8.14265, -14.3581],
						"0.35": {
							"pre": [-113.11984, 8.22672, -14.31381],
							"post": [-113.11984, 8.22672, -14.31381],
							"lerp_mode": "catmullrom"
						},
						"0.3667": [-112.87355, 8.38645, -14.37035],
						"0.3833": [-112.22665, 8.82204, -14.51723],
						"0.4": [-111.27714, 9.48015, -14.73046],
						"0.4167": [-110.0911, 10.31889, -14.99418],
						"0.4333": [-108.71667, 11.30499, -15.29688],
						"0.45": [-107.18931, 12.4102, -15.62984],
						"0.4667": [-105.53768, 13.6114, -15.98643],
						"0.6167": [-87.99312, 26.07898, -19.51434],
						"0.6833": [-80.33803, 31.15517, -20.77031],
						"0.7": [-78.63753, 32.26449, -20.98355],
						"0.7167": [-77.08575, 33.29071, -21.13042],
						"0.7333": [-75.73549, 34.22372, -21.18696],
						"0.75": [-74.69427, 34.97389, -21.19169],
						"0.7667": [-73.91913, 35.54699, -21.20109],
						"0.7833": [-73.3197, 36.0109, -21.21254],
						"1.0": [-71.08589, 38.44183, -21.38822],
						"1.2167": [-71.54888, 38.22849, -21.51883],
						"1.4333": [-72.28913, 36.27409, -21.52786],
						"1.55": [-72.5914, 34.13843, -21.41657],
						"1.6167": [-72.712, 32.03707, -21.2544],
						"1.6333": [-72.73549, 31.22372, -21.18696],
						"1.65": [-72.80085, 30.43027, -20.9998],
						"1.6667": [-72.95266, 29.84345, -20.57806],
						"1.6833": [-73.19973, 29.39202, -19.9012],
						"1.7": [-73.55309, 29.03708, -18.95831],
						"1.7167": [-74.02179, 28.75572, -17.75585],
						"1.7333": [-74.61697, 28.53279, -16.31964],
						"1.75": [-75.35389, 28.35823, -14.69561],
						"1.7667": [-76.24939, 28.22378, -12.94264],
						"1.7833": [-77.32208, 28.12418, -11.12231],
						"1.8": [-78.59233, 28.05449, -9.28929],
						"1.8167": [-80.09279, 28.01119, -7.48619],
						"1.8333": [-81.85129, 27.99135, -5.74239],
						"1.85": [-83.90848, 27.99252, -4.07607],
						"1.8667": [-86.31081, 28.01265, -2.49727],
						"1.8833": [-89.11693, 28.05026, -1.00904],
						"1.9": [-92.3952, 28.10362, 0.38838],
						"1.9167": [-96.21701, 28.17139, 1.69783],
						"1.9333": [-100.66725, 28.25278, 2.92243],
						"1.95": [-105.80533, 28.34652, 4.06743],
						"1.9667": [-111.64893, 28.45189, 5.13637],
						"1.9833": [-118.11375, 28.5681, 6.13471],
						"2.0167": [-131.89226, 28.83035, 7.93552],
						"2.0333": [-138.52619, 28.97521, 8.74699],
						"2.05": [-144.64222, 29.12859, 9.50302],
						"2.0667": [-150.13554, 29.28995, 10.20778],
						"2.0833": [-155.00543, 29.45895, 10.86439],
						"2.1": [-159.29693, 29.63512, 11.47557],
						"2.1167": [-163.07699, 29.81819, 12.04395],
						"2.1333": [-166.40628, 30.00772, 12.57212],
						"2.15": [-169.34751, 30.20355, 13.06196],
						"2.1667": [-171.95063, 30.40523, 13.51517],
						"2.1833": [-174.26019, 30.61258, 13.93497],
						"2.2": [-176.31129, 30.82533, 14.32125],
						"2.2167": [-178.13415, 31.04318, 14.67764],
						"2.2333": [-179.75503, 31.2659, 15.00359],
						"2.25": [-181.19653, 31.49326, 15.30189],
						"2.2667": [-182.47661, 31.72502, 15.57378],
						"2.2833": [-183.61173, 31.96091, 15.81999],
						"2.3": [-184.61505, 32.20066, 16.04127],
						"2.3167": [-185.4962, 32.44395, 16.23927],
						"2.3333": [-186.27041, 32.6905, 16.41491],
						"2.4": [-188.42892, 33.69858, 16.91079],
						"2.4167": [-188.7694, 33.95124, 16.98712],
						"2.6333": [-192.42303, 35.84383, 17.9451],
						"2.85": [-194.88264, 36.62346, 19.03969],
						"2.9667": [-194.98812, 36.68676, 19.57932],
						"3.0833": [-193.53506, 36.38766, 19.71245],
						"3.15": [-192.20664, 35.92984, 19.06444],
						"3.1667": [-191.86763, 35.75692, 18.71191],
						"3.1833": [-191.53425, 35.54754, 18.25237],
						"3.2": [-191.20918, 35.2877, 17.6768],
						"3.2167": [-190.8944, 34.95124, 16.98712],
						"3.2333": [-190.48092, 34.54335, 16.30753],
						"3.25": [-189.85947, 34.10583, 15.72518],
						"3.2667": [-189.03105, 33.64491, 15.21187],
						"3.2833": [-187.99725, 33.16531, 14.75099],
						"3.3": [-186.7579, 32.67076, 14.33204],
						"3.3167": [-185.31724, 32.16435, 13.9475],
						"3.3333": [-183.676, 31.64861, 13.59209],
						"3.35": [-181.83951, 31.12579, 13.26201],
						"3.3667": [-179.8119, 30.59785, 12.95398],
						"3.3833": [-177.59875, 30.0666, 12.66583],
						"3.4": [-175.20716, 29.5337, 12.39555],
						"3.4167": [-172.64596, 29.00076, 12.14164],
						"3.4333": [-169.92437, 28.46937, 11.90286],
						"3.45": [-167.05611, 27.94113, 11.67823],
						"3.4667": [-164.0552, 27.41765, 11.46699],
						"3.5667": [-144.56794, 24.48936, 10.45526],
						"3.5833": [-141.40349, 24.06212, 10.32828],
						"3.6": [-138.40583, 23.6632, 10.21404],
						"3.6167": [-135.656, 23.29926, 10.11346],
						"3.6333": [-133.25317, 22.97955, 10.02796],
						"3.65": [-131.32211, 22.71715, 9.95991],
						"3.6667": [-130.01598, 22.53236, 9.91317],
						"3.6833": [-129.52861, 22.45884, 9.89488],
						"3.7": [-129.10004, 22.49437, 9.65396],
						"3.7167": [-127.97744, 22.58489, 9.0621],
						"3.7333": [-126.34211, 22.71568, 8.23785],
						"3.75": [-124.32275, 22.87825, 7.2466],
						"3.7667": [-122.01529, 23.06723, 6.13142],
						"3.7833": [-119.49274, 23.27917, 4.92129],
						"3.8": [-116.81379, 23.51151, 3.637],
						"3.9": [-99.64632, 25.26714, -4.90614],
						"3.95": [-91.56017, 26.3619, -9.32829],
						"3.9667": [-89.0705, 26.76089, -10.77649],
						"3.9833": [-86.71113, 27.1783, -12.19904],
						"4.0": [-84.4965, 27.61564, -13.58669],
						"4.0167": [-82.44167, 28.07456, -14.92908],
						"4.0333": [-80.56073, 28.55731, -16.21337],
						"4.05": [-78.86865, 29.06685, -17.4235],
						"4.0667": [-77.37853, 29.60703, -18.53868],
						"4.0833": [-76.10591, 30.18331, -19.52993],
						"4.1": [-75.06489, 30.80301, -20.35418],
						"4.1167": [-74.26969, 31.47738, -20.94604],
						"4.1333": [-73.73549, 32.22372, -21.18696],
						"4.15": [-73.37537, 32.85797, -21.18696],
						"4.3667": [-71.19421, 35.5884, -21.18696],
						"4.5833": [-70.62227, 36.06081, -21.18696],
						"4.8": [-70.95353, 35.46486, -21.18696],
						"5.0": [-72.33121, 33.72859, -21.18696],
						"5.0667": [-73.34947, 32.60675, -21.18696],
						"5.0833": [-73.73549, 32.22372, -21.18696],
						"5.1": [-74.19563, 31.72869, -21.1991],
						"5.1167": [-74.70882, 31.06274, -21.23434],
						"5.1333": [-75.28626, 30.19977, -21.29073],
						"5.15": [-75.94189, 29.11058, -21.36591],
						"5.1667": [-76.69347, 27.75601, -21.4571],
						"5.1833": [-77.56275, 26.08952, -21.56117],
						"5.2": [-78.57565, 24.0535, -21.67469],
						"5.2167": [-79.76058, 21.57744, -21.79397],
						"5.2333": [-81.14319, 18.5879, -21.9152],
						"5.25": [-82.73638, 15.03297, -22.03448],
						"5.2667": [-84.52781, 10.95852, -22.14799],
						"5.2833": [-86.47551, 6.6436, -22.25207],
						"5.3": [-88.51767, 2.65001, -22.34326],
						"5.3167": [-90.59253, -0.46873, -22.41843],
						"5.3333": [-92.65299, -2.51348, -22.47483],
						"5.35": [-94.67019, -3.59476, -22.51007],
						"5.3667": [-96.62969, -3.91268, -22.52221],
						"5.3833": [-98.7852, -3.92409, -22.25442],
						"5.4": [-101.623, -3.95876, -21.39117],
						"5.4167": [-105.94863, -4.01731, -19.84495],
						"5.4333": [-112.6747, -4.09989, -17.56364],
						"5.45": [-116.69904, -4.20615, -14.59467],
						"5.4667": [-118.70008, -4.33503, -11.15074],
						"5.4833": [-119.94988, -4.4845, -7.60201],
						"5.5": [-120.82055, -4.65141, -4.33983],
						"5.5167": [-121.46286, -4.83141, -1.62585],
						"5.5333": [-121.95189, -5.0189, 0.44385],
						"5.55": [-122.33087, -5.20729, 1.88283],
						"5.5667": [-122.62616, -5.38941, 2.75406],
						"5.5833": [-122.85637, -5.55801, 3.13288],
						"5.6": [-123.03383, -5.7064, 3.0897],
						"5.6167": [-123.20192, -5.43573, 2.68726],
						"5.6333": [-123.37446, -4.38251, 1.93102],
						"5.65": [-123.55326, -2.63893, 0.7937],
						"5.6667": [-123.74172, -0.35507, -0.7498],
						"5.6833": [-123.94763, 2.27484, -2.72012],
						"5.7": [-124.2006, 5.04006, -5.12837],
						"5.7167": [-124.87333, 7.74457, -7.96266],
						"5.7333": [-125.1263, 10.22931, -11.17083],
						"5.75": [-125.33221, 12.38087, -14.63007],
						"5.7667": [-125.52067, 14.12916, -18.10745],
						"5.7833": [-125.69947, 15.43937, -21.2271],
						"5.8": [-125.87201, 16.30219, -23.48345],
						"5.8167": [-126.0401, 16.72411, -24.34766]
					},
					"position": {
						"0.0": [-0.23437, 0.12501, -3.26562],
						"0.1167": [-0.23437, 0.12501, -3.26562],
						"0.7333": [1.43, -0.945, -4.43],
						"1.6167": [1.43, -0.945, -4.43],
						"5.0833": {
							"pre": [1.43, -0.945, -4.43],
							"post": [1.43, -0.945, -4.43],
							"lerp_mode": "catmullrom"
						},
						"5.8167": [-0.23437, 0.12501, -3.26562]
					}
				},
				"lefthand": {
					"rotation": {
						"0.0": {
							"post": [125.93791, 14.90051, -270.77521],
							"lerp_mode": "catmullrom"
						},
						"0.1833": {
							"post": [125.98625, -3.30002, -283.75574],
							"lerp_mode": "catmullrom"
						},
						"0.2": [125.98769, -3.31505, -283.78026],
						"0.4167": [126.01743, -3.62647, -284.2848],
						"0.6333": [126.04917, -3.95882, -284.80738],
						"0.85": [126.08141, -4.29641, -285.32349],
						"1.0667": [126.11391, -4.63669, -285.82941],
						"1.2833": [126.14657, -4.97863, -286.32336],
						"1.5": [126.17933, -5.32169, -286.80409],
						"1.7167": [126.21217, -5.66554, -287.27039],
						"1.9333": [126.24507, -6.00995, -287.72094],
						"2.15": [126.278, -6.35476, -288.1544],
						"2.3667": [126.31095, -6.69983, -288.56896],
						"2.5833": [126.34392, -7.04506, -288.96277],
						"2.8": [126.3769, -7.39034, -289.33346],
						"3.0167": [126.40987, -7.73559, -289.67813],
						"3.2333": [126.44283, -8.08069, -289.9932],
						"3.45": [126.47577, -8.42555, -290.2741],
						"3.6667": [126.50867, -8.77003, -290.51458],
						"3.8833": [126.54152, -9.11398, -290.707],
						"4.1": [126.57429, -9.45718, -290.83964],
						"4.3167": [126.60697, -9.79932, -290.89561],
						"4.5333": [126.6395, -10.13991, -290.84829],
						"4.75": [126.67179, -10.47802, -290.64929],
						"4.9667": [126.70364, -10.81149, -290.19245],
						"5.1833": [126.73411, -11.13055, -289.11768],
						"5.2333": [126.73965, -11.18851, -288.60759],
						"5.25": [126.73455, -11.02258, -288.38457],
						"5.3833": [126.60269, -6.73176, -285.79779],
						"5.5": [126.45743, -2.00517, -282.02129],
						"5.5833": [126.34961, 1.50346, -278.10024],
						"5.6667": [126.24155, 5.01978, -272.82365],
						"5.75": [126.13577, 8.46209, -266.46431],
						"5.7667": [126.11517, 9.13224, -265.30942],
						"5.7833": [126.09486, 9.79337, -264.32983],
						"5.8": [126.07487, 10.44376, -263.60086],
						"5.8167": [126.05528, 11.08132, -263.18004],
						"5.8333": [126.03616, 11.70323, -263.09579],
						"5.85": [126.01764, 12.30603, -263.34419],
						"5.8667": [125.99986, 12.88465, -263.8946],
						"5.8833": [125.98303, 13.43215, -264.70609],
						"5.9": [125.96749, 13.93793, -265.73681],
						"5.9167": [125.95379, 14.38369, -266.94616],
						"5.9333": [125.94301, 14.73458, -268.30136],
						"5.95": [125.93791, 14.90051, -269.77521]
					},
					"position": {
						"0.0": {
							"post": [25.17188, -12.14062, 2.07813],
							"lerp_mode": "catmullrom"
						},
						"0.4": {
							"post": [25.17, -14.81187, 12.31438],
							"lerp_mode": "catmullrom"
						},
						"0.4167": [25.17, -14.81851, 12.3008],
						"0.6333": [25.17, -14.9569, 12.01685],
						"0.85": [25.17, -15.10357, 11.71332],
						"1.0667": [25.17, -15.25147, 11.4049],
						"1.2833": [25.17, -15.39944, 11.09397],
						"1.5": [25.17, -15.547, 10.78151],
						"1.7167": [25.17, -15.69387, 10.46801],
						"1.9333": [25.17, -15.83983, 10.15379],
						"2.15": [25.17, -15.9847, 9.83916],
						"2.3667": [25.17, -16.12828, 9.52401],
						"2.5833": [25.17, -16.27039, 9.20872],
						"2.8": [25.17, -16.41081, 8.89333],
						"3.0167": [25.17, -16.54929, 8.57792],
						"3.2333": [25.17, -16.68549, 8.26261],
						"3.45": [25.17, -16.81904, 7.9475],
						"3.6667": [25.17, -16.94943, 7.63272],
						"3.8833": [25.17, -17.07596, 7.31831],
						"4.1": [25.17, -17.19767, 7.00479],
						"4.3167": [25.17, -17.31312, 6.69214],
						"4.5333": [25.17, -17.41988, 6.38093],
						"4.75": [25.17, -17.51356, 6.07202],
						"4.9667": [25.17, -17.58379, 5.76744],
						"5.1667": [25.17, -17.5922, 5.49732],
						"5.2167": [25.17, -17.55987, 5.43732],
						"5.2333": [25.17, -17.53062, 5.42375],
						"5.25": [25.17001, -17.47364, 5.40124],
						"5.2667": [25.17004, -17.39589, 5.35179],
						"5.2833": [25.17008, -17.29919, 5.28763],
						"5.3": [25.17012, -17.18523, 5.21392],
						"5.3167": [25.17016, -17.05558, 5.13347],
						"5.3333": [25.17021, -16.91169, 5.04795],
						"5.35": [25.17026, -16.75491, 4.95852],
						"5.3667": [25.17031, -16.58652, 4.86595],
						"5.5667": [25.171, -14.06554, 3.64641],
						"5.6333": [25.17123, -13.21213, 3.2311],
						"5.6667": [25.17134, -12.82508, 3.02732],
						"5.6833": [25.1714, -12.64676, 2.92704],
						"5.7": [25.17145, -12.48088, 2.82818],
						"5.7167": [25.17151, -12.32945, 2.73102],
						"5.7333": [25.17156, -12.19486, 2.63592],
						"5.75": [25.17161, -12.07953, 2.54336],
						"5.7667": [25.17166, -11.9864, 2.45392],
						"5.7833": [25.17171, -11.91905, 2.36841],
						"5.8": [25.17176, -11.88134, 2.28795],
						"5.8167": [25.1718, -11.87811, 2.21424],
						"5.8333": [25.17183, -11.91524, 2.15008],
						"5.85": [25.17186, -11.99966, 2.10064],
						"5.8667": [25.17188, -12.14062, 2.07813]
					}
				},
				"lefthand_pos": {
					"rotation": [0, 0, 0],
					"position": [0, 0, 0],
					"scale": [1, 1.5, 1]
				},
				"right_wrist": {
					"rotation": {
						"0.0": [0, 0, 0],
						"0.0167": [-0.02277, -0.1145, -0.16844],
						"0.0333": [-0.0067, -0.35503, -0.72702],
						"0.05": [0.04746, -0.6594, -1.65645],
						"0.0667": [0.1396, -1.00403, -2.93625],
						"0.0833": [0.26876, -1.37654, -4.5449],
						"0.1": [0.43376, -1.76986, -6.46],
						"0.1167": [0.63474, -2.17922, -8.6584],
						"0.1333": [0.8704, -2.60146, -11.11633],
						"0.15": [1.14005, -3.03408, -13.80962],
						"0.1667": [1.4435, -3.47532, -16.71406],
						"0.1833": [1.77928, -3.92378, -19.80487],
						"0.2": [2.14762, -4.37829, -23.05729],
						"0.2167": [2.54692, -4.83791, -26.44707],
						"0.3333": [6.16101, -8.14218, -52.09474],
						"0.4": [8.79901, -10.05687, -66.46833],
						"0.4167": [9.51437, -10.53459, -69.85813],
						"0.4333": [10.24985, -11.01118, -73.13895],
						"0.45": [11.00434, -11.48619, -76.29922],
						"0.4667": [11.77618, -11.95921, -79.32711],
						"0.4833": [12.56378, -12.42975, -82.2143],
						"0.5": [13.36561, -12.89725, -84.95041],
						"0.5167": [14.17938, -13.36114, -87.52725],
						"0.5333": [15.00285, -13.82076, -89.93857],
						"0.55": [15.83334, -14.27527, -92.17772],
						"0.5667": [16.66755, -14.72373, -94.23884],
						"0.5833": [17.50158, -15.16497, -96.11682],
						"0.6": [18.33062, -15.59759, -97.80728],
						"0.6167": [19.14868, -16.01983, -99.30653],
						"0.6333": [19.94802, -16.42919, -100.61154],
						"0.65": [20.71835, -16.82251, -101.71994],
						"0.6667": [21.44575, -17.19502, -102.62995],
						"0.6833": [22.10973, -17.53965, -103.34039],
						"0.7": [22.67965, -17.84402, -103.84635],
						"0.7167": [23.10363, -18.08455, -104.15088],
						"0.7333": [23.2834, -18.19905, -104.2544],
						"0.95": [23.2834, -18.19905, -104.25479],
						"1.1667": [23.2834, -18.19905, -104.25493],
						"1.3833": [23.2834, -18.19905, -104.25501],
						"1.6": [23.2834, -18.19905, -104.25505],
						"1.8167": [23.2834, -18.19905, -104.25507],
						"2.0333": [23.2834, -18.19905, -104.25507],
						"2.25": [23.2834, -18.19905, -104.25506],
						"2.4667": [23.2834, -18.19905, -104.25504],
						"2.6833": [23.2834, -18.19905, -104.25502],
						"2.9": [23.2834, -18.19905, -104.25498],
						"3.1167": [23.2834, -18.19905, -104.25494],
						"3.3333": [23.2834, -18.19905, -104.2549],
						"3.55": [23.2834, -18.19905, -104.25485],
						"3.7667": [23.2834, -18.19905, -104.25479],
						"3.9833": [23.2834, -18.19905, -104.25473],
						"4.2": [23.2834, -18.19905, -104.25467],
						"4.4167": [23.2834, -18.19905, -104.25461],
						"4.6333": [23.2834, -18.19905, -104.25454],
						"4.85": [23.2834, -18.19905, -104.25447],
						"5.0667": [23.2834, -18.19905, -104.2544],
						"5.0833": [23.2834, -18.19905, -104.2544],
						"5.1": [23.12489, -18.08931, -103.57941],
						"5.1167": [22.7652, -17.86442, -102.13574],
						"5.1333": [22.29218, -17.58358, -100.29125],
						"5.15": [21.74753, -17.26811, -98.19861],
						"5.1667": [21.15419, -16.92885, -95.9351],
						"5.3833": [12.36432, -11.69015, -61.39894],
						"5.5167": [7.42629, -8.23324, -39.90979],
						"5.6167": [4.34087, -5.6554, -25.01016],
						"5.6833": [2.66241, -3.98038, -16.0919],
						"5.7333": [1.63592, -2.76959, -10.18527],
						"5.75": [1.34203, -2.37923, -8.40862],
						"5.7667": [1.07416, -1.99772, -6.7462],
						"5.7833": [0.83289, -1.6271, -5.21228],
						"5.8": [0.61902, -1.2702, -3.82383],
						"5.8167": [0.43354, -0.93094, -2.60122],
						"5.8333": [0.27812, -0.61547, -1.56912],
						"5.85": [0.15333, -0.33463, -0.76219],
						"5.8667": [0.06023, -0.10974, -0.21933],
						"5.8833": [0, 0, 0]
					}
				}
			},
			"sound_effects": {
				"0.0": {
					"effect": "knife_inspect"
				}
			}
		},
		"melee_push": {
			"loop": "hold_on_last_frame",
			"animation_length": 1.0333,
			"bones": {
				"butterfly_knife": {
					"rotation": {
						"0.0": [-1.53104, 22.21813, 86.74067],
						"0.0167": [-344.20283, -20.6172, 273.09404],
						"0.3167": [-344.20283, -20.6172, 273.09404],
						"0.5333": [-344.20283, -20.6172, 273.09404],
						"0.55": [-1.53104, 22.21813, 86.74067]
					},
					"position": {
						"0.0": [1.5, -2.39062, -2.46875],
						"0.0167": [-4.875, -2.39, -4.75125],
						"0.3167": [-4.875, -2.39, -4.75125],
						"0.5333": [-4.875, -2.39, -2.31375],
						"0.55": [1.5, -2.39062, -2.46875]
					}
				},
				"right_wrist": {
					"rotation": {
						"0.0": [0, 0, 0],
						"0.5167": {
							"pre": [-4.74089, 16.86497, -15.95321],
							"post": [-4.74089, 16.86497, -15.95321],
							"lerp_mode": "catmullrom"
						},
						"0.5667": {
							"post": [8.32282, 1.27016, 41.51755],
							"lerp_mode": "catmullrom"
						},
						"0.6667": {
							"post": [8.32282, 1.27016, 41.51755],
							"lerp_mode": "catmullrom"
						},
						"0.8": {
							"post": [7.59543, 3.64123, 24.66692],
							"lerp_mode": "catmullrom"
						},
						"1.0167": [0, 0, 0]
					},
					"position": {
						"0.0": [0, 0, 0],
						"0.5167": {
							"pre": [-3.73437, 0.53125, -1.98437],
							"post": [-3.73437, 0.53125, -1.98437],
							"lerp_mode": "catmullrom"
						},
						"0.5667": {
							"post": [0.7075, -9.29812, 0.27],
							"lerp_mode": "catmullrom"
						},
						"0.6667": {
							"post": [0.7075, -9.29812, 0.27],
							"lerp_mode": "catmullrom"
						},
						"0.8": {
							"post": [1.12938, -4.86062, 0.27],
							"lerp_mode": "catmullrom"
						},
						"0.9167": {
							"post": [0.06688, -2.12625, -0.9175],
							"lerp_mode": "catmullrom"
						},
						"1.0167": [0, 0, 0]
					}
				},
				"righthand": {
					"rotation": [89.22987, -387.17261, -100.62224],
					"position": [-17.99999, -14.70312, 1.60938]
				},
				"righthand_pos": {
					"rotation": [0, 0, 0],
					"position": [0, 0, 0],
					"scale": [1, 1.5, 1]
				},
				"knife": {
					"rotation": {
						"0.0": [-126.0401, 15.72411, -24.34766],
						"0.0167": [-418.83772, -16.14487, -204.63064],
						"0.1167": {
							"pre": [-418.83772, -16.14487, -204.63064],
							"post": [-418.83772, -16.14487, -204.63064],
							"lerp_mode": "catmullrom"
						},
						"0.1833": {
							"post": [-419.14727, -0.72771, -179.92108],
							"lerp_mode": "catmullrom"
						},
						"0.45": [-419.14727, -0.72771, -179.92108],
						"0.5333": [-420.22943, 1.57107, -194.18607],
						"0.55": [-126.0401, 15.72411, -24.34766]
					},
					"position": {
						"0.0": [-0.23437, 0.12501, -3.26562],
						"0.0167": [-0.23437, 0.12501, -3.26562],
						"0.1833": {
							"pre": [-0.23437, 0.12501, -3.26562],
							"post": [-0.23437, 0.12501, -3.26562],
							"lerp_mode": "catmullrom"
						},
						"0.5333": [-0.23437, 0.12501, -3.26562],
						"0.55": [-0.23437, 0.12501, -3.26562]
					},
					"scale": {
						"0.0": [1, 1, 1],
						"0.45": [1, 1, 1],
						"0.4667": [0, 0, 0],
						"0.55": [0, 0, 0],
						"0.5667": [1, 1, 1]
					}
				},
				"lefthand": {
					"rotation": {
						"0.0": [125.93791, 14.90051, -270.77521],
						"0.8833": {
							"pre": [137.10437, 5.36637, -266.92287],
							"post": [137.10437, 5.36637, -266.92287],
							"lerp_mode": "catmullrom"
						},
						"1.0167": [125.93791, 14.90051, -270.77521]
					},
					"position": {
						"0.0": {
							"post": [25.17188, -12.14062, 2.07813],
							"lerp_mode": "catmullrom"
						},
						"0.0167": {
							"post": [24.38875, -19.355, 12.93625],
							"lerp_mode": "catmullrom"
						},
						"0.25": {
							"post": [24.38875, -19.355, 12.93625],
							"lerp_mode": "catmullrom"
						},
						"0.55": {
							"post": [24.38875, -19.355, 12.93625],
							"lerp_mode": "catmullrom"
						},
						"0.8833": {
							"post": [26.31251, -12.34374, 5.53126],
							"lerp_mode": "catmullrom"
						},
						"1.0167": {
							"post": [25.17188, -12.14062, 2.07813],
							"lerp_mode": "catmullrom"
						}
					}
				},
				"lefthand_pos": {
					"rotation": [0, 0, 0],
					"position": [0, 0, 0],
					"scale": [1, 1.5, 1]
				},
				"right_elbow": {
					"rotation": {
						"0.0": [0, 0, 0],
						"0.0167": {
							"pre": [81.22492, 65.89455, 53.81846],
							"post": [81.22492, 65.89455, 53.81846],
							"lerp_mode": "catmullrom"
						},
						"0.0667": {
							"post": [3.68569, 62.26696, -14.87804],
							"lerp_mode": "catmullrom"
						},
						"0.0833": {
							"post": [-5.10101, 34.45632, -9.73175],
							"lerp_mode": "catmullrom"
						},
						"0.1": {
							"post": [-3.34422, 6.86454, -9.40388],
							"lerp_mode": "catmullrom"
						},
						"0.1167": {
							"post": [-4.20639, 1.80759, -6.97344],
							"lerp_mode": "catmullrom"
						},
						"0.1667": {
							"post": [-31.14708, -45.36874, 27.2607],
							"lerp_mode": "catmullrom"
						},
						"0.4167": {
							"post": [-57.79646, -62.01781, 64.04874],
							"lerp_mode": "catmullrom"
						},
						"0.55": [-49.89571, -56.97385, 44.44963],
						"0.5667": [0, 0, 0]
					},
					"position": {
						"0.0": [0, 0, 0],
						"0.0167": [0.62, -10.77875, 15.21125],
						"0.0667": [2.5, -3.96375, -7.60499],
						"0.0833": [6.03125, 0.34875, -4.13624],
						"0.1": [7.05, 1.27938, -3.2375],
						"0.1167": [8.07, 2.08313, -2.165],
						"0.1667": [8.1875, 1.52063, -3.02687],
						"0.4167": [10.04688, 2.3175, -3.63624],
						"0.5": [20.63875, -11.44562, 7.23875],
						"0.55": [17.51375, -11.44562, 7.23875],
						"0.5667": [0, 0, 0]
					}
				}
			},
			"sound_effects": {
				"0.0": {
					"effect": "knife_slash"
				}
			}
		},
		"walk_forward": {
			"loop": true,
			"animation_length": 1.0167,
			"blend_weight": "1",
			"bones": {
				"root": {
					"rotation": {
						"0.0": {
							"post": [0, 0, 0],
							"lerp_mode": "catmullrom"
						},
						"0.5": {
							"post": [0, 0, 0],
							"lerp_mode": "catmullrom"
						},
						"1.0": {
							"post": [0, 0, 0],
							"lerp_mode": "catmullrom"
						}
					},
					"position": {
						"0.0": {
							"post": [0, 0, 0],
							"lerp_mode": "catmullrom"
						},
						"0.15": {
							"post": [0.29, 0.11813, -0.03],
							"lerp_mode": "catmullrom"
						},
						"0.3167": {
							"post": [0.35, -0.05, 0.2981],
							"lerp_mode": "catmullrom"
						},
						"0.5": {
							"post": [0, 0, 0],
							"lerp_mode": "catmullrom"
						},
						"0.6833": {
							"post": [-0.29, 0.1181, -0.03],
							"lerp_mode": "catmullrom"
						},
						"0.85": {
							"post": [-0.35, -0.05, 0.2981],
							"lerp_mode": "catmullrom"
						},
						"1.0": {
							"post": [0, 0, 0],
							"lerp_mode": "catmullrom"
						}
					}
				}
			}
		},
		"walk_sideway": {
			"loop": true,
			"animation_length": 1,
			"blend_weight": "2",
			"bones": {
				"root": {
					"rotation": {
						"0.0": {
							"post": [0, 0, 0],
							"lerp_mode": "catmullrom"
						},
						"0.5": {
							"post": [0, 0, 0],
							"lerp_mode": "catmullrom"
						},
						"1.0": {
							"post": [0, 0, 0],
							"lerp_mode": "catmullrom"
						}
					},
					"position": {
						"0.0": {
							"post": [0, 0, 0],
							"lerp_mode": "catmullrom"
						},
						"0.15": {
							"post": [0.15, 0.06, -0.03],
							"lerp_mode": "catmullrom"
						},
						"0.3167": {
							"post": [0.25, -0.03, -0.03],
							"lerp_mode": "catmullrom"
						},
						"0.5": {
							"post": [0, 0, 0],
							"lerp_mode": "catmullrom"
						},
						"0.6833": {
							"post": [-0.15, 0.06, -0.03],
							"lerp_mode": "catmullrom"
						},
						"0.85": {
							"post": [-0.25, -0.03, -0.03],
							"lerp_mode": "catmullrom"
						},
						"1.0": {
							"post": [0, 0, 0],
							"lerp_mode": "catmullrom"
						}
					}
				}
			}
		},
		"walk_backward": {
			"loop": true,
			"animation_length": 1.0167,
			"blend_weight": "1",
			"bones": {
				"root": {
					"rotation": {
						"0.0": {
							"post": [0, 0, 0],
							"lerp_mode": "catmullrom"
						},
						"0.5": {
							"post": [0, 0, 0],
							"lerp_mode": "catmullrom"
						},
						"1.0": {
							"post": [0, 0, 0],
							"lerp_mode": "catmullrom"
						}
					},
					"position": {
						"0.0": {
							"post": [0, 0, 0],
							"lerp_mode": "catmullrom"
						},
						"0.15": {
							"post": [0.29, 0.11813, -0.03],
							"lerp_mode": "catmullrom"
						},
						"0.3167": {
							"post": [0.35, -0.05, 0.2981],
							"lerp_mode": "catmullrom"
						},
						"0.5": {
							"post": [0, 0, 0],
							"lerp_mode": "catmullrom"
						},
						"0.6833": {
							"post": [-0.29, 0.1181, -0.03],
							"lerp_mode": "catmullrom"
						},
						"0.85": {
							"post": [-0.35, -0.05, 0.2981],
							"lerp_mode": "catmullrom"
						},
						"1.0": {
							"post": [0, 0, 0],
							"lerp_mode": "catmullrom"
						}
					}
				}
			}
		},
		"run_start": {
			"loop": "hold_on_last_frame",
			"animation_length": 0.3167,
			"bones": {
				"root": {
					"rotation": {
						"0.0": [0, 0, 0],
						"0.2": [0, 0, 0],
						"0.3167": [0, 0, 0]
					},
					"position": {
						"0.0": [0, 0, 0],
						"0.0167": [0, -0.0061, 0.00524],
						"0.0333": [0, -0.02248, 0.02286],
						"0.05": [0, -0.0469, 0.05305],
						"0.0667": [0, -0.07768, 0.0958],
						"0.0833": [0, -0.11349, 0.15114],
						"0.1": [0, -0.15326, 0.21889],
						"0.1167": [0, -0.19608, 0.29877],
						"0.1333": [0, -0.24118, 0.39032],
						"0.2167": [0, -0.56549, 1.25409],
						"0.2333": [0, -0.60526, 1.38131],
						"0.25": [0, -0.64107, 1.49818],
						"0.2667": [0, -0.67185, 1.59941],
						"0.2833": [0, -0.69627, 1.67918],
						"0.3": [0, -0.71265, 1.73141],
						"0.3167": [0, -0.71875, 1.75]
					}
				}
			}
		},
		"run": {
			"loop": true,
			"animation_length": 0.8,
			"bones": {
				"root": {
					"rotation": {
						"0.0": {
							"post": [0, 0, 0],
							"lerp_mode": "catmullrom"
						},
						"0.1333": {
							"post": [0, 0, 0],
							"lerp_mode": "catmullrom"
						},
						"0.2667": {
							"post": [0, 0, 0],
							"lerp_mode": "catmullrom"
						},
						"0.4": {
							"post": [0, 0, 0],
							"lerp_mode": "catmullrom"
						},
						"0.5333": {
							"post": [0, 0, 0],
							"lerp_mode": "catmullrom"
						},
						"0.6667": {
							"post": [0, 0, 0],
							"lerp_mode": "catmullrom"
						},
						"0.8": {
							"post": [0, 0, 0],
							"lerp_mode": "catmullrom"
						}
					},
					"position": {
						"0.0": {
							"post": [0, -0.71875, 1.75],
							"lerp_mode": "catmullrom"
						},
						"0.1333": {
							"post": [0.3, -0.1959, 1.75],
							"lerp_mode": "catmullrom"
						},
						"0.2667": {
							"post": [0.36, -0.4772, 1.75],
							"lerp_mode": "catmullrom"
						},
						"0.4": {
							"post": [0, -0.71875, 1.75],
							"lerp_mode": "catmullrom"
						},
						"0.5333": {
							"post": [-0.3, -0.1959, 1.75],
							"lerp_mode": "catmullrom"
						},
						"0.6667": {
							"post": [-0.36, -0.4772, 1.75],
							"lerp_mode": "catmullrom"
						},
						"0.8": {
							"post": [0, -0.71875, 1.75],
							"lerp_mode": "catmullrom"
						}
					}
				}
			}
		},
		"run_hold": {
			"loop": "hold_on_last_frame",
			"animation_length": 0.0333,
			"bones": {
				"root": {
					"rotation": [0, 0, 0],
					"position": [0, -0.71875, 1.75]
				}
			}
		},
		"run_end": {
			"loop": "hold_on_last_frame",
			"animation_length": 0.3667,
			"bones": {
				"root": {
					"rotation": [0, 0, 0],
					"position": {
						"0.0": [0.375, -0.39187, 1.75],
						"0.0167": [0.37187, -0.3877, 1.73457],
						"0.0333": [0.3636, -0.37764, 1.69971],
						"0.05": [0.35143, -0.36116, 1.64513],
						"0.0667": [0.33626, -0.33815, 1.57127],
						"0.0833": [0.31873, -0.30915, 1.47931],
						"0.1": [0.29936, -0.27553, 1.37135],
						"0.1833": [0.1875, -0.10755, 0.71818],
						"0.2167": [0.14095, -0.06203, 0.47775],
						"0.2333": [0.1183, -0.04463, 0.37373],
						"0.25": [0.09643, -0.03046, 0.28223],
						"0.2667": [0.07564, -0.01924, 0.20388],
						"0.2833": [0.05627, -0.01068, 0.13876],
						"0.3": [0.03874, -0.00455, 0.08673],
						"0.3167": [0.02357, -0.0006, 0.04739],
						"0.3333": [0.0114, 0.00135, 0.02022],
						"0.35": [0.00313, 0.0015, 0.00464],
						"0.3667": [0, 0, 0]
					}
				}
			}
		}
	}
}