{
	"format_version": "1.8.0",
	"animations": {
		"walk_forward": {
			"loop": true,
			"animation_length": 1.0167,
			"blend_weight": "1",
			"bones": {
				"root": {
					"rotation": {
						"0.0": {
							"post": [0, 0, 0],
							"lerp_mode": "catmullrom"
						},
						"0.5": {
							"post": [0, 0, 0],
							"lerp_mode": "catmullrom"
						},
						"1.0": {
							"post": [0, 0, 0],
							"lerp_mode": "catmullrom"
						}
					},
					"position": {
						"0.0": {
							"post": [0, 0, 0],
							"lerp_mode": "catmullrom"
						},
						"0.15": {
							"post": [0.29, 0.11813, -0.03],
							"lerp_mode": "catmullrom"
						},
						"0.3167": {
							"post": [0.35, -0.05, 0.2981],
							"lerp_mode": "catmullrom"
						},
						"0.5": {
							"post": [0, 0, 0],
							"lerp_mode": "catmullrom"
						},
						"0.6833": {
							"post": [-0.29, 0.1181, -0.03],
							"lerp_mode": "catmullrom"
						},
						"0.85": {
							"post": [-0.35, -0.05, 0.2981],
							"lerp_mode": "catmullrom"
						},
						"1.0": {
							"post": [0, 0, 0],
							"lerp_mode": "catmullrom"
						}
					}
				}
			}
		},
		"walk_sideway": {
			"loop": true,
			"animation_length": 1,
			"blend_weight": "2",
			"bones": {
				"root": {
					"rotation": {
						"0.0": {
							"post": [0, 0, 0],
							"lerp_mode": "catmullrom"
						},
						"0.5": {
							"post": [0, 0, 0],
							"lerp_mode": "catmullrom"
						},
						"1.0": {
							"post": [0, 0, 0],
							"lerp_mode": "catmullrom"
						}
					},
					"position": {
						"0.0": {
							"post": [0, 0, 0],
							"lerp_mode": "catmullrom"
						},
						"0.15": {
							"post": [0.15, 0.06, -0.03],
							"lerp_mode": "catmullrom"
						},
						"0.3167": {
							"post": [0.25, -0.03, -0.03],
							"lerp_mode": "catmullrom"
						},
						"0.5": {
							"post": [0, 0, 0],
							"lerp_mode": "catmullrom"
						},
						"0.6833": {
							"post": [-0.15, 0.06, -0.03],
							"lerp_mode": "catmullrom"
						},
						"0.85": {
							"post": [-0.25, -0.03, -0.03],
							"lerp_mode": "catmullrom"
						},
						"1.0": {
							"post": [0, 0, 0],
							"lerp_mode": "catmullrom"
						}
					}
				}
			}
		},
		"walk_backward": {
			"loop": true,
			"animation_length": 1.0167,
			"blend_weight": "1",
			"bones": {
				"root": {
					"rotation": {
						"0.0": {
							"post": [0, 0, 0],
							"lerp_mode": "catmullrom"
						},
						"0.5": {
							"post": [0, 0, 0],
							"lerp_mode": "catmullrom"
						},
						"1.0": {
							"post": [0, 0, 0],
							"lerp_mode": "catmullrom"
						}
					},
					"position": {
						"0.0": {
							"post": [0, 0, 0],
							"lerp_mode": "catmullrom"
						},
						"0.15": {
							"post": [0.29, 0.11813, -0.03],
							"lerp_mode": "catmullrom"
						},
						"0.3167": {
							"post": [0.35, -0.05, 0.2981],
							"lerp_mode": "catmullrom"
						},
						"0.5": {
							"post": [0, 0, 0],
							"lerp_mode": "catmullrom"
						},
						"0.6833": {
							"post": [-0.29, 0.1181, -0.03],
							"lerp_mode": "catmullrom"
						},
						"0.85": {
							"post": [-0.35, -0.05, 0.2981],
							"lerp_mode": "catmullrom"
						},
						"1.0": {
							"post": [0, 0, 0],
							"lerp_mode": "catmullrom"
						}
					}
				}
			}
		},
		"run_start": {
			"loop": "hold_on_last_frame",
			"animation_length": 0.3167,
			"bones": {
				"root": {
					"rotation": {
						"0.0": [0, 0, 0],
						"0.2": [0, 0, 0],
						"0.3167": [0, 0, 0]
					},
					"position": {
						"0.0": [0, 0, 0],
						"0.0167": [0, -0.0061, 0.00524],
						"0.0333": [0, -0.02248, 0.02286],
						"0.05": [0, -0.0469, 0.05305],
						"0.0667": [0, -0.07768, 0.0958],
						"0.0833": [0, -0.11349, 0.15114],
						"0.1": [0, -0.15326, 0.21889],
						"0.1167": [0, -0.19608, 0.29877],
						"0.1333": [0, -0.24118, 0.39032],
						"0.2167": [0, -0.56549, 1.25409],
						"0.2333": [0, -0.60526, 1.38131],
						"0.25": [0, -0.64107, 1.49818],
						"0.2667": [0, -0.67185, 1.59941],
						"0.2833": [0, -0.69627, 1.67918],
						"0.3": [0, -0.71265, 1.73141],
						"0.3167": [0, -0.71875, 1.75]
					}
				}
			}
		},
		"run": {
			"loop": true,
			"animation_length": 0.8,
			"bones": {
				"root": {
					"rotation": {
						"0.0": {
							"post": [0, 0, 0],
							"lerp_mode": "catmullrom"
						},
						"0.1333": {
							"post": [0, 0, 0],
							"lerp_mode": "catmullrom"
						},
						"0.2667": {
							"post": [0, 0, 0],
							"lerp_mode": "catmullrom"
						},
						"0.4": {
							"post": [0, 0, 0],
							"lerp_mode": "catmullrom"
						},
						"0.5333": {
							"post": [0, 0, 0],
							"lerp_mode": "catmullrom"
						},
						"0.6667": {
							"post": [0, 0, 0],
							"lerp_mode": "catmullrom"
						},
						"0.8": {
							"post": [0, 0, 0],
							"lerp_mode": "catmullrom"
						}
					},
					"position": {
						"0.0": {
							"post": [0, -0.71875, 1.75],
							"lerp_mode": "catmullrom"
						},
						"0.1333": {
							"post": [0.3, -0.1959, 1.75],
							"lerp_mode": "catmullrom"
						},
						"0.2667": {
							"post": [0.36, -0.4772, 1.75],
							"lerp_mode": "catmullrom"
						},
						"0.4": {
							"post": [0, -0.71875, 1.75],
							"lerp_mode": "catmullrom"
						},
						"0.5333": {
							"post": [-0.3, -0.1959, 1.75],
							"lerp_mode": "catmullrom"
						},
						"0.6667": {
							"post": [-0.36, -0.4772, 1.75],
							"lerp_mode": "catmullrom"
						},
						"0.8": {
							"post": [0, -0.71875, 1.75],
							"lerp_mode": "catmullrom"
						}
					}
				}
			}
		},
		"run_hold": {
			"loop": "hold_on_last_frame",
			"animation_length": 0.0333,
			"bones": {
				"root": {
					"rotation": [0, 0, 0],
					"position": [0, -0.71875, 1.75]
				}
			}
		},
		"run_end": {
			"loop": "hold_on_last_frame",
			"animation_length": 0.3667,
			"bones": {
				"root": {
					"rotation": [0, 0, 0],
					"position": {
						"0.0": [0.375, -0.39187, 1.75],
						"0.0167": [0.37187, -0.3877, 1.73457],
						"0.0333": [0.3636, -0.37764, 1.69971],
						"0.05": [0.35143, -0.36116, 1.64513],
						"0.0667": [0.33626, -0.33815, 1.57127],
						"0.0833": [0.31873, -0.30915, 1.47931],
						"0.1": [0.29936, -0.27553, 1.37135],
						"0.1833": [0.1875, -0.10755, 0.71818],
						"0.2167": [0.14095, -0.06203, 0.47775],
						"0.2333": [0.1183, -0.04463, 0.37373],
						"0.25": [0.09643, -0.03046, 0.28223],
						"0.2667": [0.07564, -0.01924, 0.20388],
						"0.2833": [0.05627, -0.01068, 0.13876],
						"0.3": [0.03874, -0.00455, 0.08673],
						"0.3167": [0.02357, -0.0006, 0.04739],
						"0.3333": [0.0114, 0.00135, 0.02022],
						"0.35": [0.00313, 0.0015, 0.00464],
						"0.3667": [0, 0, 0]
					}
				}
			}
		}
	}
}