{
	"format_version": "1.8.0",
	"animations": {
		"idle": {
			"loop": true,
			"animation_length": 4,
			"blend_weight": "1",
			"bones": {
				"root": {
					"rotation": {
						"0.0": {
							"post": [0, 0, 0],
							"lerp_mode": "catmullrom"
						},
						"4.0": {
							"post": [0, 0, 0],
							"lerp_mode": "catmullrom"
						}
					},
					"position": {
						"0.0": {
							"post": [0, 0, 0],
							"lerp_mode": "catmullrom"
						},
						"2.0167": {
							"post": [0, -0.26562, 0],
							"lerp_mode": "catmullrom"
						},
						"4.0": {
							"post": [0, 0, 0],
							"lerp_mode": "catmullrom"
						}
					}
				}
			}
		},
		"static_idle": {
			"loop": true,
			"animation_length": 2,
			"bones": {
				"knife": {
					"rotation": [-64.04655, -13.7742, 159.10491],
					"position": [-4.89062, 7.50001, -5.70312]
				},
				"righthand": {
					"rotation": [89.22987, -387.17261, -100.62224],
					"position": [-17.99999, -14.70312, 1.60938]
				},
				"righthand_pos": {
					"rotation": [0, 0, 0],
					"position": [0, 0, 0],
					"scale": [1, 1.5, 1]
				},
				"lefthand": {
					"rotation": [125.93791, 14.90051, -270.77521],
					"position": {
						"0.0": {
							"post": [25.17188, -12.14062, 2.07813],
							"lerp_mode": "catmullrom"
						}
					}
				},
				"lefthand_pos": {
					"rotation": [0, 0, 0],
					"position": [0, 0, 0],
					"scale": [1, 1.5, 1]
				},
				"righthand_and_knife": {
					"rotation": [0, 0, 0],
					"position": {
						"0.0": {
							"post": [-2.03125, 0, 0],
							"lerp_mode": "catmullrom"
						}
					}
				},
				"right_wrist": {
					"rotation": [0, 0, 0],
					"position": [0, 0, 0]
				},
				"right_elbow": {
					"rotation": [0, 0, 0],
					"position": [0, 0, 0]
				}
			}
		},
		"draw": {
			"loop": "hold_on_last_frame",
			"animation_length": 0.9167,
			"bones": {
				"righthand_and_knife": {
					"rotation": [0, 0, 0],
					"position": {
						"0.0": {
							"post": [-2.03125, 0, 0],
							"lerp_mode": "catmullrom"
						}
					}
				},
				"righthand": {
					"rotation": [89.22987, -387.17261, -100.62224],
					"position": [-17.99999, -14.70312, 1.60938]
				},
				"righthand_pos": {
					"rotation": [0, 0, 0],
					"position": [0, 0, 0],
					"scale": [1, 1.5, 1]
				},
				"knife": {
					"rotation": {
						"0.0": [-64.04655, -13.7742, 159.10491],
						"0.1": [-64.04655, -13.7742, 159.10491],
						"0.1667": [-63.81655, 15.56974, 173.23367],
						"0.3833": [-64.04655, -13.7742, 159.10491],
						"0.85": [-64.04655, -13.7742, 159.10491]
					},
					"position": {
						"0.0": [-4.89062, 7.50001, -5.70312],
						"0.1": [-4.89062, 7.50001, -5.70312],
						"0.1667": [-4.89062, 7.50001, -5.70312],
						"0.3833": [-4.89062, 7.50001, -5.70312],
						"0.85": [-4.89062, 7.50001, -5.70312]
					}
				},
				"lefthand": {
					"rotation": {
						"0.0667": {
							"pre": [185.50892, 14.81118, -302.33166],
							"post": [185.50892, 14.81118, -302.33166],
							"lerp_mode": "catmullrom"
						},
						"0.2333": {
							"post": [137.64831, 11.71502, -280.2027],
							"lerp_mode": "catmullrom"
						},
						"0.4": {
							"post": [113.28661, 23.38754, -265.79541],
							"lerp_mode": "catmullrom"
						},
						"0.85": [125.93791, 14.90051, -270.77521]
					},
					"position": {
						"0.0667": {
							"pre": [25.17, -16.64, 7.11125],
							"post": [25.17, -16.64, 7.11125],
							"lerp_mode": "catmullrom"
						},
						"0.2333": {
							"post": [25.17188, -12.14062, 2.07813],
							"lerp_mode": "catmullrom"
						},
						"0.4": {
							"post": [25.17188, -12.14062, 2.07813],
							"lerp_mode": "catmullrom"
						},
						"0.85": {
							"post": [25.17188, -12.14062, 2.07813],
							"lerp_mode": "catmullrom"
						}
					}
				},
				"lefthand_pos": {
					"rotation": [0, 0, 0],
					"position": [0, 0, 0],
					"scale": [1, 1.5, 1]
				},
				"right_elbow": {
					"rotation": {
						"0.0": [-65.54, -57.82, 103.61],
						"0.0167": [-62.02865, -57.25825, 97.59177],
						"0.0333": [-57.25626, -55.68941, 89.09638],
						"0.05": [-52.23358, -53.2618, 80.04345],
						"0.0667": [-47.18652, -50.09505, 70.88947],
						"0.0833": [-42.21717, -46.28671, 61.84269],
						"0.1": [-37.38822, -41.92334, 53.0298],
						"0.1167": [-32.74645, -37.08032, 44.54551],
						"0.1333": [-28.33337, -31.82683, 36.47077],
						"0.15": [-24.18898, -26.23011, 28.88339],
						"0.1667": [-20.35668, -20.35946, 21.8647],
						"0.1833": [-16.88415, -14.29058, 15.50521],
						"0.2": [-13.82775, -8.11489, 9.91012],
						"0.2167": [-11.25608, -1.95506, 5.20596],
						"0.2333": [-9.25516, 4.00009, 1.5498],
						"0.25": [-7.93677, 9.40317, -0.85577],
						"0.2667": [-7.45373, 13.39005, -1.7354],
						"0.2833": [-7.45586, 15.21114, -1.74293],
						"0.3": [-7.46183, 16.37771, -1.76393],
						"0.3167": [-7.47102, 17.26725, -1.79624],
						"0.3333": [-7.48287, 17.98713, -1.83795],
						"0.4167": [-7.56641, 20.16094, -2.13184],
						"0.4833": [-7.63888, 20.71679, -2.38683],
						"0.5167": [-7.6687, 20.57966, -2.49175],
						"0.5333": [-7.68056, 20.366, -2.53346],
						"0.55": [-7.68974, 20.0124, -2.56577],
						"0.5667": [-7.69571, 19.43982, -2.58677],
						"0.5833": [-7.69785, 18.39812, -2.5943],
						"0.6": [-7.62659, 16.78993, -2.57028],
						"0.6167": [-7.41492, 15.12021, -2.49895],
						"0.6333": [-7.06801, 13.45342, -2.38204],
						"0.65": [-6.59619, 11.82073, -2.22302],
						"0.7167": [-3.84893, 5.95442, -1.29715],
						"0.7333": [-3.08462, 4.71307, -1.03957],
						"0.75": [-2.35258, 3.58418, -0.79286],
						"0.7667": [-1.6829, 2.58008, -0.56716],
						"0.7833": [-1.10167, 1.71452, -0.37128],
						"0.8": [-0.62984, 1.00328, -0.21227],
						"0.8167": [-0.28293, 0.46485, -0.09535],
						"0.8333": [-0.07126, 0.12146, -0.02402],
						"0.85": [0, 0, 0]
					},
					"position": {
						"0.0": {
							"post": [2.54688, 0, -0.07625],
							"lerp_mode": "catmullrom"
						},
						"0.1833": {
							"post": [0, 0, -2.92187],
							"lerp_mode": "catmullrom"
						},
						"0.2667": {
							"post": [0, 0, -2.92187],
							"lerp_mode": "catmullrom"
						},
						"0.5833": {
							"post": [0, 0, -2.92187],
							"lerp_mode": "catmullrom"
						},
						"0.85": [0, 0, 0]
					}
				}
			},
			"sound_effects": {
				"0.0": {
					"effect": "knife_deploy"
				}
			}
		},
		"inspect": {
			"loop": "hold_on_last_frame",
			"animation_length": 6.0833,
			"bones": {
				"righthand_and_knife": {
					"position": [-2.03125, 0, 0]
				},
				"righthand": {
					"rotation": {
						"0.0": [89.22987, -387.17261, -100.62224],
						"0.5": [89.25334, -383.42293, -100.67713],
						"0.7333": {
							"pre": [89.25334, -383.42293, -100.67713],
							"post": [89.25334, -383.42293, -100.67713],
							"lerp_mode": "catmullrom"
						},
						"1.1667": {
							"post": [89.01772, -380.67316, -100.71542],
							"lerp_mode": "catmullrom"
						},
						"1.7667": {
							"post": [87.76237, -380.56945, -96.4429],
							"lerp_mode": "catmullrom"
						},
						"2.25": {
							"post": [73.63898, -385.95225, -54.28716],
							"lerp_mode": "catmullrom"
						},
						"3.25": [73.63898, -385.95225, -54.28716],
						"3.2667": [73.75405, -385.9065, -54.63688],
						"3.2833": [73.98318, -385.81533, -55.40613],
						"3.3": [74.26455, -385.70318, -56.39883],
						"3.5167": [79.11402, -383.73431, -73.87609],
						"3.6667": [82.70963, -382.22319, -85.5284],
						"3.7833": [85.41929, -381.03869, -93.1868],
						"3.8833": [87.58833, -380.03895, -98.42234],
						"3.9833": [89.47955, -379.0803, -102.13578],
						"4.0667": [90.59126, -378.35972, -103.82331],
						"4.1": [90.75215, -378.12262, -104.0817],
						"4.1167": [90.6864, -378.03146, -104.11241],
						"4.1333": {
							"pre": [90.39606, -377.9857, -104.07398],
							"post": [90.39606, -377.9857, -104.07398],
							"lerp_mode": "catmullrom"
						},
						"4.3167": {
							"post": [87.92852, -376.94014, -103.60992],
							"lerp_mode": "catmullrom"
						},
						"5.0167": [88.89607, -377.69896, -104.34412],
						"5.0833": [90.39606, -377.9857, -104.07398],
						"5.1333": [92.30031, -377.99838, -103.61097],
						"5.15": [93.13269, -378.05446, -103.49118],
						"5.1667": [94.12646, -378.23801, -103.43036],
						"5.1833": [95.14501, -378.60453, -103.5755],
						"5.2": [96.04514, -379.05024, -105.22313],
						"5.2167": [96.83734, -379.49998, -107.03121],
						"5.2333": [97.55714, -379.9367, -108.22746],
						"5.25": [98.22777, -380.35881, -109.19061],
						"5.3667": [104.81212, -386.23302, -116.66355],
						"5.6667": [85.50445, -387.00321, -84.89608],
						"5.8167": [89.22987, -387.17261, -100.62224]
					},
					"position": {
						"0.0": [-17.99999, -14.70312, 1.60938],
						"0.5": [-17.34375, -13.74687, 0.39125],
						"0.7333": {
							"pre": [-17.34375, -13.74687, 0.39125],
							"post": [-17.34375, -13.74687, 0.39125],
							"lerp_mode": "catmullrom"
						},
						"1.1667": {
							"post": [-17.34375, -13.59062, 0.39125],
							"lerp_mode": "catmullrom"
						},
						"1.7667": {
							"post": [-17.34375, -13.59062, 0.39125],
							"lerp_mode": "catmullrom"
						},
						"2.25": {
							"post": [-17.34375, -14.73124, 0.84438],
							"lerp_mode": "catmullrom"
						},
						"3.25": [-17.34375, -14.73124, 0.84438],
						"4.1333": [-17.34, -13.15437, 0.36],
						"4.65": [-17.30875, -12.96687, 0.36],
						"5.0833": [-17.34, -13.15437, 0.36],
						"5.6667": [-18.3825, -14.79562, 1.27],
						"5.8167": [-17.99999, -14.70312, 1.60938]
					}
				},
				"righthand_pos": {
					"rotation": [0, 0, 0],
					"position": [0, 0, 0],
					"scale": [1, 1.5, 1]
				},
				"knife": {
					"rotation": {
						"0.0": {
							"post": [-64.04655, -13.7742, 159.10491],
							"lerp_mode": "catmullrom"
						},
						"0.15": {
							"post": [-61.42468, -23.19792, 153.67429],
							"lerp_mode": "catmullrom"
						},
						"0.25": {
							"post": [-70.01388, -5.95727, 161.73001],
							"lerp_mode": "catmullrom"
						},
						"0.4": {
							"post": [-82.98112, 7.6743, 163.65905],
							"lerp_mode": "catmullrom"
						},
						"0.6833": {
							"post": [-93.96431, -31.96051, 156.7605],
							"lerp_mode": "catmullrom"
						},
						"1.65": {
							"post": [-95.8505, -35.21456, 158.2285],
							"lerp_mode": "catmullrom"
						},
						"2.3333": {
							"post": [13.28062, -43.32112, 184.30044],
							"lerp_mode": "catmullrom"
						},
						"2.35": [13.33007, -43.33827, 184.32316],
						"2.5667": [15.05452, -44.00018, 185.19957],
						"2.7833": [16.51413, -44.77826, 186.22979],
						"3.0": [17.02205, -45.56219, 187.26777],
						"3.15": [16.18991, -46.07697, 187.94937],
						"3.2333": [14.71663, -46.32614, 188.27929],
						"3.25": [14.23388, -46.36693, 188.33329],
						"3.2667": [13.63858, -46.40036, 188.37756],
						"3.2833": [12.87711, -46.41751, 188.40027],
						"3.3": [11.76545, -46.35719, 188.16651],
						"3.3167": [10.21582, -46.23899, 187.70841],
						"3.3333": [8.27766, -46.09453, 187.14861],
						"3.35": [6.00281, -45.9343, 186.52765],
						"3.3667": [3.4463, -45.76335, 185.86514],
						"3.3833": [0.66081, -45.58441, 185.17169],
						"3.4": [-2.30513, -45.39937, 184.4546],
						"3.5167": [-24.9173, -44.00526, 179.05193],
						"3.5833": [-37.22939, -43.16673, 175.80232],
						"3.65": [-48.23342, -42.31362, 172.4962],
						"3.7167": [-57.76196, -41.45282, 169.16029],
						"3.7833": [-65.82427, -40.58962, 165.81506],
						"3.85": [-72.49909, -39.72882, 162.47915],
						"3.9167": [-77.89517, -38.87571, 159.17303],
						"3.9833": [-82.12017, -38.03718, 155.92342],
						"4.0667": [-85.90816, -37.02689, 152.0082],
						"4.1167": [-88.20838, -36.10814, 148.4477],
						"4.15": [-88.74648, -35.80346, 147.26694],
						"4.1667": [-88.93867, -35.68525, 146.80885],
						"4.1833": {
							"pre": [-89.08108, -35.62493, 146.57508],
							"post": [-89.08108, -35.62493, 146.57508],
							"lerp_mode": "catmullrom"
						},
						"4.5": {
							"post": [-89.03717, -39.12446, 146.50277],
							"lerp_mode": "catmullrom"
						},
						"4.5167": [-89.03745, -39.10743, 146.50945],
						"4.7333": [-89.05065, -38.24608, 146.78978],
						"4.95": [-89.0664, -37.11794, 146.96679],
						"5.1667": [-89.0802, -35.84617, 146.71648],
						"5.2": [-89.08108, -35.62493, 146.57508],
						"5.2167": [-88.92112, -35.27449, 146.5447],
						"5.2333": [-88.42988, -34.43037, 146.63589],
						"5.25": [-87.59484, -33.05092, 146.87014],
						"5.2667": [-86.416, -31.09475, 147.27394],
						"5.2833": [-84.91231, -28.52423, 147.88233],
						"5.3": [-83.12619, -25.3107, 148.74132],
						"5.3167": [-81.1253, -21.44578, 149.91266],
						"5.3333": [-78.99916, -16.95701, 151.47741],
						"5.35": [-76.84799, -11.93545, 153.5361],
						"5.3667": [-74.76946, -6.56065, 156.17943],
						"5.3833": [-72.84607, -1.1258, 159.37916],
						"5.4": [-71.13852, 3.96985, 162.79227],
						"5.4167": [-69.68483, 8.27719, 165.82326],
						"5.4333": [-68.50301, 11.39279, 168.104],
						"5.45": [-67.59634, 13.05001, 169.63933],
						"5.4667": [-66.87067, 13.58062, 170.79843],
						"5.4833": [-66.24414, 13.46985, 171.85327],
						"5.5": [-65.7334, 12.82201, 172.79811],
						"5.5167": [-65.35372, 11.75823, 173.62621],
						"5.5333": [-65.11617, 10.40625, 174.32968],
						"5.55": [-65.02114, 8.89096, 174.89927],
						"5.5667": [-65.05327, 7.32588, 175.32397],
						"5.5833": [-65.18087, 5.80834, 175.59089],
						"5.6": [-65.36214, 4.41692, 175.68469],
						"5.6167": [-65.55612, 3.21208, 175.58678],
						"5.6333": [-65.73068, 2.23774, 175.27448],
						"5.65": [-65.86512, 1.52364, 174.72008],
						"5.6667": [-65.94834, 1.08878, 173.88827],
						"5.6833": [-65.97631, 0.9425, 172.73411],
						"5.7": [-65.95878, 0.80876, 171.42076],
						"5.7167": [-65.90784, 0.42028, 170.15174],
						"5.7333": [-65.82634, -0.20124, 168.9308],
						"5.75": [-65.7177, -1.02977, 167.76115],
						"5.7667": [-65.58589, -2.0349, 166.64597],
						"5.7833": [-65.43548, -3.18197, 165.5884],
						"5.85": [-64.75144, -8.39859, 162.00851],
						"5.8667": [-64.58738, -9.64973, 161.2984],
						"5.8833": [-64.43697, -10.7968, 160.67318],
						"5.9": [-64.30517, -11.80194, 160.1397],
						"5.9167": [-64.19653, -12.63046, 159.70593],
						"5.9333": [-64.11503, -13.25198, 159.38117],
						"5.95": [-64.06409, -13.64047, 159.17649],
						"5.9667": [-64.04655, -13.7742, 159.10491]
					},
					"position": {
						"0.0": {
							"post": [-4.89062, 7.50001, -5.70312],
							"lerp_mode": "catmullrom"
						},
						"0.15": {
							"post": [-4.71125, 7.2375, -6.16125],
							"lerp_mode": "catmullrom"
						},
						"0.6833": {
							"post": [-3.41812, 5.93813, -7.99937],
							"lerp_mode": "catmullrom"
						},
						"1.65": {
							"post": [-3.55, 5.58, -7.78],
							"lerp_mode": "catmullrom"
						},
						"2.3333": {
							"post": [-3.74, 5.04563, -7.49],
							"lerp_mode": "catmullrom"
						},
						"2.35": [-3.74, 5.04563, -7.49],
						"2.5667": [-3.74, 5.04563, -7.49],
						"2.7833": [-3.74, 5.04562, -7.49],
						"3.0": [-3.74, 5.04563, -7.49],
						"3.2167": [-3.74, 5.04563, -7.49],
						"3.3833": [-3.74, 5.04563, -7.49],
						"3.6": [-3.74346, 5.28029, -7.48986],
						"3.8167": [-3.74784, 5.57684, -7.48967],
						"4.0333": [-3.75218, 5.87096, -7.48949],
						"4.15": [-3.75473, 6.0437, -7.48939],
						"4.1833": [-3.755, 6.06188, -7.48937],
						"4.4": [-3.755, 6.06188, -7.48937],
						"4.6167": [-3.755, 6.06188, -7.48937],
						"4.8333": [-3.755, 6.06188, -7.48937],
						"5.05": [-3.755, 6.06188, -7.48937],
						"5.25": [-3.755, 6.06188, -7.48937],
						"5.2667": [-3.75897, 6.06907, -7.48222],
						"5.2833": [-3.7706, 6.08969, -7.46197],
						"5.3": [-3.78945, 6.12239, -7.4302],
						"5.3833": [-3.97469, 6.4208, -7.1389],
						"5.4833": [-4.32016, 6.89355, -6.60648],
						"5.5167": [-4.44158, 7.02135, -6.41302],
						"5.5333": [-4.5, 7.06938, -6.32],
						"5.55": [-4.55022, 7.10648, -6.24642],
						"5.7667": [-4.82471, 7.38328, -5.84176],
						"5.95": [-4.88994, 7.49824, -5.70513],
						"5.9667": [-4.89062, 7.50001, -5.70312]
					}
				},
				"lefthand": {
					"rotation": {
						"0.0": {
							"post": [125.93791, 14.90051, -270.77521],
							"lerp_mode": "catmullrom"
						},
						"0.1833": {
							"post": [125.98625, -3.30002, -283.75574],
							"lerp_mode": "catmullrom"
						},
						"0.2": [125.98769, -3.31505, -283.78026],
						"0.4167": [126.01743, -3.62647, -284.2848],
						"0.6333": [126.04917, -3.95882, -284.80738],
						"0.85": [126.08141, -4.29641, -285.32349],
						"1.0667": [126.11391, -4.63669, -285.82941],
						"1.2833": [126.14657, -4.97863, -286.32336],
						"1.5": [126.17933, -5.32169, -286.80409],
						"1.7167": [126.21217, -5.66554, -287.27039],
						"1.9333": [126.24507, -6.00995, -287.72094],
						"2.15": [126.278, -6.35476, -288.1544],
						"2.3667": [126.31095, -6.69983, -288.56896],
						"2.5833": [126.34392, -7.04506, -288.96277],
						"2.8": [126.3769, -7.39034, -289.33346],
						"3.0167": [126.40987, -7.73559, -289.67813],
						"3.2333": [126.44283, -8.08069, -289.9932],
						"3.45": [126.47577, -8.42555, -290.2741],
						"3.6667": [126.50867, -8.77003, -290.51458],
						"3.8833": [126.54152, -9.11398, -290.707],
						"4.1": [126.57429, -9.45718, -290.83964],
						"4.3167": [126.60697, -9.79932, -290.89561],
						"4.5333": [126.6395, -10.13991, -290.84829],
						"4.75": [126.67179, -10.47802, -290.64929],
						"4.9667": [126.70364, -10.81149, -290.19245],
						"5.1833": [126.73411, -11.13055, -289.11768],
						"5.2333": [126.73965, -11.18851, -288.60759],
						"5.25": [126.73455, -11.02258, -288.38457],
						"5.3833": [126.60269, -6.73176, -285.79779],
						"5.5": [126.45743, -2.00517, -282.02129],
						"5.5833": [126.34961, 1.50346, -278.10024],
						"5.6667": [126.24155, 5.01978, -272.82365],
						"5.75": [126.13577, 8.46209, -266.46431],
						"5.7667": [126.11517, 9.13224, -265.30942],
						"5.7833": [126.09486, 9.79337, -264.32983],
						"5.8": [126.07487, 10.44376, -263.60086],
						"5.8167": [126.05528, 11.08132, -263.18004],
						"5.8333": [126.03616, 11.70323, -263.09579],
						"5.85": [126.01764, 12.30603, -263.34419],
						"5.8667": [125.99986, 12.88465, -263.8946],
						"5.8833": [125.98303, 13.43215, -264.70609],
						"5.9": [125.96749, 13.93793, -265.73681],
						"5.9167": [125.95379, 14.38369, -266.94616],
						"5.9333": [125.94301, 14.73458, -268.30136],
						"5.95": [125.93791, 14.90051, -269.77521]
					},
					"position": {
						"0.0": {
							"post": [25.17188, -12.14062, 2.07813],
							"lerp_mode": "catmullrom"
						},
						"0.4": {
							"post": [25.17, -14.81187, 12.31438],
							"lerp_mode": "catmullrom"
						},
						"0.4167": [25.17, -14.81851, 12.3008],
						"0.6333": [25.17, -14.9569, 12.01685],
						"0.85": [25.17, -15.10357, 11.71332],
						"1.0667": [25.17, -15.25147, 11.4049],
						"1.2833": [25.17, -15.39944, 11.09397],
						"1.5": [25.17, -15.547, 10.78151],
						"1.7167": [25.17, -15.69387, 10.46801],
						"1.9333": [25.17, -15.83983, 10.15379],
						"2.15": [25.17, -15.9847, 9.83916],
						"2.3667": [25.17, -16.12828, 9.52401],
						"2.5833": [25.17, -16.27039, 9.20872],
						"2.8": [25.17, -16.41081, 8.89333],
						"3.0167": [25.17, -16.54929, 8.57792],
						"3.2333": [25.17, -16.68549, 8.26261],
						"3.45": [25.17, -16.81904, 7.9475],
						"3.6667": [25.17, -16.94943, 7.63272],
						"3.8833": [25.17, -17.07596, 7.31831],
						"4.1": [25.17, -17.19767, 7.00479],
						"4.3167": [25.17, -17.31312, 6.69214],
						"4.5333": [25.17, -17.41988, 6.38093],
						"4.75": [25.17, -17.51356, 6.07202],
						"4.9667": [25.17, -17.58379, 5.76744],
						"5.1667": [25.17, -17.5922, 5.49732],
						"5.2167": [25.17, -17.55987, 5.43732],
						"5.2333": [25.17, -17.53062, 5.42375],
						"5.25": [25.17001, -17.47364, 5.40124],
						"5.2667": [25.17004, -17.39589, 5.35179],
						"5.2833": [25.17008, -17.29919, 5.28763],
						"5.3": [25.17012, -17.18523, 5.21392],
						"5.3167": [25.17016, -17.05558, 5.13347],
						"5.3333": [25.17021, -16.91169, 5.04795],
						"5.35": [25.17026, -16.75491, 4.95852],
						"5.3667": [25.17031, -16.58652, 4.86595],
						"5.5667": [25.171, -14.06554, 3.64641],
						"5.6333": [25.17123, -13.21213, 3.2311],
						"5.6667": [25.17134, -12.82508, 3.02732],
						"5.6833": [25.1714, -12.64676, 2.92704],
						"5.7": [25.17145, -12.48088, 2.82818],
						"5.7167": [25.17151, -12.32945, 2.73102],
						"5.7333": [25.17156, -12.19486, 2.63592],
						"5.75": [25.17161, -12.07953, 2.54336],
						"5.7667": [25.17166, -11.9864, 2.45392],
						"5.7833": [25.17171, -11.91905, 2.36841],
						"5.8": [25.17176, -11.88134, 2.28795],
						"5.8167": [25.1718, -11.87811, 2.21424],
						"5.8333": [25.17183, -11.91524, 2.15008],
						"5.85": [25.17186, -11.99966, 2.10064],
						"5.8667": [25.17188, -12.14062, 2.07813]
					}
				},
				"lefthand_pos": {
					"rotation": [0, 0, 0],
					"position": [0, 0, 0],
					"scale": [1, 1.5, 1]
				},
				"right_wrist": {
					"rotation": {
						"0.0": [0, 0, 0],
						"0.0167": [-0.02277, -0.1145, -0.16844],
						"0.0333": [-0.0067, -0.35503, -0.72702],
						"0.05": [0.04746, -0.6594, -1.65645],
						"0.0667": [0.1396, -1.00403, -2.93625],
						"0.0833": [0.26876, -1.37654, -4.5449],
						"0.1": [0.43376, -1.76986, -6.46],
						"0.1167": [0.63474, -2.17922, -8.6584],
						"0.1333": [0.8704, -2.60146, -11.11633],
						"0.15": [1.14005, -3.03408, -13.80962],
						"0.1667": [1.4435, -3.47532, -16.71406],
						"0.1833": [1.77928, -3.92378, -19.80487],
						"0.2": [2.14762, -4.37829, -23.05729],
						"0.2167": [2.54692, -4.83791, -26.44707],
						"0.3333": [6.16101, -8.14218, -52.09474],
						"0.4": [8.79901, -10.05687, -66.46833],
						"0.4167": [9.51437, -10.53459, -69.85813],
						"0.4333": [10.24985, -11.01118, -73.13895],
						"0.45": [11.00434, -11.48619, -76.29922],
						"0.4667": [11.77618, -11.95921, -79.32711],
						"0.4833": [12.56378, -12.42975, -82.2143],
						"0.5": [13.36561, -12.89725, -84.95041],
						"0.5167": [14.17938, -13.36114, -87.52725],
						"0.5333": [15.00285, -13.82076, -89.93857],
						"0.55": [15.83334, -14.27527, -92.17772],
						"0.5667": [16.66755, -14.72373, -94.23884],
						"0.5833": [17.50158, -15.16497, -96.11682],
						"0.6": [18.33062, -15.59759, -97.80728],
						"0.6167": [19.14868, -16.01983, -99.30653],
						"0.6333": [19.94802, -16.42919, -100.61154],
						"0.65": [20.71835, -16.82251, -101.71994],
						"0.6667": [21.44575, -17.19502, -102.62995],
						"0.6833": [22.10973, -17.53965, -103.34039],
						"0.7": [22.67965, -17.84402, -103.84635],
						"0.7167": [23.10363, -18.08455, -104.15088],
						"0.7333": [23.2834, -18.19905, -104.2544],
						"0.95": [23.2834, -18.19905, -104.25475],
						"1.1667": [23.2834, -18.19905, -104.25482],
						"1.3833": [23.2834, -18.19905, -104.25483],
						"1.6": [23.2834, -18.19905, -104.25481],
						"1.8167": [23.2834, -18.19905, -104.25477],
						"2.0333": [23.2834, -18.19905, -104.25471],
						"2.25": [23.2834, -18.19905, -104.25464],
						"2.4667": [23.2834, -18.19905, -104.25456],
						"2.6833": [23.2834, -18.19905, -104.25448],
						"2.9": [23.2834, -18.19905, -104.2544],
						"3.1167": [23.2834, -18.19905, -104.25432],
						"3.3333": [23.2834, -18.19905, -104.25424],
						"3.55": [23.2834, -18.19905, -104.25417],
						"3.7667": [23.2834, -18.19905, -104.2541],
						"3.9833": [23.2834, -18.19905, -104.25404],
						"4.2": [23.2834, -18.19905, -104.25399],
						"4.4167": [23.2834, -18.19905, -104.25397],
						"4.6333": [23.2834, -18.19905, -104.25397],
						"4.85": [23.2834, -18.19905, -104.25404],
						"5.0667": [23.2834, -18.19905, -104.25433],
						"5.0833": [23.2834, -18.19905, -104.2544],
						"5.1": [23.12489, -18.08931, -104.15266],
						"5.1167": [22.7652, -17.86442, -103.85639],
						"5.1333": [22.29218, -17.58358, -103.36804],
						"5.15": [21.74753, -17.26811, -102.69136],
						"5.1667": [21.15419, -16.92885, -101.83431],
						"5.1833": [20.52683, -16.57195, -100.8001],
						"5.2": [19.87554, -16.20133, -99.59341],
						"5.2167": [19.20727, -15.81982, -98.22181],
						"5.2333": [18.5274, -15.42946, -96.6906],
						"5.25": [17.83999, -15.03175, -95.00312],
						"5.2667": [17.14827, -14.62782, -93.16724],
						"5.2833": [16.45492, -14.21867, -91.18923],
						"5.3": [15.76216, -13.80511, -89.07515],
						"5.3167": [15.07182, -13.38769, -86.83128],
						"5.3333": [14.38553, -12.96707, -84.46315],
						"5.35": [13.70469, -12.54365, -81.97863],
						"5.3667": [13.03058, -12.11788, -79.38484],
						"5.4333": [10.42238, -10.39832, -68.06526],
						"5.6": [4.81065, -6.08117, -36.18427],
						"5.6667": [3.05048, -4.39394, -23.76477],
						"5.6833": [2.66241, -3.98038, -20.85076],
						"5.7": [2.29676, -3.57123, -18.04514],
						"5.7167": [1.95444, -3.1673, -15.36345],
						"5.7333": [1.63592, -2.76959, -12.82581],
						"5.75": [1.34203, -2.37923, -10.44902],
						"5.7667": [1.07416, -1.99772, -8.25523],
						"5.7833": [0.83289, -1.6271, -6.26559],
						"5.8": [0.61902, -1.2702, -4.50205],
						"5.8167": [0.43354, -0.93094, -2.98926],
						"5.8333": [0.27812, -0.61547, -1.75354],
						"5.85": [0.15333, -0.33463, -0.82374],
						"5.8667": [0.06023, -0.10974, -0.22861],
						"5.8833": [0, 0, 0]
					}
				}
			},
			"sound_effects": {
				"0.0": {
					"effect": "knife_deploy"
				}
			}
		},
		"inspect_empty": {
			"loop": "hold_on_last_frame",
			"animation_length": 6.0833,
			"bones": {
				"righthand_and_knife": {
					"position": [-2.03125, 0, 0]
				},
				"righthand": {
					"rotation": {
						"0.0": [89.22987, -387.17261, -100.62224],
						"0.5": [89.25334, -383.42293, -100.67713],
						"0.7333": {
							"pre": [89.25334, -383.42293, -100.67713],
							"post": [89.25334, -383.42293, -100.67713],
							"lerp_mode": "catmullrom"
						},
						"1.1667": {
							"post": [89.01772, -380.67316, -100.71542],
							"lerp_mode": "catmullrom"
						},
						"1.7667": {
							"post": [87.76237, -380.56945, -96.4429],
							"lerp_mode": "catmullrom"
						},
						"2.25": {
							"post": [73.63898, -385.95225, -54.28716],
							"lerp_mode": "catmullrom"
						},
						"3.25": [73.63898, -385.95225, -54.28716],
						"3.2667": [73.75405, -385.9065, -54.63688],
						"3.2833": [73.98318, -385.81533, -55.40613],
						"3.3": [74.26455, -385.70318, -56.39883],
						"3.5167": [79.11402, -383.73431, -73.87609],
						"3.6667": [82.70963, -382.22319, -85.5284],
						"3.7833": [85.41929, -381.03869, -93.1868],
						"3.8833": [87.58833, -380.03895, -98.42234],
						"3.9833": [89.47955, -379.0803, -102.13578],
						"4.0667": [90.59126, -378.35972, -103.82331],
						"4.1": [90.75215, -378.12262, -104.0817],
						"4.1167": [90.6864, -378.03146, -104.11241],
						"4.1333": [90.39606, -377.9857, -104.07398],
						"4.3167": [87.92852, -376.94014, -103.60992],
						"4.4167": [87.43808, -376.1659, -104.32607],
						"4.6167": [87.08791, -374.81548, -104.21509],
						"4.65": [87.08356, -374.7357, -104.07398],
						"4.8167": [87.30845, -375.87717, -103.60469],
						"4.85": [87.43586, -376.19835, -103.75908],
						"4.8833": [87.6028, -376.52306, -104.38889],
						"5.0167": [88.89607, -377.69896, -104.34412],
						"5.0833": [90.39606, -377.9857, -104.07398],
						"5.1333": [92.30031, -377.99838, -103.61097],
						"5.15": [93.13269, -378.05446, -103.49118],
						"5.1667": [94.12646, -378.23801, -103.43036],
						"5.1833": [95.14501, -378.60453, -103.5755],
						"5.2": [96.04514, -379.05024, -105.22313],
						"5.2167": [96.83734, -379.49998, -107.03121],
						"5.2333": [97.55714, -379.9367, -108.22746],
						"5.25": [98.22777, -380.35881, -109.19061],
						"5.3667": [104.81212, -386.23302, -116.66355],
						"5.6667": [85.50445, -387.00321, -84.89608],
						"5.8167": [89.22987, -387.17261, -100.62224]
					},
					"position": {
						"0.0": [-17.99999, -14.70312, 1.60938],
						"0.5": [-17.34375, -13.74687, 0.39125],
						"0.7333": {
							"pre": [-17.34375, -13.74687, 0.39125],
							"post": [-17.34375, -13.74687, 0.39125],
							"lerp_mode": "catmullrom"
						},
						"1.1667": {
							"post": [-17.34375, -13.59062, 0.39125],
							"lerp_mode": "catmullrom"
						},
						"1.7667": {
							"post": [-17.34375, -13.59062, 0.39125],
							"lerp_mode": "catmullrom"
						},
						"2.25": {
							"post": [-17.34375, -14.73124, 0.84438],
							"lerp_mode": "catmullrom"
						},
						"3.25": [-17.34375, -14.73124, 0.84438],
						"4.1333": [-17.34, -13.15437, 0.36],
						"4.65": [-17.30875, -12.96687, 0.36],
						"5.0833": [-17.34, -13.15437, 0.36],
						"5.6667": [-18.3825, -14.79562, 1.27],
						"5.8167": [-17.99999, -14.70312, 1.60938]
					}
				},
				"righthand_pos": {
					"rotation": [0, 0, 0],
					"position": [0, 0, 0],
					"scale": [1, 1.5, 1]
				},
				"knife": {
					"rotation": {
						"0.0": {
							"post": [-64.04655, -13.7742, 159.10491],
							"lerp_mode": "catmullrom"
						},
						"0.15": {
							"post": [-61.42468, -23.19792, 153.67429],
							"lerp_mode": "catmullrom"
						},
						"0.25": {
							"post": [-70.01388, -5.95727, 161.73001],
							"lerp_mode": "catmullrom"
						},
						"0.4": {
							"post": [-82.98112, 7.6743, 163.65905],
							"lerp_mode": "catmullrom"
						},
						"0.6833": {
							"post": [-93.96431, -31.96051, 156.7605],
							"lerp_mode": "catmullrom"
						},
						"1.65": {
							"post": [-95.8505, -35.21456, 158.2285],
							"lerp_mode": "catmullrom"
						},
						"2.3333": {
							"post": [13.28062, -43.32112, 184.30044],
							"lerp_mode": "catmullrom"
						},
						"2.35": [13.33007, -43.33827, 184.32316],
						"2.5667": [15.05452, -44.00018, 185.19957],
						"2.7833": [16.51413, -44.77826, 186.22979],
						"3.0": [17.02205, -45.56219, 187.26777],
						"3.15": [16.18991, -46.07697, 187.94937],
						"3.2333": [14.71663, -46.32614, 188.27929],
						"3.25": [14.23388, -46.36693, 188.33329],
						"3.2667": [13.63858, -46.40036, 188.37756],
						"3.2833": [12.87711, -46.41751, 188.40027],
						"3.3": [11.76545, -46.35719, 188.16651],
						"3.3167": [10.21582, -46.23899, 187.70841],
						"3.3333": [8.27766, -46.09453, 187.14861],
						"3.35": [6.00281, -45.9343, 186.52765],
						"3.3667": [3.4463, -45.76335, 185.86514],
						"3.3833": [0.66081, -45.58441, 185.17169],
						"3.4": [-2.30513, -45.39937, 184.4546],
						"3.5167": [-24.9173, -44.00526, 179.05193],
						"3.5833": [-37.22939, -43.16673, 175.80232],
						"3.65": [-48.23342, -42.31362, 172.4962],
						"3.7167": [-57.76196, -41.45282, 169.16029],
						"3.7833": [-65.82427, -40.58962, 165.81506],
						"3.85": [-72.49909, -39.72882, 162.47915],
						"3.9167": [-77.89517, -38.87571, 159.17303],
						"3.9833": [-82.12017, -38.03718, 155.92342],
						"4.0667": [-85.90816, -37.02689, 152.0082],
						"4.15": [-88.20838, -36.10814, 148.4477],
						"4.1833": [-88.74648, -35.80346, 147.26694],
						"4.2": [-88.93867, -35.68525, 146.80885],
						"4.2167": [-89.08108, -35.62493, 146.57508],
						"4.4333": [-90.9049, -32.2236, 148.35618],
						"4.65": [-93.46788, -27.92533, 150.60695],
						"4.8667": [-97.04392, -23.66229, 152.83927],
						"5.0": [-99.51189, -21.37755, 154.03567],
						"5.05": {
							"pre": [-99.93704, -20.8952, 154.28825],
							"post": [-99.93704, -20.8952, 154.28825],
							"lerp_mode": "catmullrom"
						},
						"5.2833": {
							"post": [-86.00146, -4.05032, 147.39431],
							"lerp_mode": "catmullrom"
						},
						"5.4167": [-67.59634, 1.05001, 179.82683],
						"5.6167": [-65.81852, 6.42023, 175.18847],
						"5.8": [-64.04655, -13.7742, 159.10491]
					},
					"position": {
						"0.0": {
							"post": [-4.89062, 7.50001, -5.70312],
							"lerp_mode": "catmullrom"
						},
						"0.15": {
							"post": [-4.71125, 7.2375, -6.16125],
							"lerp_mode": "catmullrom"
						},
						"0.6833": {
							"post": [-3.41812, 5.93813, -7.99937],
							"lerp_mode": "catmullrom"
						},
						"2.3333": {
							"post": [-3.74, 5.04563, -7.49],
							"lerp_mode": "catmullrom"
						},
						"2.35": [-3.74, 5.04563, -7.49],
						"2.5667": [-3.74, 5.04563, -7.49],
						"2.7833": [-3.74, 5.04562, -7.49],
						"3.0": [-3.74, 5.04563, -7.49],
						"3.2167": [-3.74, 5.04563, -7.49],
						"3.3833": [-3.74, 5.04563, -7.49],
						"3.6": [-3.74346, 5.28029, -7.48986],
						"3.8167": [-3.74784, 5.57684, -7.48967],
						"4.0333": [-3.75218, 5.87096, -7.48949],
						"4.1833": [-3.75473, 6.0437, -7.48939],
						"4.2167": [-3.755, 6.06188, -7.48937],
						"4.4333": [-3.755, 6.06187, -7.48937],
						"4.65": [-3.755, 6.06188, -7.48937],
						"4.8667": [-3.755, 6.06188, -7.48937],
						"5.0667": {
							"pre": [-3.755, 6.06188, -7.48937],
							"post": [-3.755, 6.06188, -7.48937],
							"lerp_mode": "catmullrom"
						},
						"5.4167": [-4.5, 7.06938, -6.32],
						"5.8": [-4.89062, 7.50001, -5.70312]
					}
				},
				"lefthand": {
					"rotation": {
						"0.0": {
							"post": [125.93791, 14.90051, -270.77521],
							"lerp_mode": "catmullrom"
						},
						"0.1833": {
							"post": [125.98625, -3.30002, -283.75574],
							"lerp_mode": "catmullrom"
						},
						"0.2": [125.98769, -3.31505, -283.78026],
						"0.4167": [126.01743, -3.62647, -284.2848],
						"0.6333": [126.04917, -3.95882, -284.80738],
						"0.85": [126.08141, -4.29641, -285.32349],
						"1.0667": [126.11391, -4.63669, -285.82941],
						"1.2833": [126.14657, -4.97863, -286.32336],
						"1.5": [126.17933, -5.32169, -286.80409],
						"1.7167": [126.21217, -5.66554, -287.27039],
						"1.9333": [126.24507, -6.00995, -287.72094],
						"2.15": [126.278, -6.35476, -288.1544],
						"2.3667": [126.31095, -6.69983, -288.56896],
						"2.5833": [126.34392, -7.04506, -288.96277],
						"2.8": [126.3769, -7.39034, -289.33346],
						"3.0167": [126.40987, -7.73559, -289.67813],
						"3.2333": [126.44283, -8.08069, -289.9932],
						"3.45": [126.47577, -8.42555, -290.2741],
						"3.6667": [126.50867, -8.77003, -290.51458],
						"3.8833": [126.54152, -9.11398, -290.707],
						"4.1": [126.57429, -9.45718, -290.83964],
						"4.3167": [126.60697, -9.79932, -290.89561],
						"4.5333": [126.6395, -10.13991, -290.84829],
						"4.75": [126.67179, -10.47802, -290.64929],
						"4.9667": [126.70364, -10.81149, -290.19245],
						"5.1833": [126.73411, -11.13055, -289.11768],
						"5.2333": [126.73965, -11.18851, -288.60759],
						"5.25": [126.73455, -11.02258, -288.38457],
						"5.3833": [126.60269, -6.73176, -285.79779],
						"5.5": [126.45743, -2.00517, -282.02129],
						"5.5833": [126.34961, 1.50346, -278.10024],
						"5.6667": [126.24155, 5.01978, -272.82365],
						"5.75": [126.13577, 8.46209, -266.46431],
						"5.7667": [126.11517, 9.13224, -265.30942],
						"5.7833": [126.09486, 9.79337, -264.32983],
						"5.8": [126.07487, 10.44376, -263.60086],
						"5.8167": [126.05528, 11.08132, -263.18004],
						"5.8333": [126.03616, 11.70323, -263.09579],
						"5.85": [126.01764, 12.30603, -263.34419],
						"5.8667": [125.99986, 12.88465, -263.8946],
						"5.8833": [125.98303, 13.43215, -264.70609],
						"5.9": [125.96749, 13.93793, -265.73681],
						"5.9167": [125.95379, 14.38369, -266.94616],
						"5.9333": [125.94301, 14.73458, -268.30136],
						"5.95": [125.93791, 14.90051, -269.77521]
					},
					"position": {
						"0.0": {
							"post": [25.17188, -12.14062, 2.07813],
							"lerp_mode": "catmullrom"
						},
						"0.4": {
							"post": [25.17, -14.81187, 12.31438],
							"lerp_mode": "catmullrom"
						},
						"0.4167": [25.17, -14.81851, 12.3008],
						"0.6333": [25.17, -14.9569, 12.01685],
						"0.85": [25.17, -15.10357, 11.71332],
						"1.0667": [25.17, -15.25147, 11.4049],
						"1.2833": [25.17, -15.39944, 11.09397],
						"1.5": [25.17, -15.547, 10.78151],
						"1.7167": [25.17, -15.69387, 10.46801],
						"1.9333": [25.17, -15.83983, 10.15379],
						"2.15": [25.17, -15.9847, 9.83916],
						"2.3667": [25.17, -16.12828, 9.52401],
						"2.5833": [25.17, -16.27039, 9.20872],
						"2.8": [25.17, -16.41081, 8.89333],
						"3.0167": [25.17, -16.54929, 8.57792],
						"3.2333": [25.17, -16.68549, 8.26261],
						"3.45": [25.17, -16.81904, 7.9475],
						"3.6667": [25.17, -16.94943, 7.63272],
						"3.8833": [25.17, -17.07596, 7.31831],
						"4.1": [25.17, -17.19767, 7.00479],
						"4.3167": [25.17, -17.31312, 6.69214],
						"4.5333": [25.17, -17.41988, 6.38093],
						"4.75": [25.17, -17.51356, 6.07202],
						"4.9667": [25.17, -17.58379, 5.76744],
						"5.1667": [25.17, -17.5922, 5.49732],
						"5.2167": [25.17, -17.55987, 5.43732],
						"5.2333": [25.17, -17.53062, 5.42375],
						"5.25": [25.17001, -17.47364, 5.40124],
						"5.2667": [25.17004, -17.39589, 5.35179],
						"5.2833": [25.17008, -17.29919, 5.28763],
						"5.3": [25.17012, -17.18523, 5.21392],
						"5.3167": [25.17016, -17.05558, 5.13347],
						"5.3333": [25.17021, -16.91169, 5.04795],
						"5.35": [25.17026, -16.75491, 4.95852],
						"5.3667": [25.17031, -16.58652, 4.86595],
						"5.5667": [25.171, -14.06554, 3.64641],
						"5.6333": [25.17123, -13.21213, 3.2311],
						"5.6667": [25.17134, -12.82508, 3.02732],
						"5.6833": [25.1714, -12.64676, 2.92704],
						"5.7": [25.17145, -12.48088, 2.82818],
						"5.7167": [25.17151, -12.32945, 2.73102],
						"5.7333": [25.17156, -12.19486, 2.63592],
						"5.75": [25.17161, -12.07953, 2.54336],
						"5.7667": [25.17166, -11.9864, 2.45392],
						"5.7833": [25.17171, -11.91905, 2.36841],
						"5.8": [25.17176, -11.88134, 2.28795],
						"5.8167": [25.1718, -11.87811, 2.21424],
						"5.8333": [25.17183, -11.91524, 2.15008],
						"5.85": [25.17186, -11.99966, 2.10064],
						"5.8667": [25.17188, -12.14062, 2.07813]
					}
				},
				"lefthand_pos": {
					"rotation": [0, 0, 0],
					"position": [0, 0, 0],
					"scale": [1, 1.5, 1]
				},
				"right_wrist": {
					"rotation": {
						"0.0": [0, 0, 0],
						"0.0167": [-0.02277, -0.1145, -0.16844],
						"0.0333": [-0.0067, -0.35503, -0.72702],
						"0.05": [0.04746, -0.6594, -1.65645],
						"0.0667": [0.1396, -1.00403, -2.93625],
						"0.0833": [0.26876, -1.37654, -4.5449],
						"0.1": [0.43376, -1.76986, -6.46],
						"0.1167": [0.63474, -2.17922, -8.6584],
						"0.1333": [0.8704, -2.60146, -11.11633],
						"0.15": [1.14005, -3.03408, -13.80962],
						"0.1667": [1.4435, -3.47532, -16.71406],
						"0.1833": [1.77928, -3.92378, -19.80487],
						"0.2": [2.14762, -4.37829, -23.05729],
						"0.2167": [2.54692, -4.83791, -26.44707],
						"0.3333": [6.16101, -8.14218, -52.09474],
						"0.4": [8.79901, -10.05687, -66.46833],
						"0.4167": [9.51437, -10.53459, -69.85813],
						"0.4333": [10.24985, -11.01118, -73.13895],
						"0.45": [11.00434, -11.48619, -76.29922],
						"0.4667": [11.77618, -11.95921, -79.32711],
						"0.4833": [12.56378, -12.42975, -82.2143],
						"0.5": [13.36561, -12.89725, -84.95041],
						"0.5167": [14.17938, -13.36114, -87.52725],
						"0.5333": [15.00285, -13.82076, -89.93857],
						"0.55": [15.83334, -14.27527, -92.17772],
						"0.5667": [16.66755, -14.72373, -94.23884],
						"0.5833": [17.50158, -15.16497, -96.11682],
						"0.6": [18.33062, -15.59759, -97.80728],
						"0.6167": [19.14868, -16.01983, -99.30653],
						"0.6333": [19.94802, -16.42919, -100.61154],
						"0.65": [20.71835, -16.82251, -101.71994],
						"0.6667": [21.44575, -17.19502, -102.62995],
						"0.6833": [22.10973, -17.53965, -103.34039],
						"0.7": [22.67965, -17.84402, -103.84635],
						"0.7167": [23.10363, -18.08455, -104.15088],
						"0.7333": [23.2834, -18.19905, -104.2544],
						"0.95": [23.2834, -18.19905, -104.25475],
						"1.1667": [23.2834, -18.19905, -104.25482],
						"1.3833": [23.2834, -18.19905, -104.25483],
						"1.6": [23.2834, -18.19905, -104.25481],
						"1.8167": [23.2834, -18.19905, -104.25477],
						"2.0333": [23.2834, -18.19905, -104.25471],
						"2.25": [23.2834, -18.19905, -104.25464],
						"2.4667": [23.2834, -18.19905, -104.25456],
						"2.6833": [23.2834, -18.19905, -104.25448],
						"2.9": [23.2834, -18.19905, -104.2544],
						"3.1167": [23.2834, -18.19905, -104.25432],
						"3.3333": [23.2834, -18.19905, -104.25424],
						"3.55": [23.2834, -18.19905, -104.25417],
						"3.7667": [23.2834, -18.19905, -104.2541],
						"3.9833": [23.2834, -18.19905, -104.25404],
						"4.2": [23.2834, -18.19905, -104.25399],
						"4.4167": [23.2834, -18.19905, -104.25397],
						"4.6333": [23.2834, -18.19905, -104.25397],
						"4.85": [23.2834, -18.19905, -104.25404],
						"5.0667": [23.2834, -18.19905, -104.25433],
						"5.0833": [23.2834, -18.19905, -104.2544],
						"5.1": [23.12489, -18.08931, -104.15266],
						"5.1167": [22.7652, -17.86442, -103.85639],
						"5.1333": [22.29218, -17.58358, -103.36804],
						"5.15": [21.74753, -17.26811, -102.69136],
						"5.1667": [21.15419, -16.92885, -101.83431],
						"5.1833": [20.52683, -16.57195, -100.8001],
						"5.2": [19.87554, -16.20133, -99.59341],
						"5.2167": [19.20727, -15.81982, -98.22181],
						"5.2333": [18.5274, -15.42946, -96.6906],
						"5.25": [17.83999, -15.03175, -95.00312],
						"5.2667": [17.14827, -14.62782, -93.16724],
						"5.2833": [16.45492, -14.21867, -91.18923],
						"5.3": [15.76216, -13.80511, -89.07515],
						"5.3167": [15.07182, -13.38769, -86.83128],
						"5.3333": [14.38553, -12.96707, -84.46315],
						"5.35": [13.70469, -12.54365, -81.97863],
						"5.3667": [13.03058, -12.11788, -79.38484],
						"5.4333": [10.42238, -10.39832, -68.06526],
						"5.6": [4.81065, -6.08117, -36.18427],
						"5.6667": [3.05048, -4.39394, -23.76477],
						"5.6833": [2.66241, -3.98038, -20.85076],
						"5.7": [2.29676, -3.57123, -18.04514],
						"5.7167": [1.95444, -3.1673, -15.36345],
						"5.7333": [1.63592, -2.76959, -12.82581],
						"5.75": [1.34203, -2.37923, -10.44902],
						"5.7667": [1.07416, -1.99772, -8.25523],
						"5.7833": [0.83289, -1.6271, -6.26559],
						"5.8": [0.61902, -1.2702, -4.50205],
						"5.8167": [0.43354, -0.93094, -2.98926],
						"5.8333": [0.27812, -0.61547, -1.75354],
						"5.85": [0.15333, -0.33463, -0.82374],
						"5.8667": [0.06023, -0.10974, -0.22861],
						"5.8833": [0, 0, 0]
					}
				}
			},
			"sound_effects": {
				"0.0": {
					"effect": "knife_deploy"
				}
			}
		},
		"melee_push": {
			"loop": "hold_on_last_frame",
			"animation_length": 1.0333,
			"bones": {
				"butterfly_knife": {
					"rotation": {
						"0.0": [-1.53104, 22.21813, 86.74067],
						"0.0167": [-344.20283, -20.6172, 273.09404],
						"0.3167": [-344.20283, -20.6172, 273.09404],
						"0.5333": [-344.20283, -20.6172, 273.09404],
						"0.55": [-1.53104, 22.21813, 86.74067]
					},
					"position": {
						"0.0": [1.5, -2.39062, -2.46875],
						"0.0167": [-4.875, -2.39, -4.75125],
						"0.3167": [-4.875, -2.39, -4.75125],
						"0.5333": [-4.875, -2.39, -2.31375],
						"0.55": [1.5, -2.39062, -2.46875]
					}
				},
				"right_wrist": {
					"rotation": {
						"0.0": [0, 0, 0],
						"0.5167": {
							"pre": [-4.74089, 16.86497, -15.95321],
							"post": [-4.74089, 16.86497, -15.95321],
							"lerp_mode": "catmullrom"
						},
						"0.5667": {
							"post": [8.32282, 1.27016, 41.51755],
							"lerp_mode": "catmullrom"
						},
						"0.6667": {
							"post": [8.32282, 1.27016, 41.51755],
							"lerp_mode": "catmullrom"
						},
						"0.8": {
							"post": [7.59543, 3.64123, 24.66692],
							"lerp_mode": "catmullrom"
						},
						"1.0167": [0, 0, 0]
					},
					"position": {
						"0.0": [0, 0, 0],
						"0.5167": {
							"pre": [-3.73437, 0.53125, -1.98437],
							"post": [-3.73437, 0.53125, -1.98437],
							"lerp_mode": "catmullrom"
						},
						"0.5667": {
							"post": [0.7075, -9.29812, 0.27],
							"lerp_mode": "catmullrom"
						},
						"0.6667": {
							"post": [0.7075, -9.29812, 0.27],
							"lerp_mode": "catmullrom"
						},
						"0.8": {
							"post": [1.12938, -4.86062, 0.27],
							"lerp_mode": "catmullrom"
						},
						"0.9167": {
							"post": [0.06688, -2.12625, -0.9175],
							"lerp_mode": "catmullrom"
						},
						"1.0167": [0, 0, 0]
					}
				},
				"righthand": {
					"rotation": [89.22987, -387.17261, -100.62224],
					"position": [-17.99999, -14.70312, 1.60938]
				},
				"righthand_pos": {
					"rotation": [0, 0, 0],
					"position": [0, 0, 0],
					"scale": [1, 1.5, 1]
				},
				"knife": {
					"rotation": {
						"0.0": [-64.04655, -13.7742, 159.10491],
						"0.0167": [-487.57543, 10.2409, -379.87746],
						"0.0333": [-489.74204, 28.00911, -386.73316],
						"0.0833": [-486.16275, 36.86162, -371.42346],
						"0.1167": [-479.36855, 15.70543, -356.40974],
						"0.1833": [-478.73759, 2.52377, -349.33813],
						"0.45": [-478.73759, 2.52377, -349.33813],
						"0.5333": [-478.73759, 2.52377, -349.33813],
						"0.55": [-64.04655, -13.7742, 159.10491],
						"0.6667": [-64.04655, -13.7742, 159.10491]
					},
					"position": {
						"0.0": [-4.89062, 7.50001, -5.70312],
						"0.0167": [-7.17187, 5.65626, -6.06249],
						"0.0333": [-6.95, 6.48, -4.845],
						"0.0833": [-6.28, 6.73063, -6.14312],
						"0.1833": [-7.2175, 6.73, -6.14],
						"0.45": [-7.2175, 6.73, -6.14],
						"0.5333": [-7.2175, 6.73, -6.14],
						"0.55": [-4.89062, 7.50001, -5.70312],
						"0.6667": [-4.89062, 7.50001, -5.70312]
					},
					"scale": 1
				},
				"lefthand": {
					"rotation": {
						"0.0": [125.93791, 14.90051, -270.77521],
						"0.8833": {
							"pre": [137.10437, 5.36637, -266.92287],
							"post": [137.10437, 5.36637, -266.92287],
							"lerp_mode": "catmullrom"
						},
						"1.0167": [125.93791, 14.90051, -270.77521]
					},
					"position": {
						"0.0": {
							"post": [25.17188, -12.14062, 2.07813],
							"lerp_mode": "catmullrom"
						},
						"0.0167": {
							"post": [24.38875, -19.355, 12.93625],
							"lerp_mode": "catmullrom"
						},
						"0.25": {
							"post": [24.38875, -19.355, 12.93625],
							"lerp_mode": "catmullrom"
						},
						"0.55": {
							"post": [24.38875, -19.355, 12.93625],
							"lerp_mode": "catmullrom"
						},
						"0.8833": {
							"post": [26.31251, -12.34374, 5.53126],
							"lerp_mode": "catmullrom"
						},
						"1.0167": {
							"post": [25.17188, -12.14062, 2.07813],
							"lerp_mode": "catmullrom"
						}
					}
				},
				"lefthand_pos": {
					"rotation": [0, 0, 0],
					"position": [0, 0, 0],
					"scale": [1, 1.5, 1]
				},
				"right_elbow": {
					"rotation": {
						"0.0": [0, 0, 0],
						"0.0167": {
							"pre": [81.22492, 65.89455, 53.81846],
							"post": [81.22492, 65.89455, 53.81846],
							"lerp_mode": "catmullrom"
						},
						"0.0667": {
							"post": [3.68569, 62.26696, -14.87804],
							"lerp_mode": "catmullrom"
						},
						"0.0833": {
							"post": [-5.10101, 34.45632, -9.73175],
							"lerp_mode": "catmullrom"
						},
						"0.1": {
							"post": [-3.34422, 6.86454, -9.40388],
							"lerp_mode": "catmullrom"
						},
						"0.1167": {
							"post": [-4.20639, 1.80759, -6.97344],
							"lerp_mode": "catmullrom"
						},
						"0.1667": {
							"post": [-31.14708, -45.36874, 27.2607],
							"lerp_mode": "catmullrom"
						},
						"0.4167": {
							"post": [-57.79646, -62.01781, 64.04874],
							"lerp_mode": "catmullrom"
						},
						"0.55": [-49.89571, -56.97385, 44.44963],
						"0.5667": [0, 0, 0]
					},
					"position": {
						"0.0": [0, 0, 0],
						"0.0167": [0.62, -10.77875, 15.21125],
						"0.0667": [2.5, -3.96375, -7.60499],
						"0.0833": [6.03125, 0.34875, -4.13624],
						"0.1": [7.05, 1.27938, -3.2375],
						"0.1167": [8.07, 2.08313, -2.165],
						"0.1667": [8.1875, 1.52063, -3.02687],
						"0.4167": [10.04688, 2.3175, -3.63624],
						"0.5": [20.63875, -11.44562, 7.23875],
						"0.55": [17.51375, -11.44562, 7.23875],
						"0.5667": [0, 0, 0]
					}
				}
			},
			"sound_effects": {
				"0.0": {
					"effect": "knife_slash"
				}
			}
		},
		"walk_forward": {
			"loop": true,
			"animation_length": 1.0167,
			"blend_weight": "1",
			"bones": {
				"root": {
					"rotation": {
						"0.0": {
							"post": [0, 0, 0],
							"lerp_mode": "catmullrom"
						},
						"0.5": {
							"post": [0, 0, 0],
							"lerp_mode": "catmullrom"
						},
						"1.0": {
							"post": [0, 0, 0],
							"lerp_mode": "catmullrom"
						}
					},
					"position": {
						"0.0": {
							"post": [0, 0, 0],
							"lerp_mode": "catmullrom"
						},
						"0.15": {
							"post": [0.29, 0.11813, -0.03],
							"lerp_mode": "catmullrom"
						},
						"0.3167": {
							"post": [0.35, -0.05, 0.2981],
							"lerp_mode": "catmullrom"
						},
						"0.5": {
							"post": [0, 0, 0],
							"lerp_mode": "catmullrom"
						},
						"0.6833": {
							"post": [-0.29, 0.1181, -0.03],
							"lerp_mode": "catmullrom"
						},
						"0.85": {
							"post": [-0.35, -0.05, 0.2981],
							"lerp_mode": "catmullrom"
						},
						"1.0": {
							"post": [0, 0, 0],
							"lerp_mode": "catmullrom"
						}
					}
				}
			}
		},
		"walk_sideway": {
			"loop": true,
			"animation_length": 1,
			"blend_weight": "2",
			"bones": {
				"root": {
					"rotation": {
						"0.0": {
							"post": [0, 0, 0],
							"lerp_mode": "catmullrom"
						},
						"0.5": {
							"post": [0, 0, 0],
							"lerp_mode": "catmullrom"
						},
						"1.0": {
							"post": [0, 0, 0],
							"lerp_mode": "catmullrom"
						}
					},
					"position": {
						"0.0": {
							"post": [0, 0, 0],
							"lerp_mode": "catmullrom"
						},
						"0.15": {
							"post": [0.15, 0.06, -0.03],
							"lerp_mode": "catmullrom"
						},
						"0.3167": {
							"post": [0.25, -0.03, -0.03],
							"lerp_mode": "catmullrom"
						},
						"0.5": {
							"post": [0, 0, 0],
							"lerp_mode": "catmullrom"
						},
						"0.6833": {
							"post": [-0.15, 0.06, -0.03],
							"lerp_mode": "catmullrom"
						},
						"0.85": {
							"post": [-0.25, -0.03, -0.03],
							"lerp_mode": "catmullrom"
						},
						"1.0": {
							"post": [0, 0, 0],
							"lerp_mode": "catmullrom"
						}
					}
				}
			}
		},
		"walk_backward": {
			"loop": true,
			"animation_length": 1.0167,
			"blend_weight": "1",
			"bones": {
				"root": {
					"rotation": {
						"0.0": {
							"post": [0, 0, 0],
							"lerp_mode": "catmullrom"
						},
						"0.5": {
							"post": [0, 0, 0],
							"lerp_mode": "catmullrom"
						},
						"1.0": {
							"post": [0, 0, 0],
							"lerp_mode": "catmullrom"
						}
					},
					"position": {
						"0.0": {
							"post": [0, 0, 0],
							"lerp_mode": "catmullrom"
						},
						"0.15": {
							"post": [0.29, 0.11813, -0.03],
							"lerp_mode": "catmullrom"
						},
						"0.3167": {
							"post": [0.35, -0.05, 0.2981],
							"lerp_mode": "catmullrom"
						},
						"0.5": {
							"post": [0, 0, 0],
							"lerp_mode": "catmullrom"
						},
						"0.6833": {
							"post": [-0.29, 0.1181, -0.03],
							"lerp_mode": "catmullrom"
						},
						"0.85": {
							"post": [-0.35, -0.05, 0.2981],
							"lerp_mode": "catmullrom"
						},
						"1.0": {
							"post": [0, 0, 0],
							"lerp_mode": "catmullrom"
						}
					}
				}
			}
		},
		"run_start": {
			"loop": "hold_on_last_frame",
			"animation_length": 0.3167,
			"bones": {
				"root": {
					"rotation": {
						"0.0": [0, 0, 0],
						"0.2": [0, 0, 0],
						"0.3167": [0, 0, 0]
					},
					"position": {
						"0.0": [0, 0, 0],
						"0.0167": [0, -0.0061, 0.00524],
						"0.0333": [0, -0.02248, 0.02286],
						"0.05": [0, -0.0469, 0.05305],
						"0.0667": [0, -0.07768, 0.0958],
						"0.0833": [0, -0.11349, 0.15114],
						"0.1": [0, -0.15326, 0.21889],
						"0.1167": [0, -0.19608, 0.29877],
						"0.1333": [0, -0.24118, 0.39032],
						"0.2167": [0, -0.56549, 1.25409],
						"0.2333": [0, -0.60526, 1.38131],
						"0.25": [0, -0.64107, 1.49818],
						"0.2667": [0, -0.67185, 1.59941],
						"0.2833": [0, -0.69627, 1.67918],
						"0.3": [0, -0.71265, 1.73141],
						"0.3167": [0, -0.71875, 1.75]
					}
				}
			}
		},
		"run": {
			"loop": true,
			"animation_length": 0.8,
			"bones": {
				"root": {
					"rotation": {
						"0.0": {
							"post": [0, 0, 0],
							"lerp_mode": "catmullrom"
						},
						"0.1333": {
							"post": [0, 0, 0],
							"lerp_mode": "catmullrom"
						},
						"0.2667": {
							"post": [0, 0, 0],
							"lerp_mode": "catmullrom"
						},
						"0.4": {
							"post": [0, 0, 0],
							"lerp_mode": "catmullrom"
						},
						"0.5333": {
							"post": [0, 0, 0],
							"lerp_mode": "catmullrom"
						},
						"0.6667": {
							"post": [0, 0, 0],
							"lerp_mode": "catmullrom"
						},
						"0.8": {
							"post": [0, 0, 0],
							"lerp_mode": "catmullrom"
						}
					},
					"position": {
						"0.0": {
							"post": [0, -0.71875, 1.75],
							"lerp_mode": "catmullrom"
						},
						"0.1333": {
							"post": [0.3, -0.1959, 1.75],
							"lerp_mode": "catmullrom"
						},
						"0.2667": {
							"post": [0.36, -0.4772, 1.75],
							"lerp_mode": "catmullrom"
						},
						"0.4": {
							"post": [0, -0.71875, 1.75],
							"lerp_mode": "catmullrom"
						},
						"0.5333": {
							"post": [-0.3, -0.1959, 1.75],
							"lerp_mode": "catmullrom"
						},
						"0.6667": {
							"post": [-0.36, -0.4772, 1.75],
							"lerp_mode": "catmullrom"
						},
						"0.8": {
							"post": [0, -0.71875, 1.75],
							"lerp_mode": "catmullrom"
						}
					}
				}
			}
		},
		"run_hold": {
			"loop": "hold_on_last_frame",
			"animation_length": 0.0333,
			"bones": {
				"root": {
					"rotation": [0, 0, 0],
					"position": [0, -0.71875, 1.75]
				}
			}
		},
		"run_end": {
			"loop": "hold_on_last_frame",
			"animation_length": 0.3667,
			"bones": {
				"root": {
					"rotation": [0, 0, 0],
					"position": {
						"0.0": [0.375, -0.39187, 1.75],
						"0.0167": [0.37187, -0.3877, 1.73457],
						"0.0333": [0.3636, -0.37764, 1.69971],
						"0.05": [0.35143, -0.36116, 1.64513],
						"0.0667": [0.33626, -0.33815, 1.57127],
						"0.0833": [0.31873, -0.30915, 1.47931],
						"0.1": [0.29936, -0.27553, 1.37135],
						"0.1833": [0.1875, -0.10755, 0.71818],
						"0.2167": [0.14095, -0.06203, 0.47775],
						"0.2333": [0.1183, -0.04463, 0.37373],
						"0.25": [0.09643, -0.03046, 0.28223],
						"0.2667": [0.07564, -0.01924, 0.20388],
						"0.2833": [0.05627, -0.01068, 0.13876],
						"0.3": [0.03874, -0.00455, 0.08673],
						"0.3167": [0.02357, -0.0006, 0.04739],
						"0.3333": [0.0114, 0.00135, 0.02022],
						"0.35": [0.00313, 0.0015, 0.00464],
						"0.3667": [0, 0, 0]
					}
				}
			}
		}
	}
}