{
	"format_version": "1.12.0",
	"minecraft:geometry": [
		{
			"description": {
				"identifier": "geometry.unknown",
				"texture_width": 32,
				"texture_height": 32,
				"visible_bounds_width": 2,
				"visible_bounds_height": 1.5,
				"visible_bounds_offset": [0, 0.25, 0]
			},
			"bones": [
				{
					"name": "m4a1_silencer",
					"pivot": [0, 0.03125, 0.01563]
				},
				{
					"name": "hexadecagon",
					"parent": "m4a1_silencer",
					"pivot": [0.5, -0.46875, -1.54687],
					"cubes": [
						{
							"origin": [-0.07658, -0.35375, -0.32812],
							"size": [0.15316, 0.2, 0.28125],
							"pivot": [0, 0.03125, -1.04687],
							"rotation": [0, 0, -45],
							"uv": {
								"north": {"uv": [0, 0], "uv_size": [1, 1]},
								"east": {"uv": [0, 0], "uv_size": [1, 1]},
								"south": {"uv": [0, 0], "uv_size": [1, 1]},
								"west": {"uv": [0, 0], "uv_size": [1, 1]},
								"up": {"uv": [1, 1], "uv_size": [-1, -1]},
								"down": {"uv": [1, 1], "uv_size": [-1, -1]}
							}
						},
						{
							"origin": [-0.07658, -0.35375, -0.32812],
							"size": [0.15316, 0.2, 0.28125],
							"pivot": [0, 0.03125, -1.04687],
							"rotation": [0, 0, -22.5],
							"uv": {
								"north": {"uv": [0, 0], "uv_size": [1, 1]},
								"east": {"uv": [0, 0], "uv_size": [1, 1]},
								"south": {"uv": [0, 0], "uv_size": [1, 1]},
								"west": {"uv": [0, 0], "uv_size": [1, 1]},
								"up": {"uv": [1, 1], "uv_size": [-1, -1]},
								"down": {"uv": [1, 1], "uv_size": [-1, -1]}
							}
						},
						{
							"origin": [-0.07658, -0.35375, -0.32812],
							"size": [0.15316, 0.2, 0.28125],
							"uv": {
								"north": {"uv": [0, 0], "uv_size": [1, 1]},
								"east": {"uv": [0, 0], "uv_size": [1, 1]},
								"south": {"uv": [0, 0], "uv_size": [1, 1]},
								"west": {"uv": [0, 0], "uv_size": [1, 1]},
								"up": {"uv": [1, 1], "uv_size": [-1, -1]},
								"down": {"uv": [1, 1], "uv_size": [-1, -1]}
							}
						},
						{
							"origin": [-0.07658, -0.35375, -0.32812],
							"size": [0.15316, 0.2, 0.28125],
							"pivot": [0, 0.03125, -1.04687],
							"rotation": [0, 0, 22.5],
							"uv": {
								"north": {"uv": [0, 0], "uv_size": [1, 1]},
								"east": {"uv": [0, 0], "uv_size": [1, 1]},
								"south": {"uv": [0, 0], "uv_size": [1, 1]},
								"west": {"uv": [0, 0], "uv_size": [1, 1]},
								"up": {"uv": [1, 1], "uv_size": [-1, -1]},
								"down": {"uv": [1, 1], "uv_size": [-1, -1]}
							}
						},
						{
							"origin": [-0.07658, -0.35375, -0.32812],
							"size": [0.15316, 0.2, 0.28125],
							"pivot": [0, 0.03125, -1.04687],
							"rotation": [0, 0, 45],
							"uv": {
								"north": {"uv": [0, 0], "uv_size": [1, 1]},
								"east": {"uv": [0, 0], "uv_size": [1, 1]},
								"south": {"uv": [0, 0], "uv_size": [1, 1]},
								"west": {"uv": [0, 0], "uv_size": [1, 1]},
								"up": {"uv": [1, 1], "uv_size": [-1, -1]},
								"down": {"uv": [1, 1], "uv_size": [-1, -1]}
							}
						},
						{
							"origin": [-0.07658, 0.21625, -0.32812],
							"size": [0.15316, 0.2, 0.28125],
							"pivot": [0, 0.03125, -1.04687],
							"rotation": [0, 0, -45],
							"uv": {
								"north": {"uv": [0, 0], "uv_size": [1, 1]},
								"east": {"uv": [0, 0], "uv_size": [1, 1]},
								"south": {"uv": [0, 0], "uv_size": [1, 1]},
								"west": {"uv": [0, 0], "uv_size": [1, 1]},
								"up": {"uv": [1, 1], "uv_size": [-1, -1]},
								"down": {"uv": [1, 1], "uv_size": [-1, -1]}
							}
						},
						{
							"origin": [-0.07658, 0.21625, -0.32812],
							"size": [0.15316, 0.2, 0.28125],
							"pivot": [0, 0.03125, -1.04687],
							"rotation": [0, 0, -22.5],
							"uv": {
								"north": {"uv": [0, 0], "uv_size": [1, 1]},
								"east": {"uv": [0, 0], "uv_size": [1, 1]},
								"south": {"uv": [0, 0], "uv_size": [1, 1]},
								"west": {"uv": [0, 0], "uv_size": [1, 1]},
								"up": {"uv": [1, 1], "uv_size": [-1, -1]},
								"down": {"uv": [1, 1], "uv_size": [-1, -1]}
							}
						},
						{
							"origin": [-0.07658, 0.21625, -0.32812],
							"size": [0.15316, 0.2, 0.28125],
							"uv": {
								"north": {"uv": [0, 0], "uv_size": [1, 1]},
								"east": {"uv": [0, 0], "uv_size": [1, 1]},
								"south": {"uv": [0, 0], "uv_size": [1, 1]},
								"west": {"uv": [0, 0], "uv_size": [1, 1]},
								"up": {"uv": [1, 1], "uv_size": [-1, -1]},
								"down": {"uv": [1, 1], "uv_size": [-1, -1]}
							}
						},
						{
							"origin": [-0.07658, 0.21625, -0.32812],
							"size": [0.15316, 0.2, 0.28125],
							"pivot": [0, 0.03125, -1.04687],
							"rotation": [0, 0, 22.5],
							"uv": {
								"north": {"uv": [0, 0], "uv_size": [1, 1]},
								"east": {"uv": [0, 0], "uv_size": [1, 1]},
								"south": {"uv": [0, 0], "uv_size": [1, 1]},
								"west": {"uv": [0, 0], "uv_size": [1, 1]},
								"up": {"uv": [1, 1], "uv_size": [-1, -1]},
								"down": {"uv": [1, 1], "uv_size": [-1, -1]}
							}
						},
						{
							"origin": [-0.07658, 0.21625, -0.32812],
							"size": [0.15316, 0.2, 0.28125],
							"pivot": [0, 0.03125, -1.04687],
							"rotation": [0, 0, 45],
							"uv": {
								"north": {"uv": [0, 0], "uv_size": [1, 1]},
								"east": {"uv": [0, 0], "uv_size": [1, 1]},
								"south": {"uv": [0, 0], "uv_size": [1, 1]},
								"west": {"uv": [0, 0], "uv_size": [1, 1]},
								"up": {"uv": [1, 1], "uv_size": [-1, -1]},
								"down": {"uv": [1, 1], "uv_size": [-1, -1]}
							}
						},
						{
							"origin": [0.185, -0.04533, -0.32812],
							"size": [0.2, 0.15316, 0.28125],
							"pivot": [0, 0.03125, -1.04687],
							"rotation": [0, 0, -22.5],
							"uv": {
								"north": {"uv": [0, 0], "uv_size": [1, 1]},
								"east": {"uv": [0, 0], "uv_size": [1, 1]},
								"south": {"uv": [0, 0], "uv_size": [1, 1]},
								"west": {"uv": [0, 0], "uv_size": [1, 1]},
								"up": {"uv": [1, 1], "uv_size": [-1, -1]},
								"down": {"uv": [1, 1], "uv_size": [-1, -1]}
							}
						},
						{
							"origin": [0.185, -0.04533, -0.32812],
							"size": [0.2, 0.15316, 0.28125],
							"uv": {
								"north": {"uv": [0, 0], "uv_size": [1, 1]},
								"east": {"uv": [0, 0], "uv_size": [1, 1]},
								"south": {"uv": [0, 0], "uv_size": [1, 1]},
								"west": {"uv": [0, 0], "uv_size": [1, 1]},
								"up": {"uv": [1, 1], "uv_size": [-1, -1]},
								"down": {"uv": [1, 1], "uv_size": [-1, -1]}
							}
						},
						{
							"origin": [0.185, -0.04533, -0.32812],
							"size": [0.2, 0.15316, 0.28125],
							"pivot": [0, 0.03125, -1.04687],
							"rotation": [0, 0, 22.5],
							"uv": {
								"north": {"uv": [0, 0], "uv_size": [1, 1]},
								"east": {"uv": [0, 0], "uv_size": [1, 1]},
								"south": {"uv": [0, 0], "uv_size": [1, 1]},
								"west": {"uv": [0, 0], "uv_size": [1, 1]},
								"up": {"uv": [1, 1], "uv_size": [-1, -1]},
								"down": {"uv": [1, 1], "uv_size": [-1, -1]}
							}
						},
						{
							"origin": [-0.385, -0.04533, -0.32812],
							"size": [0.2, 0.15316, 0.28125],
							"pivot": [0, 0.03125, -1.04687],
							"rotation": [0, 0, -22.5],
							"uv": {
								"north": {"uv": [0, 0], "uv_size": [1, 1]},
								"east": {"uv": [0, 0], "uv_size": [1, 1]},
								"south": {"uv": [0, 0], "uv_size": [1, 1]},
								"west": {"uv": [0, 0], "uv_size": [1, 1]},
								"up": {"uv": [1, 1], "uv_size": [-1, -1]},
								"down": {"uv": [1, 1], "uv_size": [-1, -1]}
							}
						},
						{
							"origin": [-0.385, -0.04533, -0.32812],
							"size": [0.2, 0.15316, 0.28125],
							"uv": {
								"north": {"uv": [0, 0], "uv_size": [1, 1]},
								"east": {"uv": [0, 0], "uv_size": [1, 1]},
								"south": {"uv": [0, 0], "uv_size": [1, 1]},
								"west": {"uv": [0, 0], "uv_size": [1, 1]},
								"up": {"uv": [1, 1], "uv_size": [-1, -1]},
								"down": {"uv": [1, 1], "uv_size": [-1, -1]}
							}
						},
						{
							"origin": [-0.385, -0.04533, -0.32812],
							"size": [0.2, 0.15316, 0.28125],
							"pivot": [0, 0.03125, -1.04687],
							"rotation": [0, 0, 22.5],
							"uv": {
								"north": {"uv": [0, 0], "uv_size": [1, 1]},
								"east": {"uv": [0, 0], "uv_size": [1, 1]},
								"south": {"uv": [0, 0], "uv_size": [1, 1]},
								"west": {"uv": [0, 0], "uv_size": [1, 1]},
								"up": {"uv": [1, 1], "uv_size": [-1, -1]},
								"down": {"uv": [1, 1], "uv_size": [-1, -1]}
							}
						}
					]
				},
				{
					"name": "hexadecagon2",
					"parent": "m4a1_silencer",
					"pivot": [0.5, 9.10938, -16.78125],
					"cubes": [
						{
							"origin": [-0.08155, -0.37875, -2.11328],
							"size": [0.16311, 0.2, 2],
							"pivot": [0, 0.03125, -1.11328],
							"rotation": [0, 0, -45],
							"uv": {
								"north": {"uv": [29, 27], "uv_size": [0.25, 0.25]},
								"east": {"uv": [19, 9], "uv_size": [2, 0.25]},
								"south": {"uv": [28, 29], "uv_size": [0.25, 0.25]},
								"west": {"uv": [19, 10], "uv_size": [2, 0.25]},
								"up": {"uv": [19, 11], "uv_size": [0.25, 2]},
								"down": {"uv": [19, 15], "uv_size": [0.25, -2]}
							}
						},
						{
							"origin": [-0.08155, -0.37875, -2.11328],
							"size": [0.16311, 0.2, 2],
							"pivot": [0, 0.03125, -1.11328],
							"rotation": [0, 0, -22.5],
							"uv": {
								"north": {"uv": [29, 28], "uv_size": [0.25, 0.25]},
								"east": {"uv": [19, 15], "uv_size": [2, 0.25]},
								"south": {"uv": [29, 29], "uv_size": [0.25, 0.25]},
								"west": {"uv": [18, 19], "uv_size": [2, 0.25]},
								"up": {"uv": [20, 11], "uv_size": [0.25, 2]},
								"down": {"uv": [20, 15], "uv_size": [0.25, -2]}
							}
						},
						{
							"origin": [-0.08155, -0.37875, -2.11328],
							"size": [0.16311, 0.2, 2],
							"uv": {
								"north": {"uv": [0, 30], "uv_size": [0.25, 0.25]},
								"east": {"uv": [18, 20], "uv_size": [2, 0.25]},
								"south": {"uv": [30, 0], "uv_size": [0.25, 0.25]},
								"west": {"uv": [20, 19], "uv_size": [2, 0.25]},
								"up": {"uv": [20, 20], "uv_size": [0.25, 2]},
								"down": {"uv": [21, 11], "uv_size": [0.25, -2]}
							}
						},
						{
							"origin": [-0.08155, -0.37875, -2.11328],
							"size": [0.16311, 0.2, 2],
							"pivot": [0, 0.03125, -1.11328],
							"rotation": [0, 0, 22.5],
							"uv": {
								"north": {"uv": [1, 30], "uv_size": [0.25, 0.25]},
								"east": {"uv": [21, 11], "uv_size": [2, 0.25]},
								"south": {"uv": [30, 1], "uv_size": [0.25, 0.25]},
								"west": {"uv": [21, 12], "uv_size": [2, 0.25]},
								"up": {"uv": [21, 13], "uv_size": [0.25, 2]},
								"down": {"uv": [18, 23], "uv_size": [0.25, -2]}
							}
						},
						{
							"origin": [-0.08155, -0.37875, -2.11328],
							"size": [0.16311, 0.2, 2],
							"pivot": [0, 0.03125, -1.11328],
							"rotation": [0, 0, 45],
							"uv": {
								"north": {"uv": [2, 30], "uv_size": [0.25, 0.25]},
								"east": {"uv": [21, 15], "uv_size": [2, 0.25]},
								"south": {"uv": [30, 2], "uv_size": [0.25, 0.25]},
								"west": {"uv": [21, 20], "uv_size": [2, 0.25]},
								"up": {"uv": [19, 21], "uv_size": [0.25, 2]},
								"down": {"uv": [21, 23], "uv_size": [0.25, -2]}
							}
						},
						{
							"origin": [-0.08155, 0.24125, -2.11328],
							"size": [0.16311, 0.2, 2],
							"pivot": [0, 0.03125, -1.11328],
							"rotation": [0, 0, -45],
							"uv": {
								"north": {"uv": [3, 30], "uv_size": [0.25, 0.25]},
								"east": {"uv": [22, 9], "uv_size": [2, 0.25]},
								"south": {"uv": [30, 3], "uv_size": [0.25, 0.25]},
								"west": {"uv": [22, 10], "uv_size": [2, 0.25]},
								"up": {"uv": [22, 13], "uv_size": [0.25, 2]},
								"down": {"uv": [20, 24], "uv_size": [0.25, -2]}
							}
						},
						{
							"origin": [-0.08155, 0.24125, -2.11328],
							"size": [0.16311, 0.2, 2],
							"pivot": [0, 0.03125, -1.11328],
							"rotation": [0, 0, -22.5],
							"uv": {
								"north": {"uv": [4, 30], "uv_size": [0.25, 0.25]},
								"east": {"uv": [22, 19], "uv_size": [2, 0.25]},
								"south": {"uv": [30, 4], "uv_size": [0.25, 0.25]},
								"west": {"uv": [22, 21], "uv_size": [2, 0.25]},
								"up": {"uv": [22, 22], "uv_size": [0.25, 2]},
								"down": {"uv": [23, 13], "uv_size": [0.25, -2]}
							}
						},
						{
							"origin": [-0.08155, 0.24125, -2.11328],
							"size": [0.16311, 0.2, 2],
							"uv": {
								"north": {"uv": [5, 30], "uv_size": [0.25, 0.25]},
								"east": {"uv": [23, 13], "uv_size": [2, 0.25]},
								"south": {"uv": [30, 5], "uv_size": [0.25, 0.25]},
								"west": {"uv": [23, 14], "uv_size": [2, 0.25]},
								"up": {"uv": [18, 23], "uv_size": [0.25, 2]},
								"down": {"uv": [19, 25], "uv_size": [0.25, -2]}
							}
						},
						{
							"origin": [-0.08155, 0.24125, -2.11328],
							"size": [0.16311, 0.2, 2],
							"pivot": [0, 0.03125, -1.11328],
							"rotation": [0, 0, 22.5],
							"uv": {
								"north": {"uv": [6, 30], "uv_size": [0.25, 0.25]},
								"east": {"uv": [23, 15], "uv_size": [2, 0.25]},
								"south": {"uv": [30, 6], "uv_size": [0.25, 0.25]},
								"west": {"uv": [23, 20], "uv_size": [2, 0.25]},
								"up": {"uv": [21, 23], "uv_size": [0.25, 2]},
								"down": {"uv": [23, 24], "uv_size": [0.25, -2]}
							}
						},
						{
							"origin": [-0.08155, 0.24125, -2.11328],
							"size": [0.16311, 0.2, 2],
							"pivot": [0, 0.03125, -1.11328],
							"rotation": [0, 0, 45],
							"uv": {
								"north": {"uv": [7, 30], "uv_size": [0.25, 0.25]},
								"east": {"uv": [24, 9], "uv_size": [2, 0.25]},
								"south": {"uv": [30, 7], "uv_size": [0.25, 0.25]},
								"west": {"uv": [24, 10], "uv_size": [2, 0.25]},
								"up": {"uv": [24, 11], "uv_size": [0.25, 2]},
								"down": {"uv": [16, 26], "uv_size": [0.25, -2]}
							}
						},
						{
							"origin": [0.21, -0.0503, -2.11328],
							"size": [0.2, 0.16311, 2],
							"pivot": [0, 0.03125, -1.11328],
							"rotation": [0, 0, -22.5],
							"uv": {
								"north": {"uv": [8, 30], "uv_size": [0.25, 0.25]},
								"east": {"uv": [24, 19], "uv_size": [2, 0.25]},
								"south": {"uv": [30, 8], "uv_size": [0.25, 0.25]},
								"west": {"uv": [24, 21], "uv_size": [2, 0.25]},
								"up": {"uv": [17, 24], "uv_size": [0.25, 2]},
								"down": {"uv": [20, 26], "uv_size": [0.25, -2]}
							}
						},
						{
							"origin": [0.21, -0.0503, -2.11328],
							"size": [0.2, 0.16311, 2],
							"uv": {
								"north": {"uv": [9, 30], "uv_size": [0.25, 0.25]},
								"east": {"uv": [22, 24], "uv_size": [2, 0.25]},
								"south": {"uv": [30, 9], "uv_size": [0.25, 0.25]},
								"west": {"uv": [24, 22], "uv_size": [2, 0.25]},
								"up": {"uv": [24, 23], "uv_size": [0.25, 2]},
								"down": {"uv": [25, 13], "uv_size": [0.25, -2]}
							}
						},
						{
							"origin": [0.21, -0.0503, -2.11328],
							"size": [0.2, 0.16311, 2],
							"pivot": [0, 0.03125, -1.11328],
							"rotation": [0, 0, 22.5],
							"uv": {
								"north": {"uv": [10, 30], "uv_size": [0.25, 0.25]},
								"east": {"uv": [25, 13], "uv_size": [2, 0.25]},
								"south": {"uv": [30, 10], "uv_size": [0.25, 0.25]},
								"west": {"uv": [25, 14], "uv_size": [2, 0.25]},
								"up": {"uv": [18, 25], "uv_size": [0.25, 2]},
								"down": {"uv": [19, 27], "uv_size": [0.25, -2]}
							}
						},
						{
							"origin": [-0.41, -0.0503, -2.11328],
							"size": [0.2, 0.16311, 2],
							"pivot": [0, 0.03125, -1.11328],
							"rotation": [0, 0, -22.5],
							"uv": {
								"north": {"uv": [11, 30], "uv_size": [0.25, 0.25]},
								"east": {"uv": [25, 15], "uv_size": [2, 0.25]},
								"south": {"uv": [30, 11], "uv_size": [0.25, 0.25]},
								"west": {"uv": [25, 20], "uv_size": [2, 0.25]},
								"up": {"uv": [21, 25], "uv_size": [0.25, 2]},
								"down": {"uv": [22, 27], "uv_size": [0.25, -2]}
							}
						},
						{
							"origin": [-0.41, -0.0503, -2.11328],
							"size": [0.2, 0.16311, 2],
							"uv": {
								"north": {"uv": [12, 30], "uv_size": [0.25, 0.25]},
								"east": {"uv": [23, 25], "uv_size": [2, 0.25]},
								"south": {"uv": [30, 12], "uv_size": [0.25, 0.25]},
								"west": {"uv": [25, 23], "uv_size": [2, 0.25]},
								"up": {"uv": [25, 24], "uv_size": [0.25, 2]},
								"down": {"uv": [0, 28], "uv_size": [0.25, -2]}
							}
						},
						{
							"origin": [-0.41, -0.0503, -2.11328],
							"size": [0.2, 0.16311, 2],
							"pivot": [0, 0.03125, -1.11328],
							"rotation": [0, 0, 22.5],
							"uv": {
								"north": {"uv": [13, 30], "uv_size": [0.25, 0.25]},
								"east": {"uv": [1, 26], "uv_size": [2, 0.25]},
								"south": {"uv": [30, 13], "uv_size": [0.25, 0.25]},
								"west": {"uv": [3, 26], "uv_size": [2, 0.25]},
								"up": {"uv": [5, 26], "uv_size": [0.25, 2]},
								"down": {"uv": [6, 28], "uv_size": [0.25, -2]}
							}
						}
					]
				},
				{
					"name": "hexadecagon3",
					"parent": "m4a1_silencer",
					"pivot": [0.5, 9.10938, -17.1875],
					"cubes": [
						{
							"origin": [-0.14521, -0.69875, -2.25391],
							"size": [0.29041, 1.46, 2],
							"pivot": [0, 0.03125, -1.25391],
							"rotation": [0, 0, -45],
							"uv": {
								"north": {"uv": [17, 26], "uv_size": [0.25, 1.5]},
								"east": {"uv": [12, 10], "uv_size": [2, 1.5]},
								"south": {"uv": [20, 26], "uv_size": [0.25, 1.5]},
								"west": {"uv": [12, 12], "uv_size": [2, 1.5]},
								"up": {"uv": [7, 26], "uv_size": [0.25, 2]},
								"down": {"uv": [8, 28], "uv_size": [0.25, -2]}
							}
						},
						{
							"origin": [-0.14521, -0.69875, -2.25391],
							"size": [0.29041, 1.46, 2],
							"pivot": [0, 0.03125, -1.25391],
							"rotation": [0, 0, -22.5],
							"uv": {
								"north": {"uv": [23, 26], "uv_size": [0.25, 1.5]},
								"east": {"uv": [14, 10], "uv_size": [2, 1.5]},
								"south": {"uv": [24, 26], "uv_size": [0.25, 1.5]},
								"west": {"uv": [12, 14], "uv_size": [2, 1.5]},
								"up": {"uv": [9, 26], "uv_size": [0.25, 2]},
								"down": {"uv": [26, 11], "uv_size": [0.25, -2]}
							}
						},
						{
							"origin": [-0.14521, -0.69875, -2.25391],
							"size": [0.29041, 1.46, 2],
							"uv": {
								"north": {"uv": [26, 24], "uv_size": [0.25, 1.5]},
								"east": {"uv": [14, 12], "uv_size": [2, 1.5]},
								"south": {"uv": [25, 26], "uv_size": [0.25, 1.5]},
								"west": {"uv": [14, 14], "uv_size": [2, 1.5]},
								"up": {"uv": [10, 26], "uv_size": [0.25, 2]},
								"down": {"uv": [11, 28], "uv_size": [0.25, -2]}
							}
						},
						{
							"origin": [-0.14521, -0.69875, -2.25391],
							"size": [0.29041, 1.46, 2],
							"pivot": [0, 0.03125, -1.25391],
							"rotation": [0, 0, 22.5],
							"uv": {
								"north": {"uv": [26, 26], "uv_size": [0.25, 1.5]},
								"east": {"uv": [16, 0], "uv_size": [2, 1.5]},
								"south": {"uv": [27, 0], "uv_size": [0.25, 1.5]},
								"west": {"uv": [16, 2], "uv_size": [2, 1.5]},
								"up": {"uv": [26, 11], "uv_size": [0.25, 2]},
								"down": {"uv": [12, 28], "uv_size": [0.25, -2]}
							}
						},
						{
							"origin": [-0.14521, -0.69875, -2.25391],
							"size": [0.29041, 1.46, 2],
							"pivot": [0, 0.03125, -1.25391],
							"rotation": [0, 0, 45],
							"uv": {
								"north": {"uv": [1, 27], "uv_size": [0.25, 1.5]},
								"east": {"uv": [16, 4], "uv_size": [2, 1.5]},
								"south": {"uv": [2, 27], "uv_size": [0.25, 1.5]},
								"west": {"uv": [16, 6], "uv_size": [2, 1.5]},
								"up": {"uv": [13, 26], "uv_size": [0.25, 2]},
								"down": {"uv": [14, 28], "uv_size": [0.25, -2]}
							}
						},
						{
							"origin": [-0.73, -0.11396, -2.25391],
							"size": [1.46, 0.29041, 2],
							"pivot": [0, 0.03125, -1.25391],
							"rotation": [0, 0, -22.5],
							"uv": {
								"north": {"uv": [26, 22], "uv_size": [1.5, 0.25]},
								"east": {"uv": [15, 26], "uv_size": [2, 0.25]},
								"south": {"uv": [27, 2], "uv_size": [1.5, 0.25]},
								"west": {"uv": [26, 16], "uv_size": [2, 0.25]},
								"up": {"uv": [16, 8], "uv_size": [1.5, 2]},
								"down": {"uv": [16, 12], "uv_size": [1.5, -2]}
							}
						},
						{
							"origin": [-0.73, -0.11396, -2.25391],
							"size": [1.46, 0.29041, 2],
							"uv": {
								"north": {"uv": [3, 27], "uv_size": [1.5, 0.25]},
								"east": {"uv": [26, 17], "uv_size": [2, 0.25]},
								"south": {"uv": [27, 3], "uv_size": [1.5, 0.25]},
								"west": {"uv": [26, 18], "uv_size": [2, 0.25]},
								"up": {"uv": [12, 16], "uv_size": [1.5, 2]},
								"down": {"uv": [16, 14], "uv_size": [1.5, -2]}
							}
						},
						{
							"origin": [-0.73, -0.11396, -2.25391],
							"size": [1.46, 0.29041, 2],
							"pivot": [0, 0.03125, -1.25391],
							"rotation": [0, 0, 22.5],
							"uv": {
								"north": {"uv": [27, 4], "uv_size": [1.5, 0.25]},
								"east": {"uv": [26, 19], "uv_size": [2, 0.25]},
								"south": {"uv": [27, 5], "uv_size": [1.5, 0.25]},
								"west": {"uv": [26, 21], "uv_size": [2, 0.25]},
								"up": {"uv": [14, 16], "uv_size": [1.5, 2]},
								"down": {"uv": [16, 16], "uv_size": [1.5, -2]}
							}
						}
					]
				},
				{
					"name": "hexadecagon4",
					"parent": "m4a1_silencer",
					"pivot": [0.5, 9.10938, -16.98437],
					"cubes": [
						{
							"origin": [-0.16908, -0.81875, -8.22266],
							"size": [0.33815, 0.69, 7.90625],
							"pivot": [0, 0.03125, -1.31641],
							"rotation": [0, 0, -45],
							"uv": {
								"north": {"uv": [27, 6], "uv_size": [0.25, 0.75]},
								"east": {"uv": [0, 0], "uv_size": [8, 0.75]},
								"south": {"uv": [27, 7], "uv_size": [0.25, 0.75]},
								"west": {"uv": [0, 1], "uv_size": [8, 0.75]},
								"up": {"uv": [16, 16], "uv_size": [0.25, 8]},
								"down": {"uv": [17, 24], "uv_size": [0.25, -8]}
							}
						},
						{
							"origin": [-0.16908, -0.81875, -8.22266],
							"size": [0.33815, 0.69, 7.90625],
							"pivot": [0, 0.03125, -1.31641],
							"rotation": [0, 0, -22.5],
							"uv": {
								"north": {"uv": [27, 8], "uv_size": [0.25, 0.75]},
								"east": {"uv": [0, 2], "uv_size": [8, 0.75]},
								"south": {"uv": [27, 9], "uv_size": [0.25, 0.75]},
								"west": {"uv": [0, 3], "uv_size": [8, 0.75]},
								"up": {"uv": [0, 18], "uv_size": [0.25, 8]},
								"down": {"uv": [18, 8], "uv_size": [0.25, -8]}
							}
						},
						{
							"origin": [-0.16908, -0.81875, -8.22266],
							"size": [0.33815, 0.69, 7.90625],
							"uv": {
								"north": {"uv": [27, 10], "uv_size": [0.25, 0.75]},
								"east": {"uv": [0, 4], "uv_size": [8, 0.75]},
								"south": {"uv": [27, 11], "uv_size": [0.25, 0.75]},
								"west": {"uv": [0, 5], "uv_size": [8, 0.75]},
								"up": {"uv": [1, 18], "uv_size": [0.25, 8]},
								"down": {"uv": [2, 26], "uv_size": [0.25, -8]}
							}
						},
						{
							"origin": [-0.16908, -0.81875, -8.22266],
							"size": [0.33815, 0.69, 7.90625],
							"pivot": [0, 0.03125, -1.31641],
							"rotation": [0, 0, 22.5],
							"uv": {
								"north": {"uv": [27, 12], "uv_size": [0.25, 0.75]},
								"east": {"uv": [0, 6], "uv_size": [8, 0.75]},
								"south": {"uv": [27, 13], "uv_size": [0.25, 0.75]},
								"west": {"uv": [0, 7], "uv_size": [8, 0.75]},
								"up": {"uv": [3, 18], "uv_size": [0.25, 8]},
								"down": {"uv": [4, 26], "uv_size": [0.25, -8]}
							}
						},
						{
							"origin": [-0.16908, -0.81875, -8.22266],
							"size": [0.33815, 0.69, 7.90625],
							"pivot": [0, 0.03125, -1.31641],
							"rotation": [0, 0, 45],
							"uv": {
								"north": {"uv": [27, 14], "uv_size": [0.25, 0.75]},
								"east": {"uv": [0, 8], "uv_size": [8, 0.75]},
								"south": {"uv": [15, 27], "uv_size": [0.25, 0.75]},
								"west": {"uv": [8, 0], "uv_size": [8, 0.75]},
								"up": {"uv": [5, 18], "uv_size": [0.25, 8]},
								"down": {"uv": [6, 26], "uv_size": [0.25, -8]}
							}
						},
						{
							"origin": [-0.16908, 0.19125, -8.22266],
							"size": [0.33815, 0.69, 7.90625],
							"pivot": [0, 0.03125, -1.31641],
							"rotation": [0, 0, -45],
							"uv": {
								"north": {"uv": [27, 15], "uv_size": [0.25, 0.75]},
								"east": {"uv": [8, 1], "uv_size": [8, 0.75]},
								"south": {"uv": [16, 27], "uv_size": [0.25, 0.75]},
								"west": {"uv": [8, 2], "uv_size": [8, 0.75]},
								"up": {"uv": [7, 18], "uv_size": [0.25, 8]},
								"down": {"uv": [8, 26], "uv_size": [0.25, -8]}
							}
						},
						{
							"origin": [-0.16908, 0.19125, -8.22266],
							"size": [0.33815, 0.69, 7.90625],
							"pivot": [0, 0.03125, -1.31641],
							"rotation": [0, 0, -22.5],
							"uv": {
								"north": {"uv": [18, 27], "uv_size": [0.25, 0.75]},
								"east": {"uv": [8, 3], "uv_size": [8, 0.75]},
								"south": {"uv": [19, 27], "uv_size": [0.25, 0.75]},
								"west": {"uv": [8, 4], "uv_size": [8, 0.75]},
								"up": {"uv": [18, 8], "uv_size": [0.25, 8]},
								"down": {"uv": [9, 26], "uv_size": [0.25, -8]}
							}
						},
						{
							"origin": [-0.16908, 0.19125, -8.22266],
							"size": [0.33815, 0.69, 7.90625],
							"uv": {
								"north": {"uv": [27, 20], "uv_size": [0.25, 0.75]},
								"east": {"uv": [8, 5], "uv_size": [8, 0.75]},
								"south": {"uv": [21, 27], "uv_size": [0.25, 0.75]},
								"west": {"uv": [8, 6], "uv_size": [8, 0.75]},
								"up": {"uv": [10, 18], "uv_size": [0.25, 8]},
								"down": {"uv": [11, 26], "uv_size": [0.25, -8]}
							}
						},
						{
							"origin": [-0.16908, 0.19125, -8.22266],
							"size": [0.33815, 0.69, 7.90625],
							"pivot": [0, 0.03125, -1.31641],
							"rotation": [0, 0, 22.5],
							"uv": {
								"north": {"uv": [22, 27], "uv_size": [0.25, 0.75]},
								"east": {"uv": [8, 7], "uv_size": [8, 0.75]},
								"south": {"uv": [27, 23], "uv_size": [0.25, 0.75]},
								"west": {"uv": [8, 8], "uv_size": [8, 0.75]},
								"up": {"uv": [12, 18], "uv_size": [0.25, 8]},
								"down": {"uv": [13, 26], "uv_size": [0.25, -8]}
							}
						},
						{
							"origin": [-0.16908, 0.19125, -8.22266],
							"size": [0.33815, 0.69, 7.90625],
							"pivot": [0, 0.03125, -1.31641],
							"rotation": [0, 0, 45],
							"uv": {
								"north": {"uv": [27, 24], "uv_size": [0.25, 0.75]},
								"east": {"uv": [0, 9], "uv_size": [8, 0.75]},
								"south": {"uv": [27, 25], "uv_size": [0.25, 0.75]},
								"west": {"uv": [8, 9], "uv_size": [8, 0.75]},
								"up": {"uv": [14, 18], "uv_size": [0.25, 8]},
								"down": {"uv": [15, 26], "uv_size": [0.25, -8]}
							}
						},
						{
							"origin": [0.16, -0.13783, -8.22266],
							"size": [0.69, 0.33815, 7.90625],
							"pivot": [0, 0.03125, -1.31641],
							"rotation": [0, 0, -22.5],
							"uv": {
								"north": {"uv": [27, 26], "uv_size": [0.75, 0.25]},
								"east": {"uv": [18, 16], "uv_size": [8, 0.25]},
								"south": {"uv": [27, 27], "uv_size": [0.75, 0.25]},
								"west": {"uv": [18, 17], "uv_size": [8, 0.25]},
								"up": {"uv": [0, 10], "uv_size": [0.75, 8]},
								"down": {"uv": [1, 18], "uv_size": [0.75, -8]}
							}
						},
						{
							"origin": [0.16, -0.13783, -8.22266],
							"size": [0.69, 0.33815, 7.90625],
							"uv": {
								"north": {"uv": [0, 28], "uv_size": [0.75, 0.25]},
								"east": {"uv": [18, 18], "uv_size": [8, 0.25]},
								"south": {"uv": [28, 0], "uv_size": [0.75, 0.25]},
								"west": {"uv": [19, 0], "uv_size": [8, 0.25]},
								"up": {"uv": [2, 10], "uv_size": [0.75, 8]},
								"down": {"uv": [3, 18], "uv_size": [0.75, -8]}
							}
						},
						{
							"origin": [0.16, -0.13783, -8.22266],
							"size": [0.69, 0.33815, 7.90625],
							"pivot": [0, 0.03125, -1.31641],
							"rotation": [0, 0, 22.5],
							"uv": {
								"north": {"uv": [28, 1], "uv_size": [0.75, 0.25]},
								"east": {"uv": [19, 1], "uv_size": [8, 0.25]},
								"south": {"uv": [3, 28], "uv_size": [0.75, 0.25]},
								"west": {"uv": [19, 2], "uv_size": [8, 0.25]},
								"up": {"uv": [4, 10], "uv_size": [0.75, 8]},
								"down": {"uv": [5, 18], "uv_size": [0.75, -8]}
							}
						},
						{
							"origin": [-0.85, -0.13783, -8.22266],
							"size": [0.69, 0.33815, 7.90625],
							"pivot": [0, 0.03125, -1.31641],
							"rotation": [0, 0, -22.5],
							"uv": {
								"north": {"uv": [4, 28], "uv_size": [0.75, 0.25]},
								"east": {"uv": [19, 3], "uv_size": [8, 0.25]},
								"south": {"uv": [5, 28], "uv_size": [0.75, 0.25]},
								"west": {"uv": [19, 4], "uv_size": [8, 0.25]},
								"up": {"uv": [6, 10], "uv_size": [0.75, 8]},
								"down": {"uv": [7, 18], "uv_size": [0.75, -8]}
							}
						},
						{
							"origin": [-0.85, -0.13783, -8.22266],
							"size": [0.69, 0.33815, 7.90625],
							"uv": {
								"north": {"uv": [6, 28], "uv_size": [0.75, 0.25]},
								"east": {"uv": [19, 5], "uv_size": [8, 0.25]},
								"south": {"uv": [28, 6], "uv_size": [0.75, 0.25]},
								"west": {"uv": [19, 6], "uv_size": [8, 0.25]},
								"up": {"uv": [8, 10], "uv_size": [0.75, 8]},
								"down": {"uv": [9, 18], "uv_size": [0.75, -8]}
							}
						},
						{
							"origin": [-0.85, -0.13783, -8.22266],
							"size": [0.69, 0.33815, 7.90625],
							"pivot": [0, 0.03125, -1.31641],
							"rotation": [0, 0, 22.5],
							"uv": {
								"north": {"uv": [7, 28], "uv_size": [0.75, 0.25]},
								"east": {"uv": [19, 7], "uv_size": [8, 0.25]},
								"south": {"uv": [28, 7], "uv_size": [0.75, 0.25]},
								"west": {"uv": [19, 8], "uv_size": [8, 0.25]},
								"up": {"uv": [10, 10], "uv_size": [0.75, 8]},
								"down": {"uv": [11, 18], "uv_size": [0.75, -8]}
							}
						}
					]
				},
				{
					"name": "hexadecagon5",
					"parent": "m4a1_silencer",
					"pivot": [0.5, -0.5, -1.6875],
					"cubes": [
						{
							"origin": [-0.17902, -0.9625, -0.32812],
							"size": [0.35804, 0.1425, 0.10938],
							"pivot": [0, 0, -1.1875],
							"rotation": [0, 0, -22.5],
							"uv": {
								"north": {"uv": [0, 0], "uv_size": [1, 1]},
								"east": {"uv": [0, 0], "uv_size": [1, 1]},
								"south": {"uv": [0, 0], "uv_size": [1, 1]},
								"west": {"uv": [0, 0], "uv_size": [1, 1]},
								"up": {"uv": [1, 1], "uv_size": [-1, -1]},
								"down": {"uv": [1, 1], "uv_size": [-1, -1]}
							}
						},
						{
							"origin": [-0.17902, -0.9625, -0.32812],
							"size": [0.35804, 0.1425, 0.10938],
							"uv": {
								"north": {"uv": [0, 0], "uv_size": [1, 1]},
								"east": {"uv": [0, 0], "uv_size": [1, 1]},
								"south": {"uv": [0, 0], "uv_size": [1, 1]},
								"west": {"uv": [0, 0], "uv_size": [1, 1]},
								"up": {"uv": [1, 1], "uv_size": [-1, -1]},
								"down": {"uv": [1, 1], "uv_size": [-1, -1]}
							}
						},
						{
							"origin": [-0.17902, -0.9625, -0.32812],
							"size": [0.35804, 0.1425, 0.10938],
							"pivot": [0, 0, -1.1875],
							"rotation": [0, 0, 22.5],
							"uv": {
								"north": {"uv": [0, 0], "uv_size": [1, 1]},
								"east": {"uv": [0, 0], "uv_size": [1, 1]},
								"south": {"uv": [0, 0], "uv_size": [1, 1]},
								"west": {"uv": [0, 0], "uv_size": [1, 1]},
								"up": {"uv": [1, 1], "uv_size": [-1, -1]},
								"down": {"uv": [1, 1], "uv_size": [-1, -1]}
							}
						}
					]
				}
			]
		}
	]
}