{
	"format_version": "1.12.0",
	"minecraft:geometry": [
		{
			"description": {
				"identifier": "geometry.unknown",
				"texture_width": 64,
				"texture_height": 64,
				"visible_bounds_width": 2,
				"visible_bounds_height": 1.5,
				"visible_bounds_offset": [0, 0.25, 0]
			},
			"bones": [
				{
					"name": "silencer",
					"pivot": [0, -8.57812, 4.9336]
				},
				{
					"name": "octagon9",
					"parent": "silencer",
					"pivot": [0.5, -0.51562, -1.0039],
					"cubes": [
						{
							"origin": [-0.16569, -0.41563, -0.28515],
							"size": [0.33137, 0.09, 0.28125],
							"pivot": [0, -0.01562, -0.5039],
							"rotation": [0, 0, 45],
							"uv": {
								"north": {"uv": [18, 28], "uv_size": [0.25, 0.25]},
								"east": {"uv": [19, 28], "uv_size": [0.25, 0.25]},
								"south": {"uv": [28, 20], "uv_size": [0.25, 0.25]},
								"west": {"uv": [28, 21], "uv_size": [0.25, 0.25]},
								"up": {"uv": [28, 26], "uv_size": [0.25, 0.25]},
								"down": {"uv": [28, 27.25], "uv_size": [0.25, -0.25]}
							}
						},
						{
							"origin": [-0.16569, -0.41563, -0.28515],
							"size": [0.33137, 0.09, 0.28125],
							"uv": {
								"north": {"uv": [28, 28], "uv_size": [0.25, 0.25]},
								"east": {"uv": [18, 29], "uv_size": [0.25, 0.25]},
								"south": {"uv": [19, 29], "uv_size": [0.25, 0.25]},
								"west": {"uv": [29, 20], "uv_size": [0.25, 0.25]},
								"up": {"uv": [29, 21], "uv_size": [0.25, 0.25]},
								"down": {"uv": [29, 26.25], "uv_size": [0.25, -0.25]}
							}
						},
						{
							"origin": [-0.16569, 0.29438, -0.28515],
							"size": [0.33137, 0.09, 0.28125],
							"pivot": [0, -0.01562, -0.5039],
							"rotation": [0, 0, 45],
							"uv": {
								"north": {"uv": [29, 27], "uv_size": [0.25, 0.25]},
								"east": {"uv": [28, 29], "uv_size": [0.25, 0.25]},
								"south": {"uv": [29, 28], "uv_size": [0.25, 0.25]},
								"west": {"uv": [29, 29], "uv_size": [0.25, 0.25]},
								"up": {"uv": [4, 30], "uv_size": [0.25, 0.25]},
								"down": {"uv": [5, 30.25], "uv_size": [0.25, -0.25]}
							}
						},
						{
							"origin": [-0.16569, 0.29438, -0.28515],
							"size": [0.33137, 0.09, 0.28125],
							"uv": {
								"north": {"uv": [30, 6], "uv_size": [0.25, 0.25]},
								"east": {"uv": [30, 7], "uv_size": [0.25, 0.25]},
								"south": {"uv": [30, 12], "uv_size": [0.25, 0.25]},
								"west": {"uv": [30, 13], "uv_size": [0.25, 0.25]},
								"up": {"uv": [14, 30], "uv_size": [0.25, 0.25]},
								"down": {"uv": [15, 30.25], "uv_size": [0.25, -0.25]}
							}
						},
						{
							"origin": [0.31, -0.18131, -0.28515],
							"size": [0.09, 0.33137, 0.28125],
							"pivot": [0, -0.01562, -0.5039],
							"rotation": [0, 0, 45],
							"uv": {
								"north": {"uv": [18, 30], "uv_size": [0.25, 0.25]},
								"east": {"uv": [19, 30], "uv_size": [0.25, 0.25]},
								"south": {"uv": [20, 30], "uv_size": [0.25, 0.25]},
								"west": {"uv": [30, 20], "uv_size": [0.25, 0.25]},
								"up": {"uv": [21, 30], "uv_size": [0.25, 0.25]},
								"down": {"uv": [30, 21.25], "uv_size": [0.25, -0.25]}
							}
						},
						{
							"origin": [0.31, -0.18131, -0.28515],
							"size": [0.09, 0.33137, 0.28125],
							"uv": {
								"north": {"uv": [30, 22], "uv_size": [0.25, 0.25]},
								"east": {"uv": [30, 23], "uv_size": [0.25, 0.25]},
								"south": {"uv": [30, 26], "uv_size": [0.25, 0.25]},
								"west": {"uv": [30, 27], "uv_size": [0.25, 0.25]},
								"up": {"uv": [28, 30], "uv_size": [0.25, 0.25]},
								"down": {"uv": [30, 28.25], "uv_size": [0.25, -0.25]}
							}
						},
						{
							"origin": [-0.4, -0.18131, -0.28515],
							"size": [0.09, 0.33137, 0.28125],
							"pivot": [0, -0.01562, -0.5039],
							"rotation": [0, 0, 45],
							"uv": {
								"north": {"uv": [29, 30], "uv_size": [0.25, 0.25]},
								"east": {"uv": [30, 29], "uv_size": [0.25, 0.25]},
								"south": {"uv": [30, 30], "uv_size": [0.25, 0.25]},
								"west": {"uv": [4, 31], "uv_size": [0.25, 0.25]},
								"up": {"uv": [5, 31], "uv_size": [0.25, 0.25]},
								"down": {"uv": [31, 6.25], "uv_size": [0.25, -0.25]}
							}
						},
						{
							"origin": [-0.4, -0.18131, -0.28515],
							"size": [0.09, 0.33137, 0.28125],
							"uv": {
								"north": {"uv": [31, 7], "uv_size": [0.25, 0.25]},
								"east": {"uv": [31, 12], "uv_size": [0.25, 0.25]},
								"south": {"uv": [31, 13], "uv_size": [0.25, 0.25]},
								"west": {"uv": [14, 31], "uv_size": [0.25, 0.25]},
								"up": {"uv": [15, 31], "uv_size": [0.25, 0.25]},
								"down": {"uv": [18, 31.25], "uv_size": [0.25, -0.25]}
							}
						}
					]
				},
				{
					"name": "hexadecagon",
					"parent": "silencer",
					"pivot": [0.5, -0.51562, -1.23828],
					"cubes": [
						{
							"origin": [-0.08951, -0.46562, -8.17578],
							"size": [0.17902, 0.25, 7.9375],
							"pivot": [0, -0.01562, -0.73828],
							"rotation": [0, 0, -45],
							"uv": {
								"north": {"uv": [19, 31], "uv_size": [0.25, 0.25]},
								"east": {"uv": [0, 0], "uv_size": [8, 0.25]},
								"south": {"uv": [20, 31], "uv_size": [0.25, 0.25]},
								"west": {"uv": [0, 1], "uv_size": [8, 0.25]},
								"up": {"uv": [0, 2], "uv_size": [0.25, 8]},
								"down": {"uv": [1, 10], "uv_size": [0.25, -8]}
							}
						},
						{
							"origin": [-0.08951, -0.46562, -8.17578],
							"size": [0.17902, 0.25, 7.9375],
							"pivot": [0, -0.01562, -0.73828],
							"rotation": [0, 0, -22.5],
							"uv": {
								"north": {"uv": [31, 20], "uv_size": [0.25, 0.25]},
								"east": {"uv": [2, 2], "uv_size": [8, 0.25]},
								"south": {"uv": [21, 31], "uv_size": [0.25, 0.25]},
								"west": {"uv": [2, 3], "uv_size": [8, 0.25]},
								"up": {"uv": [2, 4], "uv_size": [0.25, 8]},
								"down": {"uv": [3, 12], "uv_size": [0.25, -8]}
							}
						},
						{
							"origin": [-0.08951, -0.46562, -8.17578],
							"size": [0.17902, 0.25, 7.9375],
							"uv": {
								"north": {"uv": [31, 21], "uv_size": [0.25, 0.25]},
								"east": {"uv": [4, 4], "uv_size": [8, 0.25]},
								"south": {"uv": [31, 22], "uv_size": [0.25, 0.25]},
								"west": {"uv": [4, 5], "uv_size": [8, 0.25]},
								"up": {"uv": [4, 6], "uv_size": [0.25, 8]},
								"down": {"uv": [5, 14], "uv_size": [0.25, -8]}
							}
						},
						{
							"origin": [-0.08951, -0.46562, -8.17578],
							"size": [0.17902, 0.25, 7.9375],
							"pivot": [0, -0.01562, -0.73828],
							"rotation": [0, 0, 22.5],
							"uv": {
								"north": {"uv": [31, 23], "uv_size": [0.25, 0.25]},
								"east": {"uv": [6, 6], "uv_size": [8, 0.25]},
								"south": {"uv": [31, 26], "uv_size": [0.25, 0.25]},
								"west": {"uv": [6, 7], "uv_size": [8, 0.25]},
								"up": {"uv": [6, 8], "uv_size": [0.25, 8]},
								"down": {"uv": [7, 16], "uv_size": [0.25, -8]}
							}
						},
						{
							"origin": [-0.08951, -0.46562, -8.17578],
							"size": [0.17902, 0.25, 7.9375],
							"pivot": [0, -0.01562, -0.73828],
							"rotation": [0, 0, 45],
							"uv": {
								"north": {"uv": [31, 27], "uv_size": [0.25, 0.25]},
								"east": {"uv": [8, 0], "uv_size": [8, 0.25]},
								"south": {"uv": [28, 31], "uv_size": [0.25, 0.25]},
								"west": {"uv": [8, 1], "uv_size": [8, 0.25]},
								"up": {"uv": [8, 8], "uv_size": [0.25, 8]},
								"down": {"uv": [9, 16], "uv_size": [0.25, -8]}
							}
						},
						{
							"origin": [-0.08951, 0.18437, -8.17578],
							"size": [0.17902, 0.25, 7.9375],
							"pivot": [0, -0.01562, -0.73828],
							"rotation": [0, 0, -45],
							"uv": {
								"north": {"uv": [31, 28], "uv_size": [0.25, 0.25]},
								"east": {"uv": [10, 2], "uv_size": [8, 0.25]},
								"south": {"uv": [29, 31], "uv_size": [0.25, 0.25]},
								"west": {"uv": [10, 3], "uv_size": [8, 0.25]},
								"up": {"uv": [0, 10], "uv_size": [0.25, 8]},
								"down": {"uv": [1, 18], "uv_size": [0.25, -8]}
							}
						},
						{
							"origin": [-0.08951, 0.18437, -8.17578],
							"size": [0.17902, 0.25, 7.9375],
							"pivot": [0, -0.01562, -0.73828],
							"rotation": [0, 0, -22.5],
							"uv": {
								"north": {"uv": [31, 29], "uv_size": [0.25, 0.25]},
								"east": {"uv": [10, 8], "uv_size": [8, 0.25]},
								"south": {"uv": [30, 31], "uv_size": [0.25, 0.25]},
								"west": {"uv": [10, 9], "uv_size": [8, 0.25]},
								"up": {"uv": [10, 10], "uv_size": [0.25, 8]},
								"down": {"uv": [11, 18], "uv_size": [0.25, -8]}
							}
						},
						{
							"origin": [-0.08951, 0.18437, -8.17578],
							"size": [0.17902, 0.25, 7.9375],
							"uv": {
								"north": {"uv": [31, 30], "uv_size": [0.25, 0.25]},
								"east": {"uv": [12, 4], "uv_size": [8, 0.25]},
								"south": {"uv": [31, 31], "uv_size": [0.25, 0.25]},
								"west": {"uv": [12, 5], "uv_size": [8, 0.25]},
								"up": {"uv": [2, 12], "uv_size": [0.25, 8]},
								"down": {"uv": [3, 20], "uv_size": [0.25, -8]}
							}
						},
						{
							"origin": [-0.08951, 0.18437, -8.17578],
							"size": [0.17902, 0.25, 7.9375],
							"pivot": [0, -0.01562, -0.73828],
							"rotation": [0, 0, 22.5],
							"uv": {
								"north": {"uv": [32, 0], "uv_size": [0.25, 0.25]},
								"east": {"uv": [12, 10], "uv_size": [8, 0.25]},
								"south": {"uv": [32, 1], "uv_size": [0.25, 0.25]},
								"west": {"uv": [12, 11], "uv_size": [8, 0.25]},
								"up": {"uv": [12, 12], "uv_size": [0.25, 8]},
								"down": {"uv": [13, 20], "uv_size": [0.25, -8]}
							}
						},
						{
							"origin": [-0.08951, 0.18437, -8.17578],
							"size": [0.17902, 0.25, 7.9375],
							"pivot": [0, -0.01562, -0.73828],
							"rotation": [0, 0, 45],
							"uv": {
								"north": {"uv": [4, 32], "uv_size": [0.25, 0.25]},
								"east": {"uv": [14, 6], "uv_size": [8, 0.25]},
								"south": {"uv": [5, 32], "uv_size": [0.25, 0.25]},
								"west": {"uv": [14, 7], "uv_size": [8, 0.25]},
								"up": {"uv": [4, 14], "uv_size": [0.25, 8]},
								"down": {"uv": [5, 22], "uv_size": [0.25, -8]}
							}
						},
						{
							"origin": [0.2, -0.10514, -8.17578],
							"size": [0.25, 0.17902, 7.9375],
							"pivot": [0, -0.01562, -0.73828],
							"rotation": [0, 0, -22.5],
							"uv": {
								"north": {"uv": [6, 32], "uv_size": [0.25, 0.25]},
								"east": {"uv": [14, 12], "uv_size": [8, 0.25]},
								"south": {"uv": [32, 6], "uv_size": [0.25, 0.25]},
								"west": {"uv": [14, 13], "uv_size": [8, 0.25]},
								"up": {"uv": [14, 14], "uv_size": [0.25, 8]},
								"down": {"uv": [15, 22], "uv_size": [0.25, -8]}
							}
						},
						{
							"origin": [0.2, -0.10514, -8.17578],
							"size": [0.25, 0.17902, 7.9375],
							"uv": {
								"north": {"uv": [7, 32], "uv_size": [0.25, 0.25]},
								"east": {"uv": [16, 0], "uv_size": [8, 0.25]},
								"south": {"uv": [32, 7], "uv_size": [0.25, 0.25]},
								"west": {"uv": [16, 1], "uv_size": [8, 0.25]},
								"up": {"uv": [6, 16], "uv_size": [0.25, 8]},
								"down": {"uv": [7, 24], "uv_size": [0.25, -8]}
							}
						},
						{
							"origin": [0.2, -0.10514, -8.17578],
							"size": [0.25, 0.17902, 7.9375],
							"pivot": [0, -0.01562, -0.73828],
							"rotation": [0, 0, 22.5],
							"uv": {
								"north": {"uv": [8, 32], "uv_size": [0.25, 0.25]},
								"east": {"uv": [16, 14], "uv_size": [8, 0.25]},
								"south": {"uv": [9, 32], "uv_size": [0.25, 0.25]},
								"west": {"uv": [16, 15], "uv_size": [8, 0.25]},
								"up": {"uv": [8, 16], "uv_size": [0.25, 8]},
								"down": {"uv": [9, 24], "uv_size": [0.25, -8]}
							}
						},
						{
							"origin": [-0.45, -0.10514, -8.17578],
							"size": [0.25, 0.17902, 7.9375],
							"pivot": [0, -0.01562, -0.73828],
							"rotation": [0, 0, -22.5],
							"uv": {
								"north": {"uv": [32, 12], "uv_size": [0.25, 0.25]},
								"east": {"uv": [16, 16], "uv_size": [8, 0.25]},
								"south": {"uv": [32, 13], "uv_size": [0.25, 0.25]},
								"west": {"uv": [16, 17], "uv_size": [8, 0.25]},
								"up": {"uv": [0, 18], "uv_size": [0.25, 8]},
								"down": {"uv": [1, 26], "uv_size": [0.25, -8]}
							}
						},
						{
							"origin": [-0.45, -0.10514, -8.17578],
							"size": [0.25, 0.17902, 7.9375],
							"uv": {
								"north": {"uv": [14, 32], "uv_size": [0.25, 0.25]},
								"east": {"uv": [18, 2], "uv_size": [8, 0.25]},
								"south": {"uv": [32, 14], "uv_size": [0.25, 0.25]},
								"west": {"uv": [18, 3], "uv_size": [8, 0.25]},
								"up": {"uv": [10, 18], "uv_size": [0.25, 8]},
								"down": {"uv": [11, 26], "uv_size": [0.25, -8]}
							}
						},
						{
							"origin": [-0.45, -0.10514, -8.17578],
							"size": [0.25, 0.17902, 7.9375],
							"pivot": [0, -0.01562, -0.73828],
							"rotation": [0, 0, 22.5],
							"uv": {
								"north": {"uv": [15, 32], "uv_size": [0.25, 0.25]},
								"east": {"uv": [18, 8], "uv_size": [8, 0.25]},
								"south": {"uv": [32, 15], "uv_size": [0.25, 0.25]},
								"west": {"uv": [18, 9], "uv_size": [8, 0.25]},
								"up": {"uv": [16, 18], "uv_size": [0.25, 8]},
								"down": {"uv": [17, 26], "uv_size": [0.25, -8]}
							}
						}
					]
				},
				{
					"name": "hexadecagon2",
					"parent": "silencer",
					"pivot": [0.5, -0.51562, -1.36328],
					"cubes": [
						{
							"origin": [-0.12531, -0.64562, -8.18203],
							"size": [0.25063, 0.2, 7.91875],
							"pivot": [0, -0.01562, -0.86328],
							"rotation": [0, 0, -45],
							"uv": {
								"north": {"uv": [32, 16], "uv_size": [0.25, 0.25]},
								"east": {"uv": [18, 18], "uv_size": [8, 0.25]},
								"south": {"uv": [32, 17], "uv_size": [0.25, 0.25]},
								"west": {"uv": [18, 19], "uv_size": [8, 0.25]},
								"up": {"uv": [2, 20], "uv_size": [0.25, 8]},
								"down": {"uv": [3, 28], "uv_size": [0.25, -8]}
							}
						},
						{
							"origin": [-0.12531, -0.64562, -8.18203],
							"size": [0.25063, 0.2, 7.91875],
							"pivot": [0, -0.01562, -0.86328],
							"rotation": [0, 0, -22.5],
							"uv": {
								"north": {"uv": [18, 32], "uv_size": [0.25, 0.25]},
								"east": {"uv": [20, 4], "uv_size": [8, 0.25]},
								"south": {"uv": [19, 32], "uv_size": [0.25, 0.25]},
								"west": {"uv": [20, 5], "uv_size": [8, 0.25]},
								"up": {"uv": [12, 20], "uv_size": [0.25, 8]},
								"down": {"uv": [13, 28], "uv_size": [0.25, -8]}
							}
						},
						{
							"origin": [-0.12531, -0.64562, -8.18203],
							"size": [0.25063, 0.2, 7.91875],
							"uv": {
								"north": {"uv": [20, 32], "uv_size": [0.25, 0.25]},
								"east": {"uv": [20, 10], "uv_size": [8, 0.25]},
								"south": {"uv": [32, 20], "uv_size": [0.25, 0.25]},
								"west": {"uv": [20, 11], "uv_size": [8, 0.25]},
								"up": {"uv": [18, 20], "uv_size": [0.25, 8]},
								"down": {"uv": [19, 28], "uv_size": [0.25, -8]}
							}
						},
						{
							"origin": [-0.12531, -0.64562, -8.18203],
							"size": [0.25063, 0.2, 7.91875],
							"pivot": [0, -0.01562, -0.86328],
							"rotation": [0, 0, 22.5],
							"uv": {
								"north": {"uv": [21, 32], "uv_size": [0.25, 0.25]},
								"east": {"uv": [20, 20], "uv_size": [8, 0.25]},
								"south": {"uv": [32, 21], "uv_size": [0.25, 0.25]},
								"west": {"uv": [20, 21], "uv_size": [8, 0.25]},
								"up": {"uv": [4, 22], "uv_size": [0.25, 8]},
								"down": {"uv": [5, 30], "uv_size": [0.25, -8]}
							}
						},
						{
							"origin": [-0.12531, -0.64562, -8.18203],
							"size": [0.25063, 0.2, 7.91875],
							"pivot": [0, -0.01562, -0.86328],
							"rotation": [0, 0, 45],
							"uv": {
								"north": {"uv": [22, 32], "uv_size": [0.25, 0.25]},
								"east": {"uv": [22, 6], "uv_size": [8, 0.25]},
								"south": {"uv": [32, 22], "uv_size": [0.25, 0.25]},
								"west": {"uv": [22, 7], "uv_size": [8, 0.25]},
								"up": {"uv": [14, 22], "uv_size": [0.25, 8]},
								"down": {"uv": [15, 30], "uv_size": [0.25, -8]}
							}
						},
						{
							"origin": [-0.12531, 0.41437, -8.18203],
							"size": [0.25063, 0.2, 7.91875],
							"pivot": [0, -0.01562, -0.86328],
							"rotation": [0, 0, -45],
							"uv": {
								"north": {"uv": [23, 32], "uv_size": [0.25, 0.25]},
								"east": {"uv": [22, 12], "uv_size": [8, 0.25]},
								"south": {"uv": [32, 23], "uv_size": [0.25, 0.25]},
								"west": {"uv": [22, 13], "uv_size": [8, 0.25]},
								"up": {"uv": [20, 22], "uv_size": [0.25, 8]},
								"down": {"uv": [21, 30], "uv_size": [0.25, -8]}
							}
						},
						{
							"origin": [-0.12531, 0.41437, -8.18203],
							"size": [0.25063, 0.2, 7.91875],
							"pivot": [0, -0.01562, -0.86328],
							"rotation": [0, 0, -22.5],
							"uv": {
								"north": {"uv": [24, 32], "uv_size": [0.25, 0.25]},
								"east": {"uv": [22, 22], "uv_size": [8, 0.25]},
								"south": {"uv": [25, 32], "uv_size": [0.25, 0.25]},
								"west": {"uv": [22, 23], "uv_size": [8, 0.25]},
								"up": {"uv": [6, 24], "uv_size": [0.25, 8]},
								"down": {"uv": [7, 32], "uv_size": [0.25, -8]}
							}
						},
						{
							"origin": [-0.12531, 0.41437, -8.18203],
							"size": [0.25063, 0.2, 7.91875],
							"uv": {
								"north": {"uv": [32, 26], "uv_size": [0.25, 0.25]},
								"east": {"uv": [24, 0], "uv_size": [8, 0.25]},
								"south": {"uv": [32, 27], "uv_size": [0.25, 0.25]},
								"west": {"uv": [24, 1], "uv_size": [8, 0.25]},
								"up": {"uv": [8, 24], "uv_size": [0.25, 8]},
								"down": {"uv": [9, 32], "uv_size": [0.25, -8]}
							}
						},
						{
							"origin": [-0.12531, 0.41437, -8.18203],
							"size": [0.25063, 0.2, 7.91875],
							"pivot": [0, -0.01562, -0.86328],
							"rotation": [0, 0, 22.5],
							"uv": {
								"north": {"uv": [28, 32], "uv_size": [0.25, 0.25]},
								"east": {"uv": [24, 14], "uv_size": [8, 0.25]},
								"south": {"uv": [32, 28], "uv_size": [0.25, 0.25]},
								"west": {"uv": [24, 15], "uv_size": [8, 0.25]},
								"up": {"uv": [22, 24], "uv_size": [0.25, 8]},
								"down": {"uv": [23, 32], "uv_size": [0.25, -8]}
							}
						},
						{
							"origin": [-0.12531, 0.41437, -8.18203],
							"size": [0.25063, 0.2, 7.91875],
							"pivot": [0, -0.01562, -0.86328],
							"rotation": [0, 0, 45],
							"uv": {
								"north": {"uv": [29, 32], "uv_size": [0.25, 0.25]},
								"east": {"uv": [24, 16], "uv_size": [8, 0.25]},
								"south": {"uv": [32, 29], "uv_size": [0.25, 0.25]},
								"west": {"uv": [24, 17], "uv_size": [8, 0.25]},
								"up": {"uv": [24, 24], "uv_size": [0.25, 8]},
								"down": {"uv": [25, 32], "uv_size": [0.25, -8]}
							}
						},
						{
							"origin": [0.43, -0.14093, -8.18203],
							"size": [0.2, 0.25063, 7.91875],
							"pivot": [0, -0.01562, -0.86328],
							"rotation": [0, 0, -22.5],
							"uv": {
								"north": {"uv": [30, 32], "uv_size": [0.25, 0.25]},
								"east": {"uv": [26, 2], "uv_size": [8, 0.25]},
								"south": {"uv": [32, 30], "uv_size": [0.25, 0.25]},
								"west": {"uv": [26, 3], "uv_size": [8, 0.25]},
								"up": {"uv": [0, 26], "uv_size": [0.25, 8]},
								"down": {"uv": [1, 34], "uv_size": [0.25, -8]}
							}
						},
						{
							"origin": [0.43, -0.14093, -8.18203],
							"size": [0.2, 0.25063, 7.91875],
							"uv": {
								"north": {"uv": [31, 32], "uv_size": [0.25, 0.25]},
								"east": {"uv": [26, 8], "uv_size": [8, 0.25]},
								"south": {"uv": [32, 31], "uv_size": [0.25, 0.25]},
								"west": {"uv": [26, 9], "uv_size": [8, 0.25]},
								"up": {"uv": [10, 26], "uv_size": [0.25, 8]},
								"down": {"uv": [11, 34], "uv_size": [0.25, -8]}
							}
						},
						{
							"origin": [0.43, -0.14093, -8.18203],
							"size": [0.2, 0.25063, 7.91875],
							"pivot": [0, -0.01562, -0.86328],
							"rotation": [0, 0, 22.5],
							"uv": {
								"north": {"uv": [32, 32], "uv_size": [0.25, 0.25]},
								"east": {"uv": [26, 18], "uv_size": [8, 0.25]},
								"south": {"uv": [33, 0], "uv_size": [0.25, 0.25]},
								"west": {"uv": [26, 19], "uv_size": [8, 0.25]},
								"up": {"uv": [16, 26], "uv_size": [0.25, 8]},
								"down": {"uv": [17, 34], "uv_size": [0.25, -8]}
							}
						},
						{
							"origin": [-0.63, -0.14093, -8.18203],
							"size": [0.2, 0.25063, 7.91875],
							"pivot": [0, -0.01562, -0.86328],
							"rotation": [0, 0, -22.5],
							"uv": {
								"north": {"uv": [33, 1], "uv_size": [0.25, 0.25]},
								"east": {"uv": [26, 24], "uv_size": [8, 0.25]},
								"south": {"uv": [4, 33], "uv_size": [0.25, 0.25]},
								"west": {"uv": [26, 25], "uv_size": [8, 0.25]},
								"up": {"uv": [26, 26], "uv_size": [0.25, 8]},
								"down": {"uv": [27, 34], "uv_size": [0.25, -8]}
							}
						},
						{
							"origin": [-0.63, -0.14093, -8.18203],
							"size": [0.2, 0.25063, 7.91875],
							"uv": {
								"north": {"uv": [5, 33], "uv_size": [0.25, 0.25]},
								"east": {"uv": [28, 4], "uv_size": [8, 0.25]},
								"south": {"uv": [6, 33], "uv_size": [0.25, 0.25]},
								"west": {"uv": [28, 5], "uv_size": [8, 0.25]},
								"up": {"uv": [2, 28], "uv_size": [0.25, 8]},
								"down": {"uv": [3, 36], "uv_size": [0.25, -8]}
							}
						},
						{
							"origin": [-0.63, -0.14093, -8.18203],
							"size": [0.2, 0.25063, 7.91875],
							"pivot": [0, -0.01562, -0.86328],
							"rotation": [0, 0, 22.5],
							"uv": {
								"north": {"uv": [33, 6], "uv_size": [0.25, 0.25]},
								"east": {"uv": [28, 10], "uv_size": [8, 0.25]},
								"south": {"uv": [7, 33], "uv_size": [0.25, 0.25]},
								"west": {"uv": [28, 11], "uv_size": [8, 0.25]},
								"up": {"uv": [12, 28], "uv_size": [0.25, 8]},
								"down": {"uv": [13, 36], "uv_size": [0.25, -8]}
							}
						}
					]
				},
				{
					"name": "hexadecagon4",
					"parent": "silencer",
					"pivot": [0.5, -0.51562, -3.33203],
					"cubes": [
						{
							"origin": [-0.13526, -0.69562, -2.13515],
							"size": [0.27052, 0.2, 0.15312],
							"pivot": [0, -0.01562, -2.83203],
							"rotation": [0, 0, -45],
							"uv": {
								"north": {"uv": [34, 34], "uv_size": [0.25, 0.25]},
								"east": {"uv": [0, 35], "uv_size": [0.25, 0.25]},
								"south": {"uv": [35, 0], "uv_size": [0.25, 0.25]},
								"west": {"uv": [1, 35], "uv_size": [0.25, 0.25]},
								"up": {"uv": [35, 1], "uv_size": [0.25, 0.25]},
								"down": {"uv": [35, 2.25], "uv_size": [0.25, -0.25]}
							}
						},
						{
							"origin": [-0.13526, -0.69562, -2.13515],
							"size": [0.27052, 0.2, 0.15312],
							"pivot": [0, -0.01562, -2.83203],
							"rotation": [0, 0, -22.5],
							"uv": {
								"north": {"uv": [35, 3], "uv_size": [0.25, 0.25]},
								"east": {"uv": [4, 35], "uv_size": [0.25, 0.25]},
								"south": {"uv": [5, 35], "uv_size": [0.25, 0.25]},
								"west": {"uv": [6, 35], "uv_size": [0.25, 0.25]},
								"up": {"uv": [35, 6], "uv_size": [0.25, 0.25]},
								"down": {"uv": [7, 35.25], "uv_size": [0.25, -0.25]}
							}
						},
						{
							"origin": [-0.13526, -0.69562, -2.13515],
							"size": [0.27052, 0.2, 0.15312],
							"uv": {
								"north": {"uv": [35, 7], "uv_size": [0.25, 0.25]},
								"east": {"uv": [8, 35], "uv_size": [0.25, 0.25]},
								"south": {"uv": [35, 8], "uv_size": [0.25, 0.25]},
								"west": {"uv": [9, 35], "uv_size": [0.25, 0.25]},
								"up": {"uv": [35, 9], "uv_size": [0.25, 0.25]},
								"down": {"uv": [10, 35.25], "uv_size": [0.25, -0.25]}
							}
						},
						{
							"origin": [-0.13526, -0.69562, -2.13515],
							"size": [0.27052, 0.2, 0.15312],
							"pivot": [0, -0.01562, -2.83203],
							"rotation": [0, 0, 22.5],
							"uv": {
								"north": {"uv": [11, 35], "uv_size": [0.25, 0.25]},
								"east": {"uv": [35, 12], "uv_size": [0.25, 0.25]},
								"south": {"uv": [35, 13], "uv_size": [0.25, 0.25]},
								"west": {"uv": [14, 35], "uv_size": [0.25, 0.25]},
								"up": {"uv": [35, 14], "uv_size": [0.25, 0.25]},
								"down": {"uv": [15, 35.25], "uv_size": [0.25, -0.25]}
							}
						},
						{
							"origin": [-0.13526, -0.69562, -2.13515],
							"size": [0.27052, 0.2, 0.15312],
							"pivot": [0, -0.01562, -2.83203],
							"rotation": [0, 0, 45],
							"uv": {
								"north": {"uv": [35, 15], "uv_size": [0.25, 0.25]},
								"east": {"uv": [16, 35], "uv_size": [0.25, 0.25]},
								"south": {"uv": [35, 16], "uv_size": [0.25, 0.25]},
								"west": {"uv": [17, 35], "uv_size": [0.25, 0.25]},
								"up": {"uv": [35, 17], "uv_size": [0.25, 0.25]},
								"down": {"uv": [18, 35.25], "uv_size": [0.25, -0.25]}
							}
						},
						{
							"origin": [-0.13526, 0.46438, -2.13515],
							"size": [0.27052, 0.2, 0.15312],
							"pivot": [0, -0.01562, -2.83203],
							"rotation": [0, 0, -45],
							"uv": {
								"north": {"uv": [35, 18], "uv_size": [0.25, 0.25]},
								"east": {"uv": [19, 35], "uv_size": [0.25, 0.25]},
								"south": {"uv": [35, 19], "uv_size": [0.25, 0.25]},
								"west": {"uv": [20, 35], "uv_size": [0.25, 0.25]},
								"up": {"uv": [35, 20], "uv_size": [0.25, 0.25]},
								"down": {"uv": [21, 35.25], "uv_size": [0.25, -0.25]}
							}
						},
						{
							"origin": [-0.13526, 0.46438, -2.13515],
							"size": [0.27052, 0.2, 0.15312],
							"pivot": [0, -0.01562, -2.83203],
							"rotation": [0, 0, -22.5],
							"uv": {
								"north": {"uv": [35, 21], "uv_size": [0.25, 0.25]},
								"east": {"uv": [22, 35], "uv_size": [0.25, 0.25]},
								"south": {"uv": [35, 22], "uv_size": [0.25, 0.25]},
								"west": {"uv": [23, 35], "uv_size": [0.25, 0.25]},
								"up": {"uv": [35, 23], "uv_size": [0.25, 0.25]},
								"down": {"uv": [24, 35.25], "uv_size": [0.25, -0.25]}
							}
						},
						{
							"origin": [-0.13526, 0.46438, -2.13515],
							"size": [0.27052, 0.2, 0.15312],
							"uv": {
								"north": {"uv": [35, 24], "uv_size": [0.25, 0.25]},
								"east": {"uv": [25, 35], "uv_size": [0.25, 0.25]},
								"south": {"uv": [35, 25], "uv_size": [0.25, 0.25]},
								"west": {"uv": [26, 35], "uv_size": [0.25, 0.25]},
								"up": {"uv": [35, 26], "uv_size": [0.25, 0.25]},
								"down": {"uv": [27, 35.25], "uv_size": [0.25, -0.25]}
							}
						},
						{
							"origin": [-0.13526, 0.46438, -2.13515],
							"size": [0.27052, 0.2, 0.15312],
							"pivot": [0, -0.01562, -2.83203],
							"rotation": [0, 0, 22.5],
							"uv": {
								"north": {"uv": [35, 27], "uv_size": [0.25, 0.25]},
								"east": {"uv": [28, 35], "uv_size": [0.25, 0.25]},
								"south": {"uv": [35, 28], "uv_size": [0.25, 0.25]},
								"west": {"uv": [29, 35], "uv_size": [0.25, 0.25]},
								"up": {"uv": [35, 29], "uv_size": [0.25, 0.25]},
								"down": {"uv": [30, 35.25], "uv_size": [0.25, -0.25]}
							}
						},
						{
							"origin": [-0.13526, 0.46438, -2.13515],
							"size": [0.27052, 0.2, 0.15312],
							"pivot": [0, -0.01562, -2.83203],
							"rotation": [0, 0, 45],
							"uv": {
								"north": {"uv": [35, 30], "uv_size": [0.25, 0.25]},
								"east": {"uv": [31, 35], "uv_size": [0.25, 0.25]},
								"south": {"uv": [35, 31], "uv_size": [0.25, 0.25]},
								"west": {"uv": [32, 35], "uv_size": [0.25, 0.25]},
								"up": {"uv": [35, 32], "uv_size": [0.25, 0.25]},
								"down": {"uv": [33, 35.25], "uv_size": [0.25, -0.25]}
							}
						},
						{
							"origin": [0.48, -0.15088, -2.13515],
							"size": [0.2, 0.27052, 0.15312],
							"pivot": [0, -0.01562, -2.83203],
							"rotation": [0, 0, -22.5],
							"uv": {
								"north": {"uv": [35, 33], "uv_size": [0.25, 0.25]},
								"east": {"uv": [34, 35], "uv_size": [0.25, 0.25]},
								"south": {"uv": [35, 34], "uv_size": [0.25, 0.25]},
								"west": {"uv": [35, 35], "uv_size": [0.25, 0.25]},
								"up": {"uv": [0, 36], "uv_size": [0.25, 0.25]},
								"down": {"uv": [36, 0.25], "uv_size": [0.25, -0.25]}
							}
						},
						{
							"origin": [0.48, -0.15088, -2.13515],
							"size": [0.2, 0.27052, 0.15312],
							"uv": {
								"north": {"uv": [1, 36], "uv_size": [0.25, 0.25]},
								"east": {"uv": [36, 1], "uv_size": [0.25, 0.25]},
								"south": {"uv": [2, 36], "uv_size": [0.25, 0.25]},
								"west": {"uv": [36, 2], "uv_size": [0.25, 0.25]},
								"up": {"uv": [3, 36], "uv_size": [0.25, 0.25]},
								"down": {"uv": [36, 3.25], "uv_size": [0.25, -0.25]}
							}
						},
						{
							"origin": [0.48, -0.15088, -2.13515],
							"size": [0.2, 0.27052, 0.15312],
							"pivot": [0, -0.01562, -2.83203],
							"rotation": [0, 0, 22.5],
							"uv": {
								"north": {"uv": [4, 36], "uv_size": [0.25, 0.25]},
								"east": {"uv": [36, 4], "uv_size": [0.25, 0.25]},
								"south": {"uv": [5, 36], "uv_size": [0.25, 0.25]},
								"west": {"uv": [36, 5], "uv_size": [0.25, 0.25]},
								"up": {"uv": [6, 36], "uv_size": [0.25, 0.25]},
								"down": {"uv": [36, 6.25], "uv_size": [0.25, -0.25]}
							}
						},
						{
							"origin": [-0.68, -0.15088, -2.13515],
							"size": [0.2, 0.27052, 0.15312],
							"pivot": [0, -0.01562, -2.83203],
							"rotation": [0, 0, -22.5],
							"uv": {
								"north": {"uv": [7, 36], "uv_size": [0.25, 0.25]},
								"east": {"uv": [36, 7], "uv_size": [0.25, 0.25]},
								"south": {"uv": [8, 36], "uv_size": [0.25, 0.25]},
								"west": {"uv": [36, 8], "uv_size": [0.25, 0.25]},
								"up": {"uv": [9, 36], "uv_size": [0.25, 0.25]},
								"down": {"uv": [36, 9.25], "uv_size": [0.25, -0.25]}
							}
						},
						{
							"origin": [-0.68, -0.15088, -2.13515],
							"size": [0.2, 0.27052, 0.15312],
							"uv": {
								"north": {"uv": [10, 36], "uv_size": [0.25, 0.25]},
								"east": {"uv": [36, 10], "uv_size": [0.25, 0.25]},
								"south": {"uv": [11, 36], "uv_size": [0.25, 0.25]},
								"west": {"uv": [36, 11], "uv_size": [0.25, 0.25]},
								"up": {"uv": [12, 36], "uv_size": [0.25, 0.25]},
								"down": {"uv": [36, 12.25], "uv_size": [0.25, -0.25]}
							}
						},
						{
							"origin": [-0.68, -0.15088, -2.13515],
							"size": [0.2, 0.27052, 0.15312],
							"pivot": [0, -0.01562, -2.83203],
							"rotation": [0, 0, 22.5],
							"uv": {
								"north": {"uv": [13, 36], "uv_size": [0.25, 0.25]},
								"east": {"uv": [36, 13], "uv_size": [0.25, 0.25]},
								"south": {"uv": [14, 36], "uv_size": [0.25, 0.25]},
								"west": {"uv": [36, 14], "uv_size": [0.25, 0.25]},
								"up": {"uv": [15, 36], "uv_size": [0.25, 0.25]},
								"down": {"uv": [36, 15.25], "uv_size": [0.25, -0.25]}
							}
						}
					]
				},
				{
					"name": "hexadecagon5",
					"parent": "silencer",
					"pivot": [0.5, -0.51562, -6.22265],
					"cubes": [
						{
							"origin": [-0.13526, -0.69562, -5.02578],
							"size": [0.27052, 0.2, 0.15312],
							"pivot": [0, -0.01562, -5.72265],
							"rotation": [0, 0, -45],
							"uv": {
								"north": {"uv": [16, 36], "uv_size": [0.25, 0.25]},
								"east": {"uv": [36, 16], "uv_size": [0.25, 0.25]},
								"south": {"uv": [17, 36], "uv_size": [0.25, 0.25]},
								"west": {"uv": [36, 17], "uv_size": [0.25, 0.25]},
								"up": {"uv": [18, 36], "uv_size": [0.25, 0.25]},
								"down": {"uv": [36, 18.25], "uv_size": [0.25, -0.25]}
							}
						},
						{
							"origin": [-0.13526, -0.69562, -5.02578],
							"size": [0.27052, 0.2, 0.15312],
							"pivot": [0, -0.01562, -5.72265],
							"rotation": [0, 0, -22.5],
							"uv": {
								"north": {"uv": [19, 36], "uv_size": [0.25, 0.25]},
								"east": {"uv": [36, 19], "uv_size": [0.25, 0.25]},
								"south": {"uv": [20, 36], "uv_size": [0.25, 0.25]},
								"west": {"uv": [36, 20], "uv_size": [0.25, 0.25]},
								"up": {"uv": [21, 36], "uv_size": [0.25, 0.25]},
								"down": {"uv": [36, 21.25], "uv_size": [0.25, -0.25]}
							}
						},
						{
							"origin": [-0.13526, -0.69562, -5.02578],
							"size": [0.27052, 0.2, 0.15312],
							"uv": {
								"north": {"uv": [22, 36], "uv_size": [0.25, 0.25]},
								"east": {"uv": [36, 22], "uv_size": [0.25, 0.25]},
								"south": {"uv": [23, 36], "uv_size": [0.25, 0.25]},
								"west": {"uv": [36, 23], "uv_size": [0.25, 0.25]},
								"up": {"uv": [24, 36], "uv_size": [0.25, 0.25]},
								"down": {"uv": [36, 24.25], "uv_size": [0.25, -0.25]}
							}
						},
						{
							"origin": [-0.13526, -0.69562, -5.02578],
							"size": [0.27052, 0.2, 0.15312],
							"pivot": [0, -0.01562, -5.72265],
							"rotation": [0, 0, 22.5],
							"uv": {
								"north": {"uv": [25, 36], "uv_size": [0.25, 0.25]},
								"east": {"uv": [36, 25], "uv_size": [0.25, 0.25]},
								"south": {"uv": [26, 36], "uv_size": [0.25, 0.25]},
								"west": {"uv": [36, 26], "uv_size": [0.25, 0.25]},
								"up": {"uv": [27, 36], "uv_size": [0.25, 0.25]},
								"down": {"uv": [36, 27.25], "uv_size": [0.25, -0.25]}
							}
						},
						{
							"origin": [-0.13526, -0.69562, -5.02578],
							"size": [0.27052, 0.2, 0.15312],
							"pivot": [0, -0.01562, -5.72265],
							"rotation": [0, 0, 45],
							"uv": {
								"north": {"uv": [28, 36], "uv_size": [0.25, 0.25]},
								"east": {"uv": [36, 28], "uv_size": [0.25, 0.25]},
								"south": {"uv": [29, 36], "uv_size": [0.25, 0.25]},
								"west": {"uv": [36, 29], "uv_size": [0.25, 0.25]},
								"up": {"uv": [30, 36], "uv_size": [0.25, 0.25]},
								"down": {"uv": [36, 30.25], "uv_size": [0.25, -0.25]}
							}
						},
						{
							"origin": [-0.13526, 0.46438, -5.02578],
							"size": [0.27052, 0.2, 0.15312],
							"pivot": [0, -0.01562, -5.72265],
							"rotation": [0, 0, -45],
							"uv": {
								"north": {"uv": [31, 36], "uv_size": [0.25, 0.25]},
								"east": {"uv": [36, 31], "uv_size": [0.25, 0.25]},
								"south": {"uv": [32, 36], "uv_size": [0.25, 0.25]},
								"west": {"uv": [36, 32], "uv_size": [0.25, 0.25]},
								"up": {"uv": [33, 36], "uv_size": [0.25, 0.25]},
								"down": {"uv": [36, 33.25], "uv_size": [0.25, -0.25]}
							}
						},
						{
							"origin": [-0.13526, 0.46438, -5.02578],
							"size": [0.27052, 0.2, 0.15312],
							"pivot": [0, -0.01562, -5.72265],
							"rotation": [0, 0, -22.5],
							"uv": {
								"north": {"uv": [34, 36], "uv_size": [0.25, 0.25]},
								"east": {"uv": [36, 34], "uv_size": [0.25, 0.25]},
								"south": {"uv": [35, 36], "uv_size": [0.25, 0.25]},
								"west": {"uv": [36, 35], "uv_size": [0.25, 0.25]},
								"up": {"uv": [36, 36], "uv_size": [0.25, 0.25]},
								"down": {"uv": [0, 37.25], "uv_size": [0.25, -0.25]}
							}
						},
						{
							"origin": [-0.13526, 0.46438, -5.02578],
							"size": [0.27052, 0.2, 0.15312],
							"uv": {
								"north": {"uv": [37, 0], "uv_size": [0.25, 0.25]},
								"east": {"uv": [1, 37], "uv_size": [0.25, 0.25]},
								"south": {"uv": [37, 1], "uv_size": [0.25, 0.25]},
								"west": {"uv": [2, 37], "uv_size": [0.25, 0.25]},
								"up": {"uv": [37, 2], "uv_size": [0.25, 0.25]},
								"down": {"uv": [3, 37.25], "uv_size": [0.25, -0.25]}
							}
						},
						{
							"origin": [-0.13526, 0.46438, -5.02578],
							"size": [0.27052, 0.2, 0.15312],
							"pivot": [0, -0.01562, -5.72265],
							"rotation": [0, 0, 22.5],
							"uv": {
								"north": {"uv": [37, 3], "uv_size": [0.25, 0.25]},
								"east": {"uv": [4, 37], "uv_size": [0.25, 0.25]},
								"south": {"uv": [37, 4], "uv_size": [0.25, 0.25]},
								"west": {"uv": [5, 37], "uv_size": [0.25, 0.25]},
								"up": {"uv": [37, 5], "uv_size": [0.25, 0.25]},
								"down": {"uv": [6, 37.25], "uv_size": [0.25, -0.25]}
							}
						},
						{
							"origin": [-0.13526, 0.46438, -5.02578],
							"size": [0.27052, 0.2, 0.15312],
							"pivot": [0, -0.01562, -5.72265],
							"rotation": [0, 0, 45],
							"uv": {
								"north": {"uv": [37, 6], "uv_size": [0.25, 0.25]},
								"east": {"uv": [7, 37], "uv_size": [0.25, 0.25]},
								"south": {"uv": [37, 7], "uv_size": [0.25, 0.25]},
								"west": {"uv": [8, 37], "uv_size": [0.25, 0.25]},
								"up": {"uv": [37, 8], "uv_size": [0.25, 0.25]},
								"down": {"uv": [9, 37.25], "uv_size": [0.25, -0.25]}
							}
						},
						{
							"origin": [0.48, -0.15088, -5.02578],
							"size": [0.2, 0.27052, 0.15312],
							"pivot": [0, -0.01562, -5.72265],
							"rotation": [0, 0, -22.5],
							"uv": {
								"north": {"uv": [37, 9], "uv_size": [0.25, 0.25]},
								"east": {"uv": [10, 37], "uv_size": [0.25, 0.25]},
								"south": {"uv": [37, 10], "uv_size": [0.25, 0.25]},
								"west": {"uv": [11, 37], "uv_size": [0.25, 0.25]},
								"up": {"uv": [37, 11], "uv_size": [0.25, 0.25]},
								"down": {"uv": [12, 37.25], "uv_size": [0.25, -0.25]}
							}
						},
						{
							"origin": [0.48, -0.15088, -5.02578],
							"size": [0.2, 0.27052, 0.15312],
							"uv": {
								"north": {"uv": [37, 12], "uv_size": [0.25, 0.25]},
								"east": {"uv": [13, 37], "uv_size": [0.25, 0.25]},
								"south": {"uv": [37, 13], "uv_size": [0.25, 0.25]},
								"west": {"uv": [14, 37], "uv_size": [0.25, 0.25]},
								"up": {"uv": [37, 14], "uv_size": [0.25, 0.25]},
								"down": {"uv": [15, 37.25], "uv_size": [0.25, -0.25]}
							}
						},
						{
							"origin": [0.48, -0.15088, -5.02578],
							"size": [0.2, 0.27052, 0.15312],
							"pivot": [0, -0.01562, -5.72265],
							"rotation": [0, 0, 22.5],
							"uv": {
								"north": {"uv": [37, 15], "uv_size": [0.25, 0.25]},
								"east": {"uv": [16, 37], "uv_size": [0.25, 0.25]},
								"south": {"uv": [37, 16], "uv_size": [0.25, 0.25]},
								"west": {"uv": [17, 37], "uv_size": [0.25, 0.25]},
								"up": {"uv": [37, 17], "uv_size": [0.25, 0.25]},
								"down": {"uv": [18, 37.25], "uv_size": [0.25, -0.25]}
							}
						},
						{
							"origin": [-0.68, -0.15088, -5.02578],
							"size": [0.2, 0.27052, 0.15312],
							"pivot": [0, -0.01562, -5.72265],
							"rotation": [0, 0, -22.5],
							"uv": {
								"north": {"uv": [37, 18], "uv_size": [0.25, 0.25]},
								"east": {"uv": [19, 37], "uv_size": [0.25, 0.25]},
								"south": {"uv": [37, 19], "uv_size": [0.25, 0.25]},
								"west": {"uv": [20, 37], "uv_size": [0.25, 0.25]},
								"up": {"uv": [37, 20], "uv_size": [0.25, 0.25]},
								"down": {"uv": [21, 37.25], "uv_size": [0.25, -0.25]}
							}
						},
						{
							"origin": [-0.68, -0.15088, -5.02578],
							"size": [0.2, 0.27052, 0.15312],
							"uv": {
								"north": {"uv": [37, 21], "uv_size": [0.25, 0.25]},
								"east": {"uv": [22, 37], "uv_size": [0.25, 0.25]},
								"south": {"uv": [37, 22], "uv_size": [0.25, 0.25]},
								"west": {"uv": [23, 37], "uv_size": [0.25, 0.25]},
								"up": {"uv": [37, 23], "uv_size": [0.25, 0.25]},
								"down": {"uv": [24, 37.25], "uv_size": [0.25, -0.25]}
							}
						},
						{
							"origin": [-0.68, -0.15088, -5.02578],
							"size": [0.2, 0.27052, 0.15312],
							"pivot": [0, -0.01562, -5.72265],
							"rotation": [0, 0, 22.5],
							"uv": {
								"north": {"uv": [37, 24], "uv_size": [0.25, 0.25]},
								"east": {"uv": [25, 37], "uv_size": [0.25, 0.25]},
								"south": {"uv": [37, 25], "uv_size": [0.25, 0.25]},
								"west": {"uv": [26, 37], "uv_size": [0.25, 0.25]},
								"up": {"uv": [37, 26], "uv_size": [0.25, 0.25]},
								"down": {"uv": [27, 37.25], "uv_size": [0.25, -0.25]}
							}
						}
					]
				},
				{
					"name": "hexadecagon3",
					"parent": "silencer",
					"pivot": [0, 0, -1.26562],
					"cubes": [
						{
							"origin": [-0.14142, -0.71095, -0.51562],
							"size": [0.28283, 1.4219, 0.25],
							"pivot": [0, 0, -1.26562],
							"rotation": [0, 0, -45],
							"uv": {
								"north": {"uv": [0, 0], "uv_size": [1, 1]},
								"east": {"uv": [0, 0], "uv_size": [1, 1]},
								"south": {"uv": [0, 0], "uv_size": [1, 1]},
								"west": {"uv": [0, 0], "uv_size": [1, 1]},
								"up": {"uv": [1, 1], "uv_size": [-1, -1]},
								"down": {"uv": [1, 1], "uv_size": [-1, -1]}
							}
						},
						{
							"origin": [-0.14142, -0.71095, -0.51562],
							"size": [0.28283, 1.4219, 0.25],
							"pivot": [0, 0, -1.26562],
							"rotation": [0, 0, -22.5],
							"uv": {
								"north": {"uv": [0, 0], "uv_size": [1, 1]},
								"east": {"uv": [0, 0], "uv_size": [1, 1]},
								"south": {"uv": [0, 0], "uv_size": [1, 1]},
								"west": {"uv": [0, 0], "uv_size": [1, 1]},
								"up": {"uv": [1, 1], "uv_size": [-1, -1]},
								"down": {"uv": [1, 1], "uv_size": [-1, -1]}
							}
						},
						{
							"origin": [-0.14142, -0.71095, -0.51562],
							"size": [0.28283, 1.4219, 0.25],
							"uv": {
								"north": {"uv": [0, 0], "uv_size": [1, 1]},
								"east": {"uv": [0, 0], "uv_size": [1, 1]},
								"south": {"uv": [0, 0], "uv_size": [1, 1]},
								"west": {"uv": [0, 0], "uv_size": [1, 1]},
								"up": {"uv": [1, 1], "uv_size": [-1, -1]},
								"down": {"uv": [1, 1], "uv_size": [-1, -1]}
							}
						},
						{
							"origin": [-0.14142, -0.71095, -0.51562],
							"size": [0.28283, 1.4219, 0.25],
							"pivot": [0, 0, -1.26562],
							"rotation": [0, 0, 22.5],
							"uv": {
								"north": {"uv": [0, 0], "uv_size": [1, 1]},
								"east": {"uv": [0, 0], "uv_size": [1, 1]},
								"south": {"uv": [0, 0], "uv_size": [1, 1]},
								"west": {"uv": [0, 0], "uv_size": [1, 1]},
								"up": {"uv": [1, 1], "uv_size": [-1, -1]},
								"down": {"uv": [1, 1], "uv_size": [-1, -1]}
							}
						},
						{
							"origin": [-0.14142, -0.71095, -0.51562],
							"size": [0.28283, 1.4219, 0.25],
							"pivot": [0, 0, -1.26562],
							"rotation": [0, 0, 45],
							"uv": {
								"north": {"uv": [0, 0], "uv_size": [1, 1]},
								"east": {"uv": [0, 0], "uv_size": [1, 1]},
								"south": {"uv": [0, 0], "uv_size": [1, 1]},
								"west": {"uv": [0, 0], "uv_size": [1, 1]},
								"up": {"uv": [1, 1], "uv_size": [-1, -1]},
								"down": {"uv": [1, 1], "uv_size": [-1, -1]}
							}
						},
						{
							"origin": [-0.71095, -0.14142, -0.51562],
							"size": [1.4219, 0.28283, 0.25],
							"pivot": [0, 0, -1.26562],
							"rotation": [0, 0, -22.5],
							"uv": {
								"north": {"uv": [0, 0], "uv_size": [1, 1]},
								"east": {"uv": [0, 0], "uv_size": [1, 1]},
								"south": {"uv": [0, 0], "uv_size": [1, 1]},
								"west": {"uv": [0, 0], "uv_size": [1, 1]},
								"up": {"uv": [1, 1], "uv_size": [-1, -1]},
								"down": {"uv": [1, 1], "uv_size": [-1, -1]}
							}
						},
						{
							"origin": [-0.71095, -0.14142, -0.51562],
							"size": [1.4219, 0.28283, 0.25],
							"uv": {
								"north": {"uv": [0, 0], "uv_size": [1, 1]},
								"east": {"uv": [0, 0], "uv_size": [1, 1]},
								"south": {"uv": [0, 0], "uv_size": [1, 1]},
								"west": {"uv": [0, 0], "uv_size": [1, 1]},
								"up": {"uv": [1, 1], "uv_size": [-1, -1]},
								"down": {"uv": [1, 1], "uv_size": [-1, -1]}
							}
						},
						{
							"origin": [-0.71095, -0.14142, -0.51562],
							"size": [1.4219, 0.28283, 0.25],
							"pivot": [0, 0, -1.26562],
							"rotation": [0, 0, 22.5],
							"uv": {
								"north": {"uv": [0, 0], "uv_size": [1, 1]},
								"east": {"uv": [0, 0], "uv_size": [1, 1]},
								"south": {"uv": [0, 0], "uv_size": [1, 1]},
								"west": {"uv": [0, 0], "uv_size": [1, 1]},
								"up": {"uv": [1, 1], "uv_size": [-1, -1]},
								"down": {"uv": [1, 1], "uv_size": [-1, -1]}
							}
						}
					]
				}
			]
		}
	]
}