{
	"format_version": "1.12.0",
	"minecraft:geometry": [
		{
			"description": {
				"identifier": "geometry.unknown",
				"texture_width": 128,
				"texture_height": 128,
				"visible_bounds_width": 7,
				"visible_bounds_height": 3,
				"visible_bounds_offset": [0, 0.5, 0]
			},
			"bones": [
				{
					"name": "root",
					"pivot": [0, 0, 0]
				},
				{
					"name": "right_elbow",
					"parent": "root",
					"pivot": [-8.4531, 1.9844, 5.2031]
				},
				{
					"name": "righthand_and_knife",
					"parent": "right_elbow",
					"pivot": [-7.3282, 2.5469, 3.8438]
				},
				{
					"name": "right_wrist",
					"parent": "righthand_and_knife",
					"pivot": [-7.3282, 4.57818, 0.12495]
				},
				{
					"name": "righthand",
					"parent": "right_wrist",
					"pivot": [11.01361, 18.81146, -1.48484]
				},
				{
					"name": "righthand_pos",
					"parent": "righthand",
					"pivot": [6.21974, 6.46762, -1.45292],
					"cubes": [
						{
							"origin": [10.21974, 6.46762, -3.45292],
							"size": [3, 12, 4],
							"uv": {
								"north": {"uv": [0, 0], "uv_size": [4, 12]},
								"east": {"uv": [4, 0], "uv_size": [4, 12]},
								"south": {"uv": [8, 0], "uv_size": [4, 12]},
								"west": {"uv": [0, 12], "uv_size": [4, 12]},
								"up": {"uv": [12, 0], "uv_size": [4, 4]},
								"down": {"uv": [4, 16], "uv_size": [4, -4]}
							}
						}
					]
				},
				{
					"name": "knife",
					"parent": "right_wrist",
					"pivot": [-1.5625, -0.03125, 3]
				},
				{
					"name": "bone",
					"parent": "knife",
					"pivot": [-3.3997, -1.56502, 2.90266],
					"cubes": [
						{
							"origin": [-3.59649, -0.90598, 2.64906],
							"size": [0.16074, 1.72522, 0.72152],
							"uv": {
								"north": {"uv": [19, 59], "uv_size": [0.5, 7.5]},
								"east": {"uv": [14, 27], "uv_size": [3, 7.5]},
								"south": {"uv": [47, 59], "uv_size": [0.5, 7.5]},
								"west": {"uv": [17, 27], "uv_size": [3, 7.5]},
								"up": {"uv": [3, 66], "uv_size": [0.5, 3]},
								"down": {"uv": [4, 69], "uv_size": [0.5, -3]}
							}
						},
						{
							"origin": [-3.51458, 0.82542, 2.64906],
							"size": [0.14645, 0.37505, 0.72152],
							"pivot": [-3.56995, 1.01295, 2.90266],
							"rotation": [0, 0, 24.25],
							"uv": {
								"north": {"uv": [42, 70], "uv_size": [0.5, 1.5]},
								"east": {"uv": [59, 25], "uv_size": [3, 1.5]},
								"south": {"uv": [43, 70], "uv_size": [0.5, 1.5]},
								"west": {"uv": [28, 59], "uv_size": [3, 1.5]},
								"up": {"uv": [5, 66], "uv_size": [0.5, 3]},
								"down": {"uv": [6, 69], "uv_size": [0.5, -3]}
							}
						},
						{
							"origin": [-3.44774, 1.14266, 2.64906],
							"size": [0.1234, 0.20102, 0.72152],
							"pivot": [-3.35746, 1.25567, 2.90266],
							"rotation": [0, 0, -0.25],
							"uv": {
								"north": {"uv": [59, 70], "uv_size": [0.5, 1]},
								"east": {"uv": [63, 27], "uv_size": [3, 1]},
								"south": {"uv": [70, 59], "uv_size": [0.5, 1]},
								"west": {"uv": [28, 63], "uv_size": [3, 1]},
								"up": {"uv": [34, 67], "uv_size": [0.5, 3]},
								"down": {"uv": [67, 42], "uv_size": [0.5, -3]}
							}
						},
						{
							"origin": [-3.20506, 1.15478, 2.64906],
							"size": [0.04914, 0.1789, 0.72152],
							"pivot": [-3.19336, 1.30282, 2.90266],
							"rotation": [0, 0, -7.75],
							"uv": {
								"north": {"uv": [70, 60], "uv_size": [0.5, 1]},
								"east": {"uv": [63, 30], "uv_size": [3, 1]},
								"south": {"uv": [70, 61], "uv_size": [0.5, 1]},
								"west": {"uv": [63, 33], "uv_size": [3, 1]},
								"up": {"uv": [42, 67], "uv_size": [0.5, 3]},
								"down": {"uv": [67, 45], "uv_size": [0.5, -3]}
							}
						},
						{
							"origin": [-3.20506, 1.31981, 2.64906],
							"size": [0.05715, 0.17461, 0.72152],
							"pivot": [-3.19336, 1.30282, 2.90266],
							"rotation": [0, 0, -26.75],
							"uv": {
								"north": {"uv": [70, 62], "uv_size": [0.5, 1]},
								"east": {"uv": [63, 34], "uv_size": [3, 1]},
								"south": {"uv": [63, 70], "uv_size": [0.5, 1]},
								"west": {"uv": [63, 37], "uv_size": [3, 1]},
								"up": {"uv": [43, 67], "uv_size": [0.5, 3]},
								"down": {"uv": [44, 70], "uv_size": [0.5, -3]}
							}
						},
						{
							"origin": [-3.37097, 1.46867, 2.64906],
							"size": [0.06875, 0.16252, 0.72152],
							"pivot": [-3.29597, 1.54389, 2.90266],
							"rotation": [0, 0, -53.75],
							"uv": {
								"north": {"uv": [71, 54], "uv_size": [0.5, 0.5]},
								"east": {"uv": [67, 32], "uv_size": [3, 0.5]},
								"south": {"uv": [56, 71], "uv_size": [0.5, 0.5]},
								"west": {"uv": [67, 36], "uv_size": [3, 0.5]},
								"up": {"uv": [45, 67], "uv_size": [0.5, 3]},
								"down": {"uv": [67, 48], "uv_size": [0.5, -3]}
							}
						},
						{
							"origin": [-3.6004, 1.5185, 2.64906],
							"size": [0.14029, 0.1238, 0.72152],
							"pivot": [-3.46601, 1.61819, 2.90266],
							"rotation": [0, 0, -70.5],
							"uv": {
								"north": {"uv": [57, 71], "uv_size": [0.5, 0.5]},
								"east": {"uv": [46, 67], "uv_size": [3, 0.5]},
								"south": {"uv": [58, 71], "uv_size": [0.5, 0.5]},
								"west": {"uv": [67, 48], "uv_size": [3, 0.5]},
								"up": {"uv": [67, 49], "uv_size": [0.5, 3]},
								"down": {"uv": [51, 70], "uv_size": [0.5, -3]}
							}
						},
						{
							"origin": [-3.55412, 1.5227, 2.64906],
							"size": [0.04708, 0.11045, 0.72152],
							"pivot": [-3.56077, 1.58911, 2.90266],
							"rotation": [0, 0, -81],
							"uv": {
								"north": {"uv": [71, 58], "uv_size": [0.5, 0.5]},
								"east": {"uv": [52, 67], "uv_size": [3, 0.5]},
								"south": {"uv": [59, 71], "uv_size": [0.5, 0.5]},
								"west": {"uv": [67, 52], "uv_size": [3, 0.5]},
								"up": {"uv": [67, 53], "uv_size": [0.5, 3]},
								"down": {"uv": [55, 70], "uv_size": [0.5, -3]}
							}
						},
						{
							"origin": [-3.66123, 1.55078, 2.64906],
							"size": [0.04708, 0.11045, 0.72152],
							"pivot": [-3.63769, 1.60601, 2.90266],
							"rotation": [0, 0, -112.75],
							"uv": {
								"north": {"uv": [71, 59], "uv_size": [0.5, 0.5]},
								"east": {"uv": [56, 67], "uv_size": [3, 0.5]},
								"south": {"uv": [60, 71], "uv_size": [0.5, 0.5]},
								"west": {"uv": [67, 56], "uv_size": [3, 0.5]},
								"up": {"uv": [59, 67], "uv_size": [0.5, 3]},
								"down": {"uv": [67, 62], "uv_size": [0.5, -3]}
							}
						},
						{
							"origin": [-3.69009, 1.6535, 2.64906],
							"size": [0.05065, 0.06402, 0.72152],
							"pivot": [-3.66297, 1.623, 2.90266],
							"rotation": [0, 0, -153.25],
							"uv": {
								"north": {"uv": [71, 60], "uv_size": [0.5, 0.5]},
								"east": {"uv": [67, 57], "uv_size": [3, 0.5]},
								"south": {"uv": [61, 71], "uv_size": [0.5, 0.5]},
								"west": {"uv": [60, 67], "uv_size": [3, 0.5]},
								"up": {"uv": [65, 67], "uv_size": [0.5, 3]},
								"down": {"uv": [66, 70], "uv_size": [0.5, -3]}
							}
						},
						{
							"origin": [-3.70881, 1.48501, 2.64906],
							"size": [0.0578, 0.06402, 0.72152],
							"pivot": [-3.68885, 1.51702, 2.90266],
							"rotation": [0, 0, -179.75],
							"uv": {
								"north": {"uv": [71, 61], "uv_size": [0.5, 0.5]},
								"east": {"uv": [67, 62], "uv_size": [3, 0.5]},
								"south": {"uv": [62, 71], "uv_size": [0.5, 0.5]},
								"west": {"uv": [67, 63], "uv_size": [3, 0.5]},
								"up": {"uv": [67, 67], "uv_size": [0.5, 3]},
								"down": {"uv": [68, 10], "uv_size": [0.5, -3]}
							}
						},
						{
							"origin": [-3.71187, 1.44328, 2.64906],
							"size": [0.04708, 0.0533, 0.72152],
							"pivot": [-3.68833, 1.47529, 2.90266],
							"rotation": [0, 0, 140.75],
							"uv": {
								"north": {"uv": [71, 62], "uv_size": [0.5, 0.5]},
								"east": {"uv": [67, 65], "uv_size": [3, 0.5]},
								"south": {"uv": [63, 71], "uv_size": [0.5, 0.5]},
								"west": {"uv": [68, 10], "uv_size": [3, 0.5]},
								"up": {"uv": [68, 11], "uv_size": [0.5, 3]},
								"down": {"uv": [12, 71], "uv_size": [0.5, -3]}
							}
						},
						{
							"origin": [-3.81288, 1.42889, 2.64906],
							"size": [0.17924, 0.16403, 0.72152],
							"pivot": [-3.65718, 1.4609, 2.90266],
							"rotation": [0, 0, 101],
							"uv": {
								"north": {"uv": [70, 63], "uv_size": [1, 0.5]},
								"east": {"uv": [68, 14], "uv_size": [3, 0.5]},
								"south": {"uv": [64, 70], "uv_size": [1, 0.5]},
								"west": {"uv": [68, 15], "uv_size": [3, 0.5]},
								"up": {"uv": [40, 63], "uv_size": [1, 3]},
								"down": {"uv": [41, 66], "uv_size": [1, -3]}
							}
						},
						{
							"origin": [-3.66643, 1.51105, 2.64906],
							"size": [0.02208, 0.11402, 0.72152],
							"pivot": [-3.65718, 1.4609, 2.90266],
							"rotation": [0, 0, 112.5],
							"uv": {
								"north": {"uv": [71, 63], "uv_size": [0.5, 0.5]},
								"east": {"uv": [68, 22], "uv_size": [3, 0.5]},
								"south": {"uv": [64, 71], "uv_size": [0.5, 0.5]},
								"west": {"uv": [23, 68], "uv_size": [3, 0.5]},
								"up": {"uv": [13, 68], "uv_size": [0.5, 3]},
								"down": {"uv": [14, 71], "uv_size": [0.5, -3]}
							}
						},
						{
							"origin": [-3.5164, 1.36119, 2.64906],
							"size": [0.22005, 0.20382, 0.72152],
							"pivot": [-3.38683, 1.43771, 2.90266],
							"rotation": [0, 0, -39.25],
							"uv": {
								"north": {"uv": [54, 60], "uv_size": [1, 1]},
								"east": {"uv": [63, 28], "uv_size": [3, 1]},
								"south": {"uv": [33, 61], "uv_size": [1, 1]},
								"west": {"uv": [63, 29], "uv_size": [3, 1]},
								"up": {"uv": [31, 63], "uv_size": [1, 3]},
								"down": {"uv": [32, 66], "uv_size": [1, -3]}
							}
						},
						{
							"origin": [-3.51458, -1.28722, 2.64906],
							"size": [0.14645, 0.37505, 0.72152],
							"pivot": [-3.56995, -1.0997, 2.90266],
							"rotation": [0, 0, -24.25],
							"uv": {
								"north": {"uv": [44, 70], "uv_size": [0.5, 1.5]},
								"east": {"uv": [44, 59], "uv_size": [3, 1.5]},
								"south": {"uv": [45, 70], "uv_size": [0.5, 1.5]},
								"west": {"uv": [55, 59], "uv_size": [3, 1.5]},
								"up": {"uv": [7, 66], "uv_size": [0.5, 3]},
								"down": {"uv": [8, 69], "uv_size": [0.5, -3]}
							}
						},
						{
							"origin": [-3.47172, -1.42296, 2.64906],
							"size": [0.05001, 0.11787, 0.72152],
							"pivot": [-3.52708, -1.49618, 2.90266],
							"rotation": [0, 0, 2.5],
							"uv": {
								"north": {"uv": [26, 71], "uv_size": [0.5, 0.5]},
								"east": {"uv": [66, 17], "uv_size": [3, 0.5]},
								"south": {"uv": [27, 71], "uv_size": [0.5, 0.5]},
								"west": {"uv": [66, 18], "uv_size": [3, 0.5]},
								"up": {"uv": [9, 66], "uv_size": [0.5, 3]},
								"down": {"uv": [18, 69], "uv_size": [0.5, -3]}
							}
						},
						{
							"origin": [-3.5054, -1.57303, 2.64906],
							"size": [0.05001, 0.10359, 0.72152],
							"pivot": [-3.4804, -1.5266, 2.90266],
							"rotation": [0, 0, 25.25],
							"uv": {
								"north": {"uv": [71, 27], "uv_size": [0.5, 0.5]},
								"east": {"uv": [66, 23], "uv_size": [3, 0.5]},
								"south": {"uv": [28, 71], "uv_size": [0.5, 0.5]},
								"west": {"uv": [66, 24], "uv_size": [3, 0.5]},
								"up": {"uv": [21, 66], "uv_size": [0.5, 3]},
								"down": {"uv": [22, 69], "uv_size": [0.5, -3]}
							}
						},
						{
							"origin": [-3.57055, -1.65046, 2.64906],
							"size": [0.08215, 0.11787, 0.72152],
							"pivot": [-3.54554, -1.60403, 2.90266],
							"rotation": [0, 0, 49.75],
							"uv": {
								"north": {"uv": [71, 28], "uv_size": [0.5, 0.5]},
								"east": {"uv": [66, 25], "uv_size": [3, 0.5]},
								"south": {"uv": [29, 71], "uv_size": [0.5, 0.5]},
								"west": {"uv": [66, 27], "uv_size": [3, 0.5]},
								"up": {"uv": [66, 28], "uv_size": [0.5, 3]},
								"down": {"uv": [31, 69], "uv_size": [0.5, -3]}
							}
						},
						{
							"origin": [-3.50883, -1.79776, 2.64906],
							"size": [0.0893, 0.07501, 0.72152],
							"pivot": [-3.46061, -1.73883, 2.90266],
							"rotation": [0, 0, 70],
							"uv": {
								"north": {"uv": [71, 50], "uv_size": [0.5, 0.5]},
								"east": {"uv": [67, 20], "uv_size": [3, 0.5]},
								"south": {"uv": [71, 51], "uv_size": [0.5, 0.5]},
								"west": {"uv": [67, 21], "uv_size": [3, 0.5]},
								"up": {"uv": [19, 67], "uv_size": [0.5, 3]},
								"down": {"uv": [26, 70], "uv_size": [0.5, -3]}
							}
						},
						{
							"origin": [-3.66191, -1.74129, 2.64906],
							"size": [0.05001, 0.15002, 0.72152],
							"pivot": [-3.6369, -1.65913, 2.90266],
							"rotation": [0, 0, 65],
							"uv": {
								"north": {"uv": [71, 29], "uv_size": [0.5, 0.5]},
								"east": {"uv": [32, 66], "uv_size": [3, 0.5]},
								"south": {"uv": [30, 71], "uv_size": [0.5, 0.5]},
								"west": {"uv": [66, 33], "uv_size": [3, 0.5]},
								"up": {"uv": [35, 66], "uv_size": [0.5, 3]},
								"down": {"uv": [36, 69], "uv_size": [0.5, -3]}
							}
						},
						{
							"origin": [-3.63758, -1.86304, 2.64906],
							"size": [0.08215, 0.15002, 0.72152],
							"pivot": [-3.58043, -1.78803, 2.90266],
							"rotation": [0, 0, 78.5],
							"uv": {
								"north": {"uv": [71, 48], "uv_size": [0.5, 0.5]},
								"east": {"uv": [67, 16], "uv_size": [3, 0.5]},
								"south": {"uv": [71, 49], "uv_size": [0.5, 0.5]},
								"west": {"uv": [67, 19], "uv_size": [3, 0.5]},
								"up": {"uv": [16, 67], "uv_size": [0.5, 3]},
								"down": {"uv": [17, 70], "uv_size": [0.5, -3]}
							}
						},
						{
							"origin": [-3.6119, -1.78772, 2.64906],
							"size": [0.08573, 0.36076, 0.72152],
							"pivot": [-3.6369, -1.65913, 2.90266],
							"rotation": [0, 0, 65],
							"uv": {
								"north": {"uv": [46, 70], "uv_size": [0.5, 1.5]},
								"east": {"uv": [60, 12], "uv_size": [3, 1.5]},
								"south": {"uv": [47, 70], "uv_size": [0.5, 1.5]},
								"west": {"uv": [60, 33], "uv_size": [3, 1.5]},
								"up": {"uv": [67, 13], "uv_size": [0.5, 3]},
								"down": {"uv": [15, 70], "uv_size": [0.5, -3]}
							}
						},
						{
							"origin": [-3.44417, -1.76414, 2.64906],
							"size": [0.08074, 0.12897, 0.72152],
							"pivot": [-3.40488, -1.70305, 2.90266],
							"rotation": [0, 0, 55.25],
							"uv": {
								"north": {"uv": [71, 52], "uv_size": [0.5, 0.5]},
								"east": {"uv": [27, 67], "uv_size": [3, 0.5]},
								"south": {"uv": [71, 53], "uv_size": [0.5, 0.5]},
								"west": {"uv": [67, 28], "uv_size": [3, 0.5]},
								"up": {"uv": [67, 29], "uv_size": [0.5, 3]},
								"down": {"uv": [30, 70], "uv_size": [0.5, -3]}
							}
						},
						{
							"origin": [-3.7711, -1.75007, 2.64906],
							"size": [0.05001, 0.07858, 0.72152],
							"pivot": [-3.7461, -1.73936, 2.90266],
							"rotation": [0, 0, 39.75],
							"uv": {
								"north": {"uv": [71, 31], "uv_size": [0.5, 0.5]},
								"east": {"uv": [66, 34], "uv_size": [3, 0.5]},
								"south": {"uv": [32, 71], "uv_size": [0.5, 0.5]},
								"west": {"uv": [66, 37], "uv_size": [3, 0.5]},
								"up": {"uv": [37, 66], "uv_size": [0.5, 3]},
								"down": {"uv": [39, 69], "uv_size": [0.5, -3]}
							}
						},
						{
							"origin": [-3.75808, -1.79112, 2.64906],
							"size": [0.05001, 0.03215, 0.72152],
							"pivot": [-3.73307, -1.82684, 2.90266],
							"rotation": [0, 0, -18.5],
							"uv": {
								"north": {"uv": [71, 32], "uv_size": [0.5, 0.5]},
								"east": {"uv": [51, 66], "uv_size": [3, 0.5]},
								"south": {"uv": [33, 71], "uv_size": [0.5, 0.5]},
								"west": {"uv": [54, 66], "uv_size": [3, 0.5]},
								"up": {"uv": [40, 66], "uv_size": [0.5, 3]},
								"down": {"uv": [41, 69], "uv_size": [0.5, -3]}
							}
						},
						{
							"origin": [-3.7831, -1.77398, 2.64906],
							"size": [0.05001, 0.03929, 0.72152],
							"pivot": [-3.75809, -1.80255, 2.90266],
							"rotation": [0, 0, 9],
							"uv": {
								"north": {"uv": [34, 71], "uv_size": [0.5, 0.5]},
								"east": {"uv": [57, 66], "uv_size": [3, 0.5]},
								"south": {"uv": [71, 35], "uv_size": [0.5, 0.5]},
								"west": {"uv": [60, 66], "uv_size": [3, 0.5]},
								"up": {"uv": [63, 66], "uv_size": [0.5, 3]},
								"down": {"uv": [64, 69], "uv_size": [0.5, -3]}
							}
						},
						{
							"origin": [-3.72207, -1.78585, 2.64906],
							"size": [0.05001, 0.03929, 0.72152],
							"pivot": [-3.69707, -1.81442, 2.90266],
							"rotation": [0, 0, -59],
							"uv": {
								"north": {"uv": [71, 38], "uv_size": [0.5, 0.5]},
								"east": {"uv": [67, 1], "uv_size": [3, 0.5]},
								"south": {"uv": [71, 47], "uv_size": [0.5, 0.5]},
								"west": {"uv": [67, 2], "uv_size": [3, 0.5]},
								"up": {"uv": [67, 10], "uv_size": [0.5, 3]},
								"down": {"uv": [11, 70], "uv_size": [0.5, -3]}
							}
						},
						{
							"origin": [-3.7469, -1.80771, 2.64906],
							"size": [0.05001, 0.08573, 0.72152],
							"pivot": [-3.7219, -1.797, 2.90266],
							"rotation": [0, 0, 94.25],
							"uv": {
								"north": {"uv": [71, 36], "uv_size": [0.5, 0.5]},
								"east": {"uv": [65, 66], "uv_size": [3, 0.5]},
								"south": {"uv": [71, 37], "uv_size": [0.5, 0.5]},
								"west": {"uv": [67, 0], "uv_size": [3, 0.5]},
								"up": {"uv": [67, 7], "uv_size": [0.5, 3]},
								"down": {"uv": [10, 70], "uv_size": [0.5, -3]}
							}
						},
						{
							"origin": [-3.46101, -1.32651, 2.64906],
							"size": [0.05001, 0.17502, 0.72152],
							"pivot": [-3.51637, -1.33902, 2.90266],
							"rotation": [0, 0, -8],
							"uv": {
								"north": {"uv": [56, 70], "uv_size": [0.5, 1]},
								"east": {"uv": [63, 8], "uv_size": [3, 1]},
								"south": {"uv": [70, 58], "uv_size": [0.5, 1]},
								"west": {"uv": [23, 63], "uv_size": [3, 1]},
								"up": {"uv": [66, 19], "uv_size": [0.5, 3]},
								"down": {"uv": [20, 69], "uv_size": [0.5, -3]}
							}
						},
						{
							"origin": [-3.44245, -1.24779, 2.64906],
							"size": [0.30616, 2.40897, 0.72152],
							"uv": {
								"north": {"uv": [0, 43], "uv_size": [1.5, 10.5]},
								"east": {"uv": [0, 19], "uv_size": [3, 10.5]},
								"south": {"uv": [2, 43], "uv_size": [1.5, 10.5]},
								"west": {"uv": [3, 19], "uv_size": [3, 10.5]},
								"up": {"uv": [10, 24], "uv_size": [1.5, 3]},
								"down": {"uv": [26, 62], "uv_size": [1.5, -3]}
							}
						},
						{
							"origin": [-3.34958, 1.11649, 2.64906],
							"size": [0.16357, 0.31616, 0.72152],
							"pivot": [-3.28937, 1.24614, 2.90266],
							"rotation": [0, 0, -18.75],
							"uv": {
								"north": {"uv": [70, 47], "uv_size": [0.5, 1.5]},
								"east": {"uv": [34, 60], "uv_size": [3, 1.5]},
								"south": {"uv": [48, 70], "uv_size": [0.5, 1.5]},
								"west": {"uv": [37, 60], "uv_size": [3, 1.5]},
								"up": {"uv": [32, 67], "uv_size": [0.5, 3]},
								"down": {"uv": [33, 70], "uv_size": [0.5, -3]}
							}
						},
						{
							"origin": [-3.44095, -1.51053, 2.64906],
							"size": [0.27756, 0.30506, 0.72152],
							"pivot": [-3.31616, -1.33311, 2.90266],
							"rotation": [0, 0, 14.5],
							"uv": {
								"north": {"uv": [66, 0], "uv_size": [1, 1.5]},
								"east": {"uv": [59, 57], "uv_size": [3, 1.5]},
								"south": {"uv": [66, 7], "uv_size": [1, 1.5]},
								"west": {"uv": [58, 59], "uv_size": [3, 1.5]},
								"up": {"uv": [63, 14], "uv_size": [1, 3]},
								"down": {"uv": [18, 66], "uv_size": [1, -3]}
							}
						},
						{
							"origin": [-3.48163, -1.62932, 2.64906],
							"size": [0.22037, 0.19195, 0.72152],
							"pivot": [-3.3997, -1.56502, 2.90266],
							"rotation": [0, 0, 36],
							"uv": {
								"north": {"uv": [50, 48], "uv_size": [1, 1]},
								"east": {"uv": [26, 32], "uv_size": [3, 1]},
								"south": {"uv": [51, 7], "uv_size": [1, 1]},
								"west": {"uv": [63, 7], "uv_size": [3, 1]},
								"up": {"uv": [20, 63], "uv_size": [1, 3]},
								"down": {"uv": [21, 66], "uv_size": [1, -3]}
							}
						}
					]
				},
				{
					"name": "bone4",
					"parent": "knife",
					"pivot": [-3.3997, -1.56502, 2.90266]
				},
				{
					"name": "bone2",
					"parent": "bone4",
					"pivot": [-2.82496, -3.03125, 2.88838],
					"cubes": [
						{
							"origin": [-3.14241, -0.30124, 2.8348],
							"size": [5.37567, 0.53017, 0.32504],
							"uv": {
								"north": {"uv": [0, 0], "uv_size": [23.5, 2.5]},
								"east": {"uv": [26, 62], "uv_size": [1.5, 2.5]},
								"south": {"uv": [0, 3], "uv_size": [23.5, 2.5]},
								"west": {"uv": [33, 62], "uv_size": [1.5, 2.5]},
								"up": {"uv": [0, 17], "uv_size": [23.5, 1.5]},
								"down": {"uv": [17, 7.5], "uv_size": [23.5, -1.5]}
							}
						},
						{
							"origin": [-3.114, 0.35614, 2.8348],
							"size": [0.94195, 0.4623, 0.32504],
							"pivot": [-1.70183, 0.07473, 2.99553],
							"rotation": [0, 0, -16.75],
							"uv": {
								"north": {"uv": [55, 4], "uv_size": [4, 2]},
								"east": {"uv": [44, 36], "uv_size": [1.5, 2]},
								"south": {"uv": [16, 55], "uv_size": [4, 2]},
								"west": {"uv": [12, 47], "uv_size": [1.5, 2]},
								"up": {"uv": [58, 31], "uv_size": [4, 1.5]},
								"down": {"uv": [34, 59.5], "uv_size": [4, -1.5]}
							}
						},
						{
							"origin": [-2.34891, 0.13957, 2.8348],
							"size": [1.39558, 0.5516, 0.32504],
							"pivot": [-1.87793, 0.46002, 2.99553],
							"rotation": [0, 0, -4.75],
							"uv": {
								"north": {"uv": [34, 45], "uv_size": [6, 2.5]},
								"east": {"uv": [35, 62], "uv_size": [1.5, 2.5]},
								"south": {"uv": [40, 45], "uv_size": [6, 2.5]},
								"west": {"uv": [37, 62], "uv_size": [1.5, 2.5]},
								"up": {"uv": [52, 10], "uv_size": [6, 1.5]},
								"down": {"uv": [27, 53.5], "uv_size": [6, -1.5]}
							}
						},
						{
							"origin": [0.38362, 0.14725, 2.8348],
							"size": [0.94195, 0.56231, 0.32504],
							"pivot": [0.85459, 0.45162, 2.99553],
							"rotation": [0, 0, 7.25],
							"uv": {
								"north": {"uv": [8, 51], "uv_size": [4, 2.5]},
								"east": {"uv": [51, 62], "uv_size": [1.5, 2.5]},
								"south": {"uv": [12, 51], "uv_size": [4, 2.5]},
								"west": {"uv": [62, 51], "uv_size": [1.5, 2.5]},
								"up": {"uv": [58, 35], "uv_size": [4, 1.5]},
								"down": {"uv": [38, 59.5], "uv_size": [4, -1.5]}
							}
						},
						{
							"origin": [1.22644, 0.05826, 2.8348],
							"size": [1.06697, 0.5516, 0.32504],
							"pivot": [1.80458, 0.37871, 2.99553],
							"rotation": [0, 0, 4.75],
							"uv": {
								"north": {"uv": [24, 49], "uv_size": [4.5, 2.5]},
								"east": {"uv": [62, 45], "uv_size": [1.5, 2.5]},
								"south": {"uv": [29, 49], "uv_size": [4.5, 2.5]},
								"west": {"uv": [62, 48], "uv_size": [1.5, 2.5]},
								"up": {"uv": [58, 10], "uv_size": [4.5, 1.5]},
								"down": {"uv": [58, 15.5], "uv_size": [4.5, -1.5]}
							}
						},
						{
							"origin": [-0.97564, 0.21534, 2.8348],
							"size": [1.39558, 0.5516, 0.32504],
							"uv": {
								"north": {"uv": [14, 46], "uv_size": [6, 2.5]},
								"east": {"uv": [42, 62], "uv_size": [1.5, 2.5]},
								"south": {"uv": [46, 27], "uv_size": [6, 2.5]},
								"west": {"uv": [62, 42], "uv_size": [1.5, 2.5]},
								"up": {"uv": [52, 27], "uv_size": [6, 1.5]},
								"down": {"uv": [52, 30.5], "uv_size": [6, -1.5]}
							}
						},
						{
							"origin": [1.28525, -0.86906, 2.8348],
							"size": [1.00141, 0.58373, 0.32504],
							"pivot": [-0.49721, -0.43239, 2.99553],
							"rotation": [0, 0, -4.75],
							"uv": {
								"north": {"uv": [46, 49], "uv_size": [4.5, 2.5]},
								"east": {"uv": [53, 62], "uv_size": [1.5, 2.5]},
								"south": {"uv": [18, 50], "uv_size": [4.5, 2.5]},
								"west": {"uv": [62, 54], "uv_size": [1.5, 2.5]},
								"up": {"uv": [58, 27], "uv_size": [4.5, 1.5]},
								"down": {"uv": [58, 30.5], "uv_size": [4.5, -1.5]}
							}
						},
						{
							"origin": [0.36068, -0.94827, 2.8348],
							"size": [0.94665, 0.59923, 0.32504],
							"pivot": [-0.49721, -0.43239, 2.99553],
							"rotation": [0, 0, -7.25],
							"uv": {
								"north": {"uv": [51, 19], "uv_size": [4, 2.5]},
								"east": {"uv": [55, 62], "uv_size": [1.5, 2.5]},
								"south": {"uv": [51, 48], "uv_size": [4, 2.5]},
								"west": {"uv": [57, 62], "uv_size": [1.5, 2.5]},
								"up": {"uv": [58, 45], "uv_size": [4, 1.5]},
								"down": {"uv": [58, 48.5], "uv_size": [4, -1.5]}
							}
						},
						{
							"origin": [-0.97564, -0.83587, 2.8348],
							"size": [1.39457, 0.77771, 0.32504],
							"uv": {
								"north": {"uv": [0, 30], "uv_size": [6, 3.5]},
								"east": {"uv": [42, 58], "uv_size": [1.5, 3.5]},
								"south": {"uv": [22, 38], "uv_size": [6, 3.5]},
								"west": {"uv": [4, 59], "uv_size": [1.5, 3.5]},
								"up": {"uv": [52, 31], "uv_size": [6, 1.5]},
								"down": {"uv": [52, 37.5], "uv_size": [6, -1.5]}
							}
						},
						{
							"origin": [-2.33859, -0.87411, 2.8348],
							"size": [1.398, 0.55781, 0.32504],
							"pivot": [-0.49721, -0.43239, 2.99553],
							"rotation": [0, 0, 4.75],
							"uv": {
								"north": {"uv": [46, 30], "uv_size": [6, 2.5]},
								"east": {"uv": [62, 61], "uv_size": [1.5, 2.5]},
								"south": {"uv": [46, 36], "uv_size": [6, 2.5]},
								"west": {"uv": [0, 63], "uv_size": [1.5, 2.5]},
								"up": {"uv": [16, 53], "uv_size": [6, 1.5]},
								"down": {"uv": [38, 54.5], "uv_size": [6, -1.5]}
							}
						},
						{
							"origin": [-3.47391, -1.20004, 2.8348],
							"size": [0.94966, 0.49858, 0.32504],
							"pivot": [-0.81659, -1.48784, 2.99553],
							"rotation": [0, 0, 16.75],
							"uv": {
								"north": {"uv": [55, 19], "uv_size": [4, 2]},
								"east": {"uv": [16, 51], "uv_size": [1.5, 2]},
								"south": {"uv": [23, 55], "uv_size": [4, 2]},
								"west": {"uv": [63, 39], "uv_size": [1.5, 2]},
								"up": {"uv": [58, 49], "uv_size": [4, 1.5]},
								"down": {"uv": [58, 52.5], "uv_size": [4, -1.5]}
							}
						},
						{
							"origin": [-2.38837, -0.84071, 3.02134],
							"size": [3.74638, 0.35767, 0.39585],
							"pivot": [1.57059, -0.61597, 2.92945],
							"rotation": [45, 0, 0],
							"uv": {
								"north": {"uv": [29, 29], "uv_size": [16.5, 1.5]},
								"east": {"uv": [65, 45], "uv_size": [1.5, 1.5]},
								"south": {"uv": [30, 19], "uv_size": [16.5, 1.5]},
								"west": {"uv": [65, 47], "uv_size": [1.5, 1.5]},
								"up": {"uv": [30, 21], "uv_size": [16.5, 1.5]},
								"down": {"uv": [29, 32.5], "uv_size": [16.5, -1.5]}
							}
						},
						{
							"origin": [-2.3598, -0.74093, 2.54327],
							"size": [3.71033, 0.26377, 0.39504],
							"pivot": [1.57059, -0.61008, 2.93295],
							"rotation": [-45, 0, 0],
							"uv": {
								"north": {"uv": [41, 17], "uv_size": [16, 1]},
								"east": {"uv": [69, 24], "uv_size": [1.5, 1]},
								"south": {"uv": [41, 18], "uv_size": [16, 1]},
								"west": {"uv": [69, 25], "uv_size": [1.5, 1]},
								"up": {"uv": [32, 8], "uv_size": [16, 1.5]},
								"down": {"uv": [32, 11.5], "uv_size": [16, -1.5]}
							}
						},
						{
							"origin": [-2.38837, 0.41537, 3.02181],
							"size": [3.74273, 0.35767, 0.39538],
							"pivot": [1.57059, 0.54829, 2.92945],
							"rotation": [-45, 0, 0],
							"uv": {
								"north": {"uv": [23, 12], "uv_size": [16.5, 1.5]},
								"east": {"uv": [42, 65], "uv_size": [1.5, 1.5]},
								"south": {"uv": [24, 4], "uv_size": [16.5, 1.5]},
								"west": {"uv": [65, 43], "uv_size": [1.5, 1.5]},
								"up": {"uv": [24, 17], "uv_size": [16.5, 1.5]},
								"down": {"uv": [29, 28.5], "uv_size": [16.5, -1.5]}
							}
						},
						{
							"origin": [-2.3598, 0.41537, 2.54225],
							"size": [3.71033, 0.26129, 0.39256],
							"pivot": [1.57059, 0.54829, 2.92945],
							"rotation": [45, 0, 0],
							"uv": {
								"north": {"uv": [40, 12], "uv_size": [16, 1]},
								"east": {"uv": [69, 23], "uv_size": [1.5, 1]},
								"south": {"uv": [40, 13], "uv_size": [16, 1]},
								"west": {"uv": [24, 69], "uv_size": [1.5, 1]},
								"up": {"uv": [32, 0], "uv_size": [16, 1.5]},
								"down": {"uv": [32, 3.5], "uv_size": [16, -1.5]}
							}
						},
						{
							"origin": [-2.68126, 0.41537, 2.61726],
							"size": [4.97477, 0.17914, 0.22825],
							"pivot": [1.57059, 0.54829, 2.92945],
							"rotation": [45, 0, 0],
							"uv": {
								"north": {"uv": [32, 14], "uv_size": [22, 1]},
								"east": {"uv": [19, 70], "uv_size": [1, 1]},
								"south": {"uv": [32, 15], "uv_size": [22, 1]},
								"west": {"uv": [70, 28], "uv_size": [1, 1]},
								"up": {"uv": [32, 16], "uv_size": [22, 1]},
								"down": {"uv": [20, 34], "uv_size": [22, -1]}
							}
						},
						{
							"origin": [-2.68126, 0.41537, 3.14912],
							"size": [4.97477, 0.17914, 0.22825],
							"pivot": [1.57059, 0.54829, 3.06518],
							"rotation": [-45, 0, 0],
							"uv": {
								"north": {"uv": [20, 34], "uv_size": [22, 1]},
								"east": {"uv": [30, 70], "uv_size": [1, 1]},
								"south": {"uv": [14, 35], "uv_size": [22, 1]},
								"west": {"uv": [70, 31], "uv_size": [1, 1]},
								"up": {"uv": [0, 36], "uv_size": [22, 1]},
								"down": {"uv": [22, 37], "uv_size": [22, -1]}
							}
						},
						{
							"origin": [-2.68126, -0.67054, 3.14912],
							"size": [4.97477, 0.17914, 0.22825],
							"pivot": [1.57059, -0.62433, 3.06518],
							"rotation": [45, 0, 0],
							"uv": {
								"north": {"uv": [37, 24], "uv_size": [22, 1]},
								"east": {"uv": [33, 70], "uv_size": [1, 1]},
								"south": {"uv": [37, 25], "uv_size": [22, 1]},
								"west": {"uv": [34, 70], "uv_size": [1, 1]},
								"up": {"uv": [37, 26], "uv_size": [22, 1]},
								"down": {"uv": [0, 39], "uv_size": [22, -1]}
							}
						},
						{
							"origin": [-2.68126, -0.67054, 2.61726],
							"size": [4.97477, 0.17914, 0.22825],
							"pivot": [1.57059, -0.62433, 2.92945],
							"rotation": [-45, 0, 0],
							"uv": {
								"north": {"uv": [36, 35], "uv_size": [22, 1]},
								"east": {"uv": [32, 70], "uv_size": [1, 1]},
								"south": {"uv": [0, 37], "uv_size": [22, 1]},
								"west": {"uv": [70, 32], "uv_size": [1, 1]},
								"up": {"uv": [22, 37], "uv_size": [22, 1]},
								"down": {"uv": [37, 24], "uv_size": [22, -1]}
							}
						}
					]
				},
				{
					"name": "bone3",
					"parent": "bone4",
					"pivot": [-0.18984, -0.01094, 2.99732],
					"rotation": [-90, 0, 0],
					"cubes": [
						{
							"origin": [1.30296, -0.59372, 2.62111],
							"size": [0.97128, 0.47475, 0.79233],
							"pivot": [-0.47506, -0.20334, 3.01728],
							"rotation": [0, 0, -4.75],
							"uv": {
								"north": {"uv": [46, 52], "uv_size": [4.5, 2]},
								"east": {"uv": [16, 57], "uv_size": [3.5, 2]},
								"south": {"uv": [0, 54], "uv_size": [4.5, 2]},
								"west": {"uv": [57, 17], "uv_size": [3.5, 2]},
								"up": {"uv": [4, 43], "uv_size": [4.5, 3.5]},
								"down": {"uv": [9, 46.5], "uv_size": [4.5, -3.5]}
							}
						},
						{
							"origin": [0.36653, -0.67184, 2.62111],
							"size": [0.93912, 0.54003, 0.79233],
							"pivot": [-0.47506, -0.20334, 3.01728],
							"rotation": [0, 0, -7.25],
							"uv": {
								"north": {"uv": [51, 51], "uv_size": [4, 2.5]},
								"east": {"uv": [54, 14], "uv_size": [3.5, 2.5]},
								"south": {"uv": [52, 0], "uv_size": [4, 2.5]},
								"west": {"uv": [27, 54], "uv_size": [3.5, 2.5]},
								"up": {"uv": [4, 47], "uv_size": [4, 3.5]},
								"down": {"uv": [47, 7.5], "uv_size": [4, -3.5]}
							}
						},
						{
							"origin": [-0.97564, -0.56188, 2.62111],
							"size": [1.39457, 0.66803, 0.79233],
							"uv": {
								"north": {"uv": [24, 42], "uv_size": [6, 3]},
								"east": {"uv": [6, 33], "uv_size": [3.5, 3]},
								"south": {"uv": [30, 42], "uv_size": [6, 3]},
								"west": {"uv": [18, 39], "uv_size": [3.5, 3]},
								"up": {"uv": [28, 38], "uv_size": [6, 3.5]},
								"down": {"uv": [34, 41.5], "uv_size": [6, -3.5]}
							}
						},
						{
							"origin": [-2.33315, -0.60211, 2.62111],
							"size": [1.38892, 0.4485, 0.79233],
							"pivot": [-0.47506, -0.20334, 3.01728],
							"rotation": [0, 0, 4.75],
							"uv": {
								"north": {"uv": [0, 34], "uv_size": [6, 2]},
								"east": {"uv": [56, 12], "uv_size": [3.5, 2]},
								"south": {"uv": [34, 48], "uv_size": [6, 2]},
								"west": {"uv": [56, 33], "uv_size": [3.5, 2]},
								"up": {"uv": [0, 39], "uv_size": [6, 3.5]},
								"down": {"uv": [6, 42.5], "uv_size": [6, -3.5]}
							}
						},
						{
							"origin": [-3.13658, -0.97971, 2.62111],
							"size": [0.92694, 0.39166, 0.79233],
							"pivot": [-0.47506, -0.20334, 3.01728],
							"rotation": [0, 0, 16.75],
							"uv": {
								"north": {"uv": [58, 53], "uv_size": [4, 1.5]},
								"east": {"uv": [59, 4], "uv_size": [3.5, 1.5]},
								"south": {"uv": [58, 55], "uv_size": [4, 1.5]},
								"west": {"uv": [6, 59], "uv_size": [3.5, 1.5]},
								"up": {"uv": [20, 46], "uv_size": [4, 3.5]},
								"down": {"uv": [46, 48.5], "uv_size": [4, -3.5]}
							}
						}
					]
				},
				{
					"name": "bone5",
					"parent": "bone4",
					"pivot": [-0.21841, -0.0538, 2.99732],
					"rotation": [90, 0, 0],
					"cubes": [
						{
							"origin": [1.27438, -0.63658, 2.62111],
							"size": [0.99628, 0.47475, 0.79233],
							"pivot": [-0.50363, -0.2462, 3.01728],
							"rotation": [0, 0, -4.75],
							"uv": {
								"north": {"uv": [5, 54], "uv_size": [4.5, 2]},
								"east": {"uv": [23, 57], "uv_size": [3.5, 2]},
								"south": {"uv": [10, 54], "uv_size": [4.5, 2]},
								"west": {"uv": [27, 57], "uv_size": [3.5, 2]},
								"up": {"uv": [24, 45], "uv_size": [4.5, 3.5]},
								"down": {"uv": [29, 48.5], "uv_size": [4.5, -3.5]}
							}
						},
						{
							"origin": [0.33796, -0.7147, 2.62111],
							"size": [0.93912, 0.54003, 0.79233],
							"pivot": [-0.50363, -0.2462, 3.01728],
							"rotation": [0, 0, -7.25],
							"uv": {
								"north": {"uv": [52, 7], "uv_size": [4, 2.5]},
								"east": {"uv": [44, 54], "uv_size": [3.5, 2.5]},
								"south": {"uv": [23, 52], "uv_size": [4, 2.5]},
								"west": {"uv": [54, 45], "uv_size": [3.5, 2.5]},
								"up": {"uv": [8, 47], "uv_size": [4, 3.5]},
								"down": {"uv": [47, 22.5], "uv_size": [4, -3.5]}
							}
						},
						{
							"origin": [-1.00422, -0.60475, 2.62111],
							"size": [1.39457, 0.66803, 0.79233],
							"uv": {
								"north": {"uv": [36, 42], "uv_size": [6, 3]},
								"east": {"uv": [14, 43], "uv_size": [3.5, 3]},
								"south": {"uv": [42, 42], "uv_size": [6, 3]},
								"west": {"uv": [38, 50], "uv_size": [3.5, 3]},
								"up": {"uv": [12, 39], "uv_size": [6, 3.5]},
								"down": {"uv": [40, 41.5], "uv_size": [6, -3.5]}
							}
						},
						{
							"origin": [-2.36173, -0.64497, 2.62111],
							"size": [1.38892, 0.4485, 0.79233],
							"pivot": [-0.50363, -0.2462, 3.01728],
							"rotation": [0, 0, 4.75],
							"uv": {
								"north": {"uv": [40, 48], "uv_size": [6, 2]},
								"east": {"uv": [44, 57], "uv_size": [3.5, 2]},
								"south": {"uv": [12, 49], "uv_size": [6, 2]},
								"west": {"uv": [55, 57], "uv_size": [3.5, 2]},
								"up": {"uv": [41, 4], "uv_size": [6, 3.5]},
								"down": {"uv": [18, 45.5], "uv_size": [6, -3.5]}
							}
						},
						{
							"origin": [-3.16515, -1.02257, 2.62111],
							"size": [0.92694, 0.39166, 0.79233],
							"pivot": [-0.50363, -0.2462, 3.01728],
							"rotation": [0, 0, 16.75],
							"uv": {
								"north": {"uv": [0, 59], "uv_size": [4, 1.5]},
								"east": {"uv": [59, 7], "uv_size": [3.5, 1.5]},
								"south": {"uv": [59, 0], "uv_size": [4, 1.5]},
								"west": {"uv": [10, 59], "uv_size": [3.5, 1.5]},
								"up": {"uv": [48, 0], "uv_size": [4, 3.5]},
								"down": {"uv": [48, 11.5], "uv_size": [4, -3.5]}
							}
						}
					]
				},
				{
					"name": "bone6",
					"parent": "knife",
					"pivot": [-3.125, -3.03125, 3.56346],
					"cubes": [
						{
							"origin": [2.88647, -0.43098, 2.02184],
							"size": [0.22146, 0.78592, 1.89738],
							"pivot": [2.90075, -0.03802, 2.97053],
							"rotation": [-45, 0, 0],
							"uv": {
								"north": {"uv": [22, 62], "uv_size": [1, 3.5]},
								"east": {"uv": [12, 19], "uv_size": [8.5, 3.5]},
								"south": {"uv": [39, 62], "uv_size": [1, 3.5]},
								"west": {"uv": [21, 19], "uv_size": [8.5, 3.5]},
								"up": {"uv": [33, 52], "uv_size": [1, 8.5]},
								"down": {"uv": [22, 61.5], "uv_size": [1, -8.5]}
							}
						},
						{
							"origin": [2.88654, -0.4309, 2.02191],
							"size": [0.2213, 0.78577, 1.89723],
							"inflate": 0.0001,
							"uv": {
								"north": {"uv": [9, 19], "uv_size": [1, 3.5]},
								"east": {"uv": [45, 72], "uv_size": [8.5, 3.5]},
								"south": {"uv": [10, 19], "uv_size": [1, 3.5]},
								"west": {"uv": [72, 51], "uv_size": [8.5, 3.5]},
								"up": {"uv": [72, 55], "uv_size": [1, 8.5]},
								"down": {"uv": [56, 80.5], "uv_size": [1, -8.5]}
							}
						},
						{
							"origin": [2.88647, -0.98671, 2.57757],
							"size": [0.22146, 1.89738, 0.78592],
							"pivot": [2.90075, -0.03802, 2.97053],
							"rotation": [-45, 0, 0],
							"uv": {
								"north": {"uv": [32, 54], "uv_size": [1, 8.5]},
								"east": {"uv": [21, 23], "uv_size": [3.5, 8.5]},
								"south": {"uv": [48, 54], "uv_size": [1, 8.5]},
								"west": {"uv": [6, 24], "uv_size": [3.5, 8.5]},
								"up": {"uv": [11, 63], "uv_size": [1, 3.5]},
								"down": {"uv": [15, 66.5], "uv_size": [1, -3.5]}
							}
						},
						{
							"origin": [2.88662, -0.98655, 2.57772],
							"size": [0.22115, 1.89707, 0.78561],
							"inflate": 0.0002,
							"uv": {
								"north": {"uv": [54, 72], "uv_size": [1, 8.5]},
								"east": {"uv": [41, 72], "uv_size": [3.5, 8.5]},
								"south": {"uv": [55, 72], "uv_size": [1, 8.5]},
								"west": {"uv": [72, 42], "uv_size": [3.5, 8.5]},
								"up": {"uv": [8, 19], "uv_size": [1, 3.5]},
								"down": {"uv": [19, 11.5], "uv_size": [1, -3.5]}
							}
						},
						{
							"origin": [2.29354, -0.76496, 2.95847],
							"size": [0.13573, 0.26575, 0.53026],
							"pivot": [2.46141, -0.12488, 3.2236],
							"rotation": [-60, 0, 0],
							"uv": {
								"north": {"uv": [70, 65], "uv_size": [0.5, 1]},
								"east": {"uv": [64, 60], "uv_size": [2.5, 1]},
								"south": {"uv": [66, 70], "uv_size": [0.5, 1]},
								"west": {"uv": [64, 61], "uv_size": [2.5, 1]},
								"up": {"uv": [36, 69], "uv_size": [0.5, 2.5]},
								"down": {"uv": [37, 71.5], "uv_size": [0.5, -2.5]}
							}
						},
						{
							"origin": [2.29354, -0.67453, 2.80184],
							"size": [0.13573, 1.28016, 0.36595],
							"uv": {
								"north": {"uv": [49, 64], "uv_size": [0.5, 5.5]},
								"east": {"uv": [51, 54], "uv_size": [1.5, 5.5]},
								"south": {"uv": [50, 64], "uv_size": [0.5, 5.5]},
								"west": {"uv": [53, 54], "uv_size": [1.5, 5.5]},
								"up": {"uv": [70, 51], "uv_size": [0.5, 1.5]},
								"down": {"uv": [52, 71.5], "uv_size": [0.5, -1.5]}
							}
						},
						{
							"origin": [-3.20715, -0.54594, 2.76255],
							"size": [0.13573, 1.04442, 0.47668],
							"uv": {
								"north": {"uv": [21, 72], "uv_size": [0.5, 4.5]},
								"east": {"uv": [72, 18], "uv_size": [2, 4.5]},
								"south": {"uv": [22, 72], "uv_size": [0.5, 4.5]},
								"west": {"uv": [19, 72], "uv_size": [2, 4.5]},
								"up": {"uv": [23, 72], "uv_size": [0.5, 2]},
								"down": {"uv": [72, 25], "uv_size": [0.5, -2]}
							}
						},
						{
							"origin": [2.29354, -0.21531, 2.53671],
							"size": [0.13573, 0.36172, 0.27023],
							"uv": {
								"north": {"uv": [50, 70], "uv_size": [0.5, 1.5]},
								"east": {"uv": [27, 68], "uv_size": [1, 1.5]},
								"south": {"uv": [51, 70], "uv_size": [0.5, 1.5]},
								"west": {"uv": [28, 68], "uv_size": [1, 1.5]},
								"up": {"uv": [70, 64], "uv_size": [0.5, 1]},
								"down": {"uv": [65, 71], "uv_size": [0.5, -1]}
							}
						},
						{
							"origin": [2.29354, -0.20915, 2.58352],
							"size": [0.13573, 0.53026, 0.30504],
							"pivot": [2.46141, 0.05598, 3.2236],
							"rotation": [-30, 0, 0],
							"uv": {
								"north": {"uv": [31, 69], "uv_size": [0.5, 2.5]},
								"east": {"uv": [2, 63], "uv_size": [1.5, 2.5]},
								"south": {"uv": [35, 69], "uv_size": [0.5, 2.5]},
								"west": {"uv": [4, 63], "uv_size": [1.5, 2.5]},
								"up": {"uv": [49, 70], "uv_size": [0.5, 1.5]},
								"down": {"uv": [70, 50.5], "uv_size": [0.5, -1.5]}
							}
						},
						{
							"origin": [2.29354, -0.20915, 3.08107],
							"size": [0.13573, 0.53026, 0.30504],
							"pivot": [2.46141, 0.05598, 2.74603],
							"rotation": [30, 0, 0],
							"uv": {
								"north": {"uv": [39, 69], "uv_size": [0.5, 2.5]},
								"east": {"uv": [6, 63], "uv_size": [1.5, 2.5]},
								"south": {"uv": [40, 69], "uv_size": [0.5, 2.5]},
								"west": {"uv": [8, 63], "uv_size": [1.5, 2.5]},
								"up": {"uv": [54, 70], "uv_size": [0.5, 1.5]},
								"down": {"uv": [55, 71.5], "uv_size": [0.5, -1.5]}
							}
						},
						{
							"origin": [2.29354, -0.21531, 3.1627],
							"size": [0.13573, 0.36172, 0.27023],
							"uv": {
								"north": {"uv": [53, 70], "uv_size": [0.5, 1.5]},
								"east": {"uv": [29, 68], "uv_size": [1, 1.5]},
								"south": {"uv": [70, 53], "uv_size": [0.5, 1.5]},
								"west": {"uv": [68, 29], "uv_size": [1, 1.5]},
								"up": {"uv": [70, 67], "uv_size": [0.5, 1]},
								"down": {"uv": [68, 71], "uv_size": [0.5, -1]}
							}
						},
						{
							"origin": [2.29354, -0.76496, 2.4809],
							"size": [0.13573, 0.26575, 0.53026],
							"pivot": [2.46141, -0.12488, 2.74603],
							"rotation": [60, 0, 0],
							"uv": {
								"north": {"uv": [70, 66], "uv_size": [0.5, 1]},
								"east": {"uv": [62, 64], "uv_size": [2.5, 1]},
								"south": {"uv": [67, 70], "uv_size": [0.5, 1]},
								"west": {"uv": [64, 62], "uv_size": [2.5, 1]},
								"up": {"uv": [69, 37], "uv_size": [0.5, 2.5]},
								"down": {"uv": [38, 71.5], "uv_size": [0.5, -2.5]}
							}
						},
						{
							"origin": [2.36872, 0.63289, 2.8026],
							"size": [0.61186, 0.1037, 0.37158],
							"pivot": [2.69917, 0.69693, 2.87268],
							"rotation": [0, 0, -40.75],
							"uv": {
								"north": {"uv": [69, 30], "uv_size": [2.5, 0.5]},
								"east": {"uv": [70, 39], "uv_size": [1.5, 0.5]},
								"south": {"uv": [69, 33], "uv_size": [2.5, 0.5]},
								"west": {"uv": [70, 55], "uv_size": [1.5, 0.5]},
								"up": {"uv": [62, 31], "uv_size": [2.5, 1.5]},
								"down": {"uv": [62, 36.5], "uv_size": [2.5, -1.5]}
							}
						},
						{
							"origin": [2.58352, 0.62547, 3.0812],
							"size": [0.42612, 0.05727, 0.20013],
							"pivot": [2.70371, 0.6541, 3.21342],
							"rotation": [-17.62367, -14.62132, -38.47133],
							"uv": {
								"north": {"uv": [70, 18], "uv_size": [2, 0.5]},
								"east": {"uv": [22, 71], "uv_size": [1, 0.5]},
								"south": {"uv": [70, 19], "uv_size": [2, 0.5]},
								"west": {"uv": [71, 22], "uv_size": [1, 0.5]},
								"up": {"uv": [65, 36], "uv_size": [2, 1]},
								"down": {"uv": [65, 50], "uv_size": [2, -1]}
							}
						},
						{
							"origin": [2.58352, -0.7552, 3.0812],
							"size": [0.42612, 0.05727, 0.20013],
							"pivot": [2.70371, -0.72657, 3.21342],
							"rotation": [17.62367, -14.62132, 38.47133],
							"uv": {
								"north": {"uv": [24, 70], "uv_size": [2, 0.5]},
								"east": {"uv": [24, 71], "uv_size": [1, 0.5]},
								"south": {"uv": [26, 70], "uv_size": [2, 0.5]},
								"west": {"uv": [71, 24], "uv_size": [1, 0.5]},
								"up": {"uv": [53, 65], "uv_size": [2, 1]},
								"down": {"uv": [55, 66], "uv_size": [2, -1]}
							}
						},
						{
							"origin": [2.561, 0.69381, 2.64449],
							"size": [0.42612, 0.05727, 0.22156],
							"pivot": [2.77406, 0.72244, 2.76599],
							"rotation": [17.62367, 14.62132, -38.47133],
							"uv": {
								"north": {"uv": [70, 20], "uv_size": [2, 0.5]},
								"east": {"uv": [23, 71], "uv_size": [1, 0.5]},
								"south": {"uv": [70, 21], "uv_size": [2, 0.5]},
								"west": {"uv": [71, 23], "uv_size": [1, 0.5]},
								"up": {"uv": [65, 50], "uv_size": [2, 1]},
								"down": {"uv": [51, 66], "uv_size": [2, -1]}
							}
						},
						{
							"origin": [2.561, -0.81997, 2.64449],
							"size": [0.42612, 0.05727, 0.22156],
							"pivot": [2.77406, -0.79133, 2.76599],
							"rotation": [-17.62367, 14.62132, 38.47133],
							"uv": {
								"north": {"uv": [70, 26], "uv_size": [2, 0.5]},
								"east": {"uv": [25, 71], "uv_size": [1, 0.5]},
								"south": {"uv": [28, 70], "uv_size": [2, 0.5]},
								"west": {"uv": [71, 25], "uv_size": [1, 0.5]},
								"up": {"uv": [57, 65], "uv_size": [2, 1]},
								"down": {"uv": [65, 58], "uv_size": [2, -1]}
							}
						},
						{
							"origin": [2.38463, -0.81855, 2.79902],
							"size": [0.61186, 0.1037, 0.37158],
							"pivot": [2.71509, -0.75451, 2.86911],
							"rotation": [0, 0, 40.75],
							"uv": {
								"north": {"uv": [69, 34], "uv_size": [2.5, 0.5]},
								"east": {"uv": [70, 56], "uv_size": [1.5, 0.5]},
								"south": {"uv": [69, 40], "uv_size": [2.5, 0.5]},
								"west": {"uv": [70, 57], "uv_size": [1.5, 0.5]},
								"up": {"uv": [62, 57], "uv_size": [2.5, 1.5]},
								"down": {"uv": [63, 1.5], "uv_size": [2.5, -1.5]}
							}
						},
						{
							"origin": [2.30778, -0.21667, 2.07565],
							"size": [0.73396, 0.37516, 0.27566],
							"pivot": [2.90607, -0.2474, 2.2162],
							"rotation": [0, 49.75, 0],
							"uv": {
								"north": {"uv": [60, 39], "uv_size": [3, 1.5]},
								"east": {"uv": [68, 38], "uv_size": [1, 1.5]},
								"south": {"uv": [51, 60], "uv_size": [3, 1.5]},
								"west": {"uv": [68, 40], "uv_size": [1, 1.5]},
								"up": {"uv": [44, 63], "uv_size": [3, 1]},
								"down": {"uv": [48, 64], "uv_size": [3, -1]}
							}
						},
						{
							"origin": [2.30778, -0.21667, 3.57903],
							"size": [0.73396, 0.37516, 0.27566],
							"pivot": [2.90607, -0.2474, 3.71414],
							"rotation": [0, -49.75, 0],
							"uv": {
								"north": {"uv": [0, 61], "uv_size": [3, 1.5]},
								"east": {"uv": [68, 42], "uv_size": [1, 1.5]},
								"south": {"uv": [6, 61], "uv_size": [3, 1.5]},
								"west": {"uv": [68, 44], "uv_size": [1, 1.5]},
								"up": {"uv": [64, 11], "uv_size": [3, 1]},
								"down": {"uv": [12, 65], "uv_size": [3, -1]}
							}
						},
						{
							"origin": [2.62356, 0.02134, 3.3873],
							"size": [0.67263, 0.52552, 0.18235],
							"pivot": [2.9736, 0.37577, 3.12906],
							"rotation": [53.577, -30.75944, -35.05235],
							"uv": {
								"north": {"uv": [55, 48], "uv_size": [3, 2.5]},
								"east": {"uv": [14, 65], "uv_size": [1, 2.5]},
								"south": {"uv": [55, 51], "uv_size": [3, 2.5]},
								"west": {"uv": [65, 19], "uv_size": [1, 2.5]},
								"up": {"uv": [64, 9], "uv_size": [3, 1]},
								"down": {"uv": [64, 11], "uv_size": [3, -1]}
							}
						},
						{
							"origin": [2.63427, -0.60861, 2.38926],
							"size": [0.67263, 0.52552, 0.18235],
							"pivot": [2.97717, -0.43037, 2.84772],
							"rotation": [53.577, 30.75944, 35.05235],
							"uv": {
								"north": {"uv": [56, 0], "uv_size": [3, 2.5]},
								"east": {"uv": [24, 65], "uv_size": [1, 2.5]},
								"south": {"uv": [3, 56], "uv_size": [3, 2.5]},
								"west": {"uv": [25, 65], "uv_size": [1, 2.5]},
								"up": {"uv": [64, 14], "uv_size": [3, 1]},
								"down": {"uv": [64, 16], "uv_size": [3, -1]}
							}
						},
						{
							"origin": [2.63427, -0.60861, 3.39445],
							"size": [0.67263, 0.52552, 0.18235],
							"pivot": [2.97717, -0.43037, 3.11834],
							"rotation": [-53.577, -30.75944, 35.05235],
							"uv": {
								"north": {"uv": [55, 54], "uv_size": [3, 2.5]},
								"east": {"uv": [23, 65], "uv_size": [1, 2.5]},
								"south": {"uv": [0, 56], "uv_size": [3, 2.5]},
								"west": {"uv": [65, 23], "uv_size": [1, 2.5]},
								"up": {"uv": [64, 12], "uv_size": [3, 1]},
								"down": {"uv": [64, 14], "uv_size": [3, -1]}
							}
						},
						{
							"origin": [2.62356, 0.02134, 2.3714],
							"size": [0.67263, 0.52552, 0.18235],
							"pivot": [2.9736, 0.37577, 2.812],
							"rotation": [-53.577, 30.75944, -35.05235],
							"uv": {
								"north": {"uv": [38, 55], "uv_size": [3, 2.5]},
								"east": {"uv": [12, 65], "uv_size": [1, 2.5]},
								"south": {"uv": [41, 55], "uv_size": [3, 2.5]},
								"west": {"uv": [13, 65], "uv_size": [1, 2.5]},
								"up": {"uv": [59, 63], "uv_size": [3, 1]},
								"down": {"uv": [64, 3], "uv_size": [3, -1]}
							}
						},
						{
							"origin": [2.39038, -0.03365, 2.37545],
							"size": [0.67263, 0.36836, 0.18235],
							"pivot": [2.7267, 0.25769, 2.46663],
							"rotation": [-37.30671, 38.66195, -25.72318],
							"uv": {
								"north": {"uv": [23, 61], "uv_size": [3, 1.5]},
								"east": {"uv": [9, 69], "uv_size": [1, 1.5]},
								"south": {"uv": [28, 61], "uv_size": [3, 1.5]},
								"west": {"uv": [69, 12], "uv_size": [1, 1.5]},
								"up": {"uv": [64, 51], "uv_size": [3, 1]},
								"down": {"uv": [64, 53], "uv_size": [3, -1]}
							}
						},
						{
							"origin": [2.39038, -0.39647, 2.37545],
							"size": [0.67263, 0.36836, 0.18235],
							"pivot": [2.7267, -0.31944, 2.46663],
							"rotation": [37.30671, 38.66195, 25.72318],
							"uv": {
								"north": {"uv": [61, 59], "uv_size": [3, 1.5]},
								"east": {"uv": [20, 69], "uv_size": [1, 1.5]},
								"south": {"uv": [62, 19], "uv_size": [3, 1.5]},
								"west": {"uv": [21, 69], "uv_size": [1, 1.5]},
								"up": {"uv": [64, 55], "uv_size": [3, 1]},
								"down": {"uv": [64, 57], "uv_size": [3, -1]}
							}
						},
						{
							"origin": [2.39038, -0.39647, 3.40468],
							"size": [0.67263, 0.36836, 0.18235],
							"pivot": [2.7267, -0.31944, 3.49586],
							"rotation": [-37.30671, -38.66195, 25.72318],
							"uv": {
								"north": {"uv": [62, 23], "uv_size": [3, 1.5]},
								"east": {"uv": [22, 69], "uv_size": [1, 1.5]},
								"south": {"uv": [62, 25], "uv_size": [3, 1.5]},
								"west": {"uv": [23, 69], "uv_size": [1, 1.5]},
								"up": {"uv": [59, 64], "uv_size": [3, 1]},
								"down": {"uv": [64, 60], "uv_size": [3, -1]}
							}
						},
						{
							"origin": [2.39038, -0.03365, 3.41183],
							"size": [0.67263, 0.36836, 0.18235],
							"pivot": [2.7267, 0.25769, 3.503],
							"rotation": [37.30671, -38.66195, -25.72318],
							"uv": {
								"north": {"uv": [44, 61], "uv_size": [3, 1.5]},
								"east": {"uv": [69, 17], "uv_size": [1, 1.5]},
								"south": {"uv": [59, 61], "uv_size": [3, 1.5]},
								"west": {"uv": [18, 69], "uv_size": [1, 1.5]},
								"up": {"uv": [64, 53], "uv_size": [3, 1]},
								"down": {"uv": [64, 55], "uv_size": [3, -1]}
							}
						},
						{
							"origin": [3.02577, -0.3702, 2.78787],
							"size": [0.2286, 0.6858, 0.34745],
							"uv": {
								"north": {"uv": [48, 64], "uv_size": [1, 3]},
								"east": {"uv": [40, 60], "uv_size": [1.5, 3]},
								"south": {"uv": [64, 48], "uv_size": [1, 3]},
								"west": {"uv": [12, 61], "uv_size": [1.5, 3]},
								"up": {"uv": [47, 68], "uv_size": [1, 1.5]},
								"down": {"uv": [48, 69.5], "uv_size": [1, -1.5]}
							}
						},
						{
							"origin": [3.02577, -0.3702, 2.78535],
							"size": [0.2286, 0.73062, 0.23799],
							"pivot": [3.14007, -0.08445, 2.90624],
							"rotation": [-45, 0, 0],
							"uv": {
								"north": {"uv": [44, 64], "uv_size": [1, 3]},
								"east": {"uv": [45, 64], "uv_size": [1, 3]},
								"south": {"uv": [64, 45], "uv_size": [1, 3]},
								"west": {"uv": [46, 64], "uv_size": [1, 3]},
								"up": {"uv": [69, 49], "uv_size": [1, 1]},
								"down": {"uv": [69, 51], "uv_size": [1, -1]}
							}
						},
						{
							"origin": [3.02577, -0.20103, 2.62049],
							"size": [0.2286, 0.34924, 0.68401],
							"uv": {
								"north": {"uv": [46, 68], "uv_size": [1, 1.5]},
								"east": {"uv": [9, 61], "uv_size": [3, 1.5]},
								"south": {"uv": [68, 46], "uv_size": [1, 1.5]},
								"west": {"uv": [16, 61], "uv_size": [3, 1.5]},
								"up": {"uv": [30, 64], "uv_size": [1, 3]},
								"down": {"uv": [64, 45], "uv_size": [1, -3]}
							}
						},
						{
							"origin": [3.02577, -0.09104, 2.62049],
							"size": [0.2286, 0.23925, 0.73062],
							"pivot": [3.14007, 0.02985, 2.90624],
							"rotation": [-45, 0, 0],
							"uv": {
								"north": {"uv": [41, 69], "uv_size": [1, 1]},
								"east": {"uv": [64, 16], "uv_size": [3, 1]},
								"south": {"uv": [69, 47], "uv_size": [1, 1]},
								"west": {"uv": [23, 64], "uv_size": [3, 1]},
								"up": {"uv": [28, 64], "uv_size": [1, 3]},
								"down": {"uv": [29, 67], "uv_size": [1, -3]}
							}
						}
					]
				},
				{
					"name": "bone7",
					"parent": "knife",
					"pivot": [-4.67876, -3.03125, 3.37415],
					"cubes": [
						{
							"origin": [-5.86463, 0.15502, 2.90624],
							"size": [0.53578, 0.50705, 0.18574],
							"uv": {
								"north": {"uv": [23, 59], "uv_size": [2.5, 2]},
								"east": {"uv": [23, 50], "uv_size": [1, 2]},
								"south": {"uv": [59, 23], "uv_size": [2.5, 2]},
								"west": {"uv": [3, 61], "uv_size": [1, 2]},
								"up": {"uv": [64, 63], "uv_size": [2.5, 1]},
								"down": {"uv": [65, 27], "uv_size": [2.5, -1]}
							}
						},
						{
							"origin": [-8.82545, -1.09501, 2.94553],
							"size": [3.50732, 0.71766, 0.10716],
							"uv": {
								"north": {"uv": [0, 14], "uv_size": [15.5, 3]},
								"east": {"uv": [57, 68], "uv_size": [0.5, 3]},
								"south": {"uv": [16, 14], "uv_size": [15.5, 3]},
								"west": {"uv": [58, 68], "uv_size": [0.5, 3]},
								"up": {"uv": [52, 38], "uv_size": [15.5, 0.5]},
								"down": {"uv": [55, 6.5], "uv_size": [15.5, -0.5]}
							}
						},
						{
							"origin": [-9.41402, -1.05057, 2.94553],
							"size": [0.60856, 0.65179, 0.10716],
							"pivot": [-9.06324, -0.96135, 2.9991],
							"rotation": [0, 0, 10.25],
							"uv": {
								"north": {"uv": [6, 56], "uv_size": [2.5, 3]},
								"east": {"uv": [68, 59], "uv_size": [0.5, 3]},
								"south": {"uv": [56, 7], "uv_size": [2.5, 3]},
								"west": {"uv": [60, 68], "uv_size": [0.5, 3]},
								"up": {"uv": [69, 41], "uv_size": [2.5, 0.5]},
								"down": {"uv": [69, 42.5], "uv_size": [2.5, -0.5]}
							}
						},
						{
							"origin": [-10.1866, -0.89656, 2.94553],
							"size": [0.78873, 0.65139, 0.10716],
							"pivot": [-9.8312, -0.81847, 2.9991],
							"rotation": [0, 0, 12.25],
							"uv": {
								"north": {"uv": [42, 50], "uv_size": [3.5, 3]},
								"east": {"uv": [61, 68], "uv_size": [0.5, 3]},
								"south": {"uv": [50, 45], "uv_size": [3.5, 3]},
								"west": {"uv": [62, 68], "uv_size": [0.5, 3]},
								"up": {"uv": [65, 58], "uv_size": [3.5, 0.5]},
								"down": {"uv": [59, 65.5], "uv_size": [3.5, -0.5]}
							}
						},
						{
							"origin": [-10.94026, -0.62015, 2.94553],
							"size": [0.83722, 0.63339, 0.10716],
							"pivot": [-10.58486, -0.51844, 2.9991],
							"rotation": [0, 0, 25.75],
							"uv": {
								"north": {"uv": [4, 51], "uv_size": [3.5, 3]},
								"east": {"uv": [68, 66], "uv_size": [0.5, 3]},
								"south": {"uv": [51, 4], "uv_size": [3.5, 3]},
								"west": {"uv": [3, 69], "uv_size": [0.5, 3]},
								"up": {"uv": [63, 65], "uv_size": [3.5, 0.5]},
								"down": {"uv": [65, 64.5], "uv_size": [3.5, -0.5]}
							}
						},
						{
							"origin": [-11.40453, -0.20035, 2.9456],
							"size": [0.62635, 0.73743, 0.107],
							"inflate": 0.0001,
							"pivot": [-11.25637, -0.06481, 2.9991],
							"rotation": [0, 0, 36],
							"uv": {
								"north": {"uv": [9, 56], "uv_size": [2.5, 3]},
								"east": {"uv": [4, 69], "uv_size": [0.5, 3]},
								"south": {"uv": [12, 56], "uv_size": [2.5, 3]},
								"west": {"uv": [5, 69], "uv_size": [0.5, 3]},
								"up": {"uv": [69, 43], "uv_size": [2.5, 0.5]},
								"down": {"uv": [69, 44.5], "uv_size": [2.5, -0.5]}
							}
						},
						{
							"origin": [-11.50462, 0.2432, 2.94553],
							"size": [0.38905, 0.25456, 0.10716],
							"uv": {
								"north": {"uv": [68, 51], "uv_size": [1.5, 1]},
								"east": {"uv": [70, 12], "uv_size": [1, 1]},
								"south": {"uv": [68, 55], "uv_size": [1.5, 1]},
								"west": {"uv": [70, 13], "uv_size": [1, 1]},
								"up": {"uv": [69, 3], "uv_size": [1.5, 1]},
								"down": {"uv": [6, 70], "uv_size": [1.5, -1]}
							}
						},
						{
							"origin": [-11.80658, 0.2432, 2.94553],
							"size": [0.20195, 0.301, 0.10716],
							"uv": {
								"north": {"uv": [65, 39], "uv_size": [1.5, 1.5]},
								"east": {"uv": [69, 7], "uv_size": [1, 1.5]},
								"south": {"uv": [65, 41], "uv_size": [1.5, 1.5]},
								"west": {"uv": [8, 69], "uv_size": [1, 1.5]},
								"up": {"uv": [69, 9], "uv_size": [1.5, 1]},
								"down": {"uv": [69, 12], "uv_size": [1.5, -1]}
							}
						},
						{
							"origin": [-11.99039, 0.47227, 2.94553],
							"size": [0.22973, 0.15765, 0.10716],
							"pivot": [-12.00769, 0.54038, 2.9991],
							"rotation": [0, 0, 21.5],
							"uv": {
								"north": {"uv": [71, 11], "uv_size": [1, 0.5]},
								"east": {"uv": [12, 71], "uv_size": [1, 0.5]},
								"south": {"uv": [71, 12], "uv_size": [1, 0.5]},
								"west": {"uv": [13, 71], "uv_size": [1, 0.5]},
								"up": {"uv": [17, 70], "uv_size": [1, 1]},
								"down": {"uv": [70, 18], "uv_size": [1, -1]}
							}
						},
						{
							"origin": [-11.79751, 0.13493, 2.94553],
							"size": [0.51935, 0.41284, 0.10716],
							"pivot": [-11.64928, 0.24952, 2.9991],
							"rotation": [0, 0, 43],
							"uv": {
								"north": {"uv": [16, 59], "uv_size": [2.5, 2]},
								"east": {"uv": [70, 37], "uv_size": [0.5, 2]},
								"south": {"uv": [59, 19], "uv_size": [2.5, 2]},
								"west": {"uv": [41, 70], "uv_size": [0.5, 2]},
								"up": {"uv": [69, 45], "uv_size": [2.5, 0.5]},
								"down": {"uv": [69, 46.5], "uv_size": [2.5, -0.5]}
							}
						},
						{
							"origin": [-12.02164, 0.54717, 2.94553],
							"size": [0.40627, 0.10419, 0.10716],
							"pivot": [-12.03861, 0.65314, 2.9991],
							"rotation": [0, 0, 48.25],
							"uv": {
								"north": {"uv": [15, 70], "uv_size": [2, 0.5]},
								"east": {"uv": [71, 10], "uv_size": [1, 0.5]},
								"south": {"uv": [70, 16], "uv_size": [2, 0.5]},
								"west": {"uv": [11, 71], "uv_size": [1, 0.5]},
								"up": {"uv": [18, 49], "uv_size": [2, 1]},
								"down": {"uv": [44, 54], "uv_size": [2, -1]}
							}
						},
						{
							"origin": [-12.12522, 0.54609, 2.94553],
							"size": [0.10857, 0.02668, 0.10716],
							"pivot": [-12.03861, 0.65314, 2.9991],
							"rotation": [0, 0, 43.25],
							"uv": {
								"north": {"uv": [71, 68], "uv_size": [0.5, 0.5]},
								"east": {"uv": [18, 71], "uv_size": [1, 0.5]},
								"south": {"uv": [69, 71], "uv_size": [0.5, 0.5]},
								"west": {"uv": [19, 71], "uv_size": [1, 0.5]},
								"up": {"uv": [20, 71], "uv_size": [0.5, 1]},
								"down": {"uv": [21, 72], "uv_size": [0.5, -1]}
							}
						},
						{
							"origin": [-8.94503, 0.34433, 2.90624],
							"size": [3.11496, 0.27968, 0.18574],
							"pivot": [-6.36021, 0.17736, 2.9991],
							"rotation": [0, 0, -4.25],
							"uv": {
								"north": {"uv": [42, 33], "uv_size": [13.5, 1]},
								"east": {"uv": [6, 70], "uv_size": [1, 1]},
								"south": {"uv": [42, 34], "uv_size": [13.5, 1]},
								"west": {"uv": [7, 70], "uv_size": [1, 1]},
								"up": {"uv": [46, 39], "uv_size": [13.5, 1]},
								"down": {"uv": [46, 41], "uv_size": [13.5, -1]}
							}
						},
						{
							"origin": [-8.94495, 0.1551, 2.90631],
							"size": [3.1148, 0.24023, 0.18558],
							"inflate": 0.0001,
							"uv": {
								"north": {"uv": [46, 41], "uv_size": [13.5, 1]},
								"east": {"uv": [70, 35], "uv_size": [1, 1]},
								"south": {"uv": [48, 42], "uv_size": [13.5, 1]},
								"west": {"uv": [70, 36], "uv_size": [1, 1]},
								"up": {"uv": [48, 43], "uv_size": [13.5, 1]},
								"down": {"uv": [48, 45], "uv_size": [13.5, -1]}
							}
						},
						{
							"origin": [-8.94503, -0.44505, 2.93124],
							"size": [3.74361, 0.80117, 0.12859],
							"uv": {
								"north": {"uv": [0, 6], "uv_size": [16.5, 3.5]},
								"east": {"uv": [38, 65], "uv_size": [0.5, 3.5]},
								"south": {"uv": [0, 10], "uv_size": [16.5, 3.5]},
								"west": {"uv": [0, 66], "uv_size": [0.5, 3.5]},
								"up": {"uv": [51, 22], "uv_size": [16.5, 0.5]},
								"down": {"uv": [52, 3.5], "uv_size": [16.5, -0.5]}
							}
						},
						{
							"origin": [-10.02016, 0.15502, 2.90624],
							"size": [1.07513, 0.2762, 0.18574],
							"uv": {
								"north": {"uv": [59, 9], "uv_size": [4.5, 1]},
								"east": {"uv": [70, 7], "uv_size": [1, 1]},
								"south": {"uv": [60, 21], "uv_size": [4.5, 1]},
								"west": {"uv": [70, 8], "uv_size": [1, 1]},
								"up": {"uv": [60, 41], "uv_size": [4.5, 1]},
								"down": {"uv": [61, 18], "uv_size": [4.5, -1]}
							}
						},
						{
							"origin": [-10.64524, -0.44505, 2.93481],
							"size": [1.70021, 0.80117, 0.12502],
							"uv": {
								"north": {"uv": [24, 0], "uv_size": [7.5, 3.5]},
								"east": {"uv": [1, 66], "uv_size": [0.5, 3.5]},
								"south": {"uv": [29, 23], "uv_size": [7.5, 3.5]},
								"west": {"uv": [2, 66], "uv_size": [0.5, 3.5]},
								"up": {"uv": [63, 4], "uv_size": [7.5, 0.5]},
								"down": {"uv": [63, 5.5], "uv_size": [7.5, -0.5]}
							}
						},
						{
							"origin": [-10.63809, 0.18406, 2.90624],
							"size": [0.60238, 0.27535, 0.18574],
							"pivot": [-10.39749, -0.02834, 2.9991],
							"rotation": [0, 0, 4.5],
							"uv": {
								"north": {"uv": [55, 21], "uv_size": [5, 1]},
								"east": {"uv": [10, 70], "uv_size": [1, 1]},
								"south": {"uv": [58, 16], "uv_size": [5, 1]},
								"west": {"uv": [11, 70], "uv_size": [1, 1]},
								"up": {"uv": [58, 37], "uv_size": [5, 1]},
								"down": {"uv": [59, 3], "uv_size": [5, -1]}
							}
						},
						{
							"origin": [-11.02735, 0.29844, 2.90631],
							"size": [0.38918, 0.16089, 0.18558],
							"inflate": 0.0001,
							"pivot": [-10.39749, -0.02834, 2.9991],
							"rotation": [0, 0, 4.5],
							"uv": {
								"north": {"uv": [72, 11], "uv_size": [1.5, 0.5]},
								"east": {"uv": [72, 14], "uv_size": [1, 0.5]},
								"south": {"uv": [72, 12], "uv_size": [1.5, 0.5]},
								"west": {"uv": [15, 72], "uv_size": [1, 0.5]},
								"up": {"uv": [9, 72], "uv_size": [1.5, 1]},
								"down": {"uv": [72, 10], "uv_size": [1.5, -1]}
							}
						},
						{
							"origin": [-11.2272, 0.30489, 2.90624],
							"size": [0.62472, 0.11367, 0.18574],
							"pivot": [-10.90629, 0.30589, 2.9991],
							"rotation": [0, 0, 19.75],
							"uv": {
								"north": {"uv": [72, 3], "uv_size": [2.5, 0.5]},
								"east": {"uv": [6, 72], "uv_size": [1, 0.5]},
								"south": {"uv": [72, 4], "uv_size": [2.5, 0.5]},
								"west": {"uv": [72, 6], "uv_size": [1, 0.5]},
								"up": {"uv": [2, 72], "uv_size": [2.5, 1]},
								"down": {"uv": [72, 3], "uv_size": [2.5, -1]}
							}
						},
						{
							"origin": [-11.40892, 0.358, 2.90624],
							"size": [0.17247, 0.06056, 0.18574],
							"pivot": [-11.06346, 0.30589, 2.9991],
							"rotation": [0, 0, 19.75],
							"uv": {
								"north": {"uv": [72, 16], "uv_size": [1, 0.5]},
								"east": {"uv": [17, 72], "uv_size": [1, 0.5]},
								"south": {"uv": [72, 17], "uv_size": [1, 0.5]},
								"west": {"uv": [18, 72], "uv_size": [1, 0.5]},
								"up": {"uv": [1, 72], "uv_size": [1, 1]},
								"down": {"uv": [72, 2], "uv_size": [1, -1]}
							}
						},
						{
							"origin": [-11.36764, 0.44973, 2.90624],
							"size": [0.38084, 0.07888, 0.18574],
							"pivot": [-11.1761, 0.49023, 2.9991],
							"rotation": [0, 0, 6.5],
							"uv": {
								"north": {"uv": [13, 72], "uv_size": [1.5, 0.5]},
								"east": {"uv": [72, 15], "uv_size": [1, 0.5]},
								"south": {"uv": [72, 13], "uv_size": [1.5, 0.5]},
								"west": {"uv": [16, 72], "uv_size": [1, 0.5]},
								"up": {"uv": [72, 10], "uv_size": [1.5, 1]},
								"down": {"uv": [11, 73], "uv_size": [1.5, -1]}
							}
						},
						{
							"origin": [-12.11313, 0.53166, 2.94553],
							"size": [0.75021, 0.06982, 0.10716],
							"pivot": [-11.73975, 0.56676, 2.9991],
							"rotation": [0, 0, 7.9],
							"uv": {
								"north": {"uv": [33, 65], "uv_size": [4.5, 0.5]},
								"east": {"uv": [71, 9], "uv_size": [1, 0.5]},
								"south": {"uv": [65, 35], "uv_size": [4.5, 0.5]},
								"west": {"uv": [10, 71], "uv_size": [1, 0.5]},
								"up": {"uv": [61, 18], "uv_size": [4.5, 1]},
								"down": {"uv": [54, 62], "uv_size": [4.5, -1]}
							}
						},
						{
							"origin": [-11.45966, 0.52444, 2.90624],
							"size": [0.03231, 0.01809, 0.18574],
							"pivot": [-11.33929, 0.06435, 2.9991],
							"rotation": [0, 0, 7.75],
							"uv": {
								"north": {"uv": [0, 72], "uv_size": [0.5, 0.5]},
								"east": {"uv": [71, 69], "uv_size": [1, 0.5]},
								"south": {"uv": [72, 0], "uv_size": [0.5, 0.5]},
								"west": {"uv": [70, 71], "uv_size": [1, 0.5]},
								"up": {"uv": [71, 70], "uv_size": [0.5, 1]},
								"down": {"uv": [71, 72], "uv_size": [0.5, -1]}
							}
						},
						{
							"origin": [-11.39059, 0.46497, 2.90624],
							"size": [0.03703, 0.06964, 0.18574],
							"pivot": [-11.39843, 0.51994, 2.9991],
							"rotation": [0, 0, -21.5],
							"uv": {
								"north": {"uv": [8, 72], "uv_size": [0.5, 0.5]},
								"east": {"uv": [5, 72], "uv_size": [1, 0.5]},
								"south": {"uv": [72, 8], "uv_size": [0.5, 0.5]},
								"west": {"uv": [72, 5], "uv_size": [1, 0.5]},
								"up": {"uv": [7, 72], "uv_size": [0.5, 1]},
								"down": {"uv": [72, 8], "uv_size": [0.5, -1]}
							}
						},
						{
							"origin": [-12.1449, 0.60962, 2.94553],
							"size": [0.03843, 0.04428, 0.10716],
							"pivot": [-12.13318, 0.62151, 2.9991],
							"rotation": [0, 0, 3],
							"uv": {
								"north": {"uv": [71, 66], "uv_size": [0.5, 0.5]},
								"east": {"uv": [71, 13], "uv_size": [1, 0.5]},
								"south": {"uv": [67, 71], "uv_size": [0.5, 0.5]},
								"west": {"uv": [14, 71], "uv_size": [1, 0.5]},
								"up": {"uv": [71, 14], "uv_size": [0.5, 1]},
								"down": {"uv": [15, 72], "uv_size": [0.5, -1]}
							}
						},
						{
							"origin": [-12.17571, 0.6338, 2.94553],
							"size": [0.03076, 0.02161, 0.10716],
							"pivot": [-12.16176, 0.62151, 2.9991],
							"rotation": [0, 0, 3],
							"uv": {
								"north": {"uv": [71, 67], "uv_size": [0.5, 0.5]},
								"east": {"uv": [71, 15], "uv_size": [1, 0.5]},
								"south": {"uv": [68, 71], "uv_size": [0.5, 0.5]},
								"west": {"uv": [16, 71], "uv_size": [1, 0.5]},
								"up": {"uv": [17, 71], "uv_size": [0.5, 1]},
								"down": {"uv": [71, 18], "uv_size": [0.5, -1]}
							}
						}
					]
				},
				{
					"name": "bone8",
					"parent": "knife",
					"pivot": [-4.67876, -3.03125, 3.37415],
					"cubes": [
						{
							"origin": [-4.98952, -0.51665, 2.90624],
							"size": [1.41446, 0.04644, 0.18574],
							"uv": {
								"north": {"uv": [72, 28], "uv_size": [6, 0.5]},
								"east": {"uv": [52, 69], "uv_size": [1, 0.5]},
								"south": {"uv": [72, 29], "uv_size": [6, 0.5]},
								"west": {"uv": [53, 69], "uv_size": [1, 0.5]},
								"up": {"uv": [72, 27], "uv_size": [6, 1]},
								"down": {"uv": [28, 73], "uv_size": [6, -1]}
							}
						},
						{
							"origin": [-4.98952, -0.47021, 2.90624],
							"size": [1.41446, 1.13229, 0.18574],
							"uv": {
								"north": {"uv": [72, 30], "uv_size": [6, 5]},
								"east": {"uv": [72, 37], "uv_size": [1, 5]},
								"south": {"uv": [34, 72], "uv_size": [6, 5]},
								"west": {"uv": [40, 72], "uv_size": [1, 5]},
								"up": {"uv": [72, 35], "uv_size": [6, 1]},
								"down": {"uv": [72, 37], "uv_size": [6, -1]}
							}
						},
						{
							"origin": [-5.32885, -1.09886, 2.90624],
							"size": [0.33933, 1.76094, 0.18574],
							"uv": {
								"north": {"uv": [34, 50], "uv_size": [1.5, 7.5]},
								"east": {"uv": [20, 55], "uv_size": [1, 7.5]},
								"south": {"uv": [36, 50], "uv_size": [1.5, 7.5]},
								"west": {"uv": [21, 55], "uv_size": [1, 7.5]},
								"up": {"uv": [69, 27], "uv_size": [1.5, 1]},
								"down": {"uv": [69, 30], "uv_size": [1.5, -1]}
							}
						},
						{
							"origin": [-4.82514, -0.61301, 2.90631],
							"size": [0.25702, 0.20344, 0.18558],
							"inflate": 0.0001,
							"pivot": [-4.66448, -0.52379, 2.9991],
							"rotation": [0, 0, -33],
							"uv": {
								"north": {"uv": [69, 53], "uv_size": [1, 1]},
								"east": {"uv": [69, 54], "uv_size": [1, 1]},
								"south": {"uv": [69, 58], "uv_size": [1, 1]},
								"west": {"uv": [69, 59], "uv_size": [1, 1]},
								"up": {"uv": [69, 60], "uv_size": [1, 1]},
								"down": {"uv": [69, 62], "uv_size": [1, -1]}
							}
						},
						{
							"origin": [-4.98942, -0.73089, 2.90631],
							"size": [0.18556, 0.21771, 0.18556],
							"inflate": 0.0001,
							"uv": {
								"north": {"uv": [68, 49], "uv_size": [1, 1]},
								"east": {"uv": [68, 50], "uv_size": [1, 1]},
								"south": {"uv": [52, 68], "uv_size": [1, 1]},
								"west": {"uv": [53, 68], "uv_size": [1, 1]},
								"up": {"uv": [68, 53], "uv_size": [1, 1]},
								"down": {"uv": [68, 55], "uv_size": [1, -1]}
							}
						},
						{
							"origin": [-4.99233, -0.76065, 2.90639],
							"size": [0.26044, 0.11042, 0.18543],
							"inflate": 0.0002,
							"pivot": [-4.84604, -0.66793, 2.9991],
							"rotation": [0, 0, -45],
							"uv": {
								"north": {"uv": [72, 25], "uv_size": [1, 0.5]},
								"east": {"uv": [26, 72], "uv_size": [1, 0.5]},
								"south": {"uv": [72, 26], "uv_size": [1, 0.5]},
								"west": {"uv": [27, 72], "uv_size": [1, 0.5]},
								"up": {"uv": [24, 72], "uv_size": [1, 1]},
								"down": {"uv": [25, 73], "uv_size": [1, -1]}
							}
						},
						{
							"origin": [-5.06842, -0.91086, 2.90647],
							"size": [0.20671, 0.17813, 0.18527],
							"inflate": 0.0003,
							"pivot": [-4.98292, -0.75571, 2.9991],
							"rotation": [0, 0, -56.5],
							"uv": {
								"north": {"uv": [69, 67], "uv_size": [1, 1]},
								"east": {"uv": [68, 69], "uv_size": [1, 1]},
								"south": {"uv": [69, 68], "uv_size": [1, 1]},
								"west": {"uv": [69, 69], "uv_size": [1, 1]},
								"up": {"uv": [0, 70], "uv_size": [1, 1]},
								"down": {"uv": [70, 1], "uv_size": [1, -1]}
							}
						},
						{
							"origin": [-5.12215, -1.07175, 2.90631],
							"size": [0.16415, 0.12129, 0.18558],
							"inflate": 0.0001,
							"pivot": [-5.0615, -0.91645, 2.9991],
							"rotation": [0, 0, -70.75],
							"uv": {
								"north": {"uv": [71, 64], "uv_size": [0.5, 0.5]},
								"east": {"uv": [0, 71], "uv_size": [1, 0.5]},
								"south": {"uv": [65, 71], "uv_size": [0.5, 0.5]},
								"west": {"uv": [71, 0], "uv_size": [1, 0.5]},
								"up": {"uv": [1, 71], "uv_size": [0.5, 1]},
								"down": {"uv": [71, 2], "uv_size": [0.5, -1]}
							}
						},
						{
							"origin": [-4.90427, -1.13013, 2.90631],
							"size": [0.09654, 0.05823, 0.18558],
							"inflate": 0.0001,
							"pivot": [-4.88291, -1.0236, 2.9991],
							"rotation": [0, 0, 90],
							"uv": {
								"north": {"uv": [71, 65], "uv_size": [0.5, 0.5]},
								"east": {"uv": [2, 71], "uv_size": [1, 0.5]},
								"south": {"uv": [66, 71], "uv_size": [0.5, 0.5]},
								"west": {"uv": [71, 2], "uv_size": [1, 0.5]},
								"up": {"uv": [71, 3], "uv_size": [0.5, 1]},
								"down": {"uv": [71, 5], "uv_size": [0.5, -1]}
							}
						},
						{
							"origin": [-4.64654, -0.54157, 2.90631],
							"size": [0.24273, 0.04271, 0.18558],
							"inflate": 0.0001,
							"pivot": [-4.50017, -0.45236, 2.9991],
							"rotation": [0, 0, -15.25],
							"uv": {
								"north": {"uv": [70, 68], "uv_size": [1, 0.5]},
								"east": {"uv": [69, 70], "uv_size": [1, 0.5]},
								"south": {"uv": [70, 69], "uv_size": [1, 0.5]},
								"west": {"uv": [70, 70], "uv_size": [1, 0.5]},
								"up": {"uv": [63, 69], "uv_size": [1, 1]},
								"down": {"uv": [64, 70], "uv_size": [1, -1]}
							}
						},
						{
							"origin": [-4.0455, -0.61469, 2.90639],
							"size": [0.24258, 0.09613, 0.18543],
							"inflate": 0.0002,
							"pivot": [-3.92421, -0.59341, 2.9991],
							"rotation": [0, 0, 31.75],
							"uv": {
								"north": {"uv": [71, 7], "uv_size": [1, 0.5]},
								"east": {"uv": [8, 71], "uv_size": [1, 0.5]},
								"south": {"uv": [71, 8], "uv_size": [1, 0.5]},
								"west": {"uv": [9, 71], "uv_size": [1, 0.5]},
								"up": {"uv": [2, 70], "uv_size": [1, 1]},
								"down": {"uv": [70, 3], "uv_size": [1, -1]}
							}
						},
						{
							"origin": [-4.00986, -0.71835, 2.90631],
							"size": [0.49276, 0.2856, 0.18558],
							"inflate": 0.0001,
							"pivot": [-3.77777, -0.69699, 2.9991],
							"rotation": [0, 0, 40],
							"uv": {
								"north": {"uv": [17, 8], "uv_size": [2, 1.5]},
								"east": {"uv": [6, 19], "uv_size": [1, 1.5]},
								"south": {"uv": [17, 10], "uv_size": [2, 1.5]},
								"west": {"uv": [7, 19], "uv_size": [1, 1.5]},
								"up": {"uv": [17, 12], "uv_size": [2, 1]},
								"down": {"uv": [17, 14], "uv_size": [2, -1]}
							}
						},
						{
							"origin": [-4.16791, -0.54157, 2.90631],
							"size": [0.1963, 0.04271, 0.18558],
							"inflate": 0.0001,
							"pivot": [-4.06797, -0.45236, 2.9991],
							"rotation": [0, 0, 15.25],
							"uv": {
								"north": {"uv": [71, 5], "uv_size": [1, 0.5]},
								"east": {"uv": [6, 71], "uv_size": [1, 0.5]},
								"south": {"uv": [71, 6], "uv_size": [1, 0.5]},
								"west": {"uv": [7, 71], "uv_size": [1, 0.5]},
								"up": {"uv": [1, 70], "uv_size": [1, 1]},
								"down": {"uv": [70, 2], "uv_size": [1, -1]}
							}
						}
					]
				},
				{
					"name": "lefthand",
					"parent": "root",
					"pivot": [-15, 15.66167, -0.15865]
				},
				{
					"name": "lefthand_pos",
					"parent": "lefthand",
					"pivot": [-9.5, 7.97416, -0.15865],
					"cubes": [
						{
							"origin": [-16.5, 7.97416, -2.15865],
							"size": [3, 12, 4],
							"uv": {
								"north": {"uv": [0, 0], "uv_size": [4, 12]},
								"east": {"uv": [4, 0], "uv_size": [4, 12]},
								"south": {"uv": [8, 0], "uv_size": [4, 12]},
								"west": {"uv": [0, 12], "uv_size": [4, 12]},
								"up": {"uv": [12, 0], "uv_size": [4, 4]},
								"down": {"uv": [4, 16], "uv_size": [4, -4]}
							}
						}
					]
				},
				{
					"name": "positioning",
					"pivot": [0, 0, -8]
				},
				{
					"name": "thirdperson_hand",
					"parent": "positioning",
					"pivot": [-1.98437, -0.5, 2.76563],
					"rotation": [-97.66208, 62.13345, -174.07285]
				},
				{
					"name": "ground",
					"parent": "positioning",
					"pivot": [-0.85937, -2.34375, 3]
				},
				{
					"name": "fixed",
					"parent": "positioning",
					"pivot": [-4, 0, 3]
				},
				{
					"name": "refit_view",
					"pivot": [21.20313, 10.2, 1.15],
					"rotation": [0, 90, 0]
				},
				{
					"name": "idle_view",
					"pivot": [0, 13.56251, 13.84375]
				},
				{
					"name": "iron_view",
					"pivot": [0, 13.56251, 13.84375]
				}
			]
		}
	]
}